MBDBG oob bfd=testsuites/sptests/sp69/init.c.740.o relaxsec=.text.Init victimsec=.text.__getreent rtype=5 symidx=81 sh_info=75 addend=0x18 oob_shndx=0 oob_type=0 shndx=5 fixup=0
MBDBG oob bfd=consolesimple.c.59.o relaxsec=.text._Console_simple_Write victimsec=.text._Console_simple_Initialize rtype=3 symidx=27 sh_info=25 addend=0x0 oob_shndx=2 oob_type=3 shndx=4 fixup=0
MBDBG oob bfd=consolesimple.c.59.o relaxsec=.text._Console_simple_Initialize victimsec=.text._Console_simple_Write rtype=4 symidx=25 sh_info=25 addend=0x0 oob_shndx=0 oob_type=0 shndx=7 fixup=0
MBDBG oob bfd=mknod.c.59.o relaxsec=.text.mknod victimsec=.text.rtems_filesystem_mknod rtype=3 symidx=16 sh_info=15 addend=0x0 oob_shndx=1 oob_type=3 shndx=6 fixup=0
MBDBG oob bfd=mknod.c.59.o relaxsec=.text.mknod victimsec=.text.rtems_filesystem_mknod rtype=3 symidx=17 sh_info=15 addend=0x0 oob_shndx=2 oob_type=3 shndx=6 fixup=0
MBDBG oob bfd=sup_fs_eval_path.c.59.o relaxsec=.text.check_access victimsec=.text.rtems_filesystem_eval_path_continue rtype=5 symidx=27 sh_info=27 addend=0x0 oob_shndx=0 oob_type=0 shndx=5 fixup=0
MBDBG oob bfd=sup_fs_eval_path.c.59.o relaxsec=.text.check_access victimsec=.text.rtems_filesystem_eval_path_continue rtype=3 symidx=30 sh_info=27 addend=0x0 oob_shndx=3 oob_type=3 shndx=5 fixup=0
MBDBG oob bfd=sup_fs_eval_path.c.59.o relaxsec=.text.check_access victimsec=.text.rtems_filesystem_eval_path_continue rtype=3 symidx=28 sh_info=27 addend=0x0 oob_shndx=1 oob_type=3 shndx=5 fixup=0
MBDBG oob bfd=sup_fs_eval_path.c.59.o relaxsec=.text.check_access victimsec=.text.rtems_filesystem_eval_path_continue rtype=5 symidx=27 sh_info=27 addend=0x0 oob_shndx=0 oob_type=0 shndx=5 fixup=0
MBDBG oob bfd=sup_fs_eval_path.c.59.o relaxsec=.text.check_access victimsec=.text.rtems_filesystem_eval_path_continue rtype=3 symidx=30 sh_info=27 addend=0x0 oob_shndx=3 oob_type=3 shndx=5 fixup=0
MBDBG oob bfd=sup_fs_eval_path.c.59.o relaxsec=.text.check_access victimsec=.text.rtems_filesystem_eval_path_continue rtype=3 symidx=28 sh_info=27 addend=0x0 oob_shndx=1 oob_type=3 shndx=5 fixup=0
MBDBG oob bfd=sup_fs_eval_path.c.59.o relaxsec=.text.check_access victimsec=.text.rtems_filesystem_eval_path_start_with_root_and_current rtype=3 symidx=33 sh_info=27 addend=0x0 oob_shndx=8 oob_type=3 shndx=5 fixup=0
MBDBG oob bfd=sup_fs_eval_path.c.59.o relaxsec=.text.check_access victimsec=.text.rtems_filesystem_eval_path_start_with_root_and_current rtype=3 symidx=34 sh_info=27 addend=0x0 oob_shndx=10 oob_type=3 shndx=5 fixup=0
MBDBG oob bfd=sup_fs_eval_path.c.59.o relaxsec=.text.check_access victimsec=.text.rtems_filesystem_eval_path_start_with_root_and_current rtype=3 symidx=34 sh_info=27 addend=0x0 oob_shndx=10 oob_type=3 shndx=5 fixup=0
MBDBG oob bfd=sup_fs_eval_path.c.59.o relaxsec=.text.check_access victimsec=.text.rtems_filesystem_eval_path_start_with_root_and_current rtype=3 symidx=34 sh_info=27 addend=0x0 oob_shndx=10 oob_type=3 shndx=5 fixup=0
MBDBG oob bfd=sup_fs_eval_path.c.59.o relaxsec=.text.check_access victimsec=.text.rtems_filesystem_eval_path_start_with_root_and_current rtype=3 symidx=34 sh_info=27 addend=0x0 oob_shndx=10 oob_type=3 shndx=5 fixup=0
MBDBG oob bfd=sup_fs_eval_path.c.59.o relaxsec=.text.check_access victimsec=.text.rtems_filesystem_eval_path_start_with_root_and_current rtype=3 symidx=30 sh_info=27 addend=0x0 oob_shndx=3 oob_type=3 shndx=5 fixup=0
MBDBG oob bfd=sup_fs_eval_path.c.59.o relaxsec=.text.check_access victimsec=.text.rtems_filesystem_eval_path_start_with_root_and_current rtype=3 symidx=35 sh_info=27 addend=0x0 oob_shndx=11 oob_type=3 shndx=5 fixup=0
MBDBG oob bfd=sup_fs_eval_path.c.59.o relaxsec=.text.check_access victimsec=.text.rtems_filesystem_eval_path_start_with_root_and_current rtype=3 symidx=31 sh_info=27 addend=0x0 oob_shndx=4 oob_type=3 shndx=5 fixup=0
MBDBG oob bfd=sup_fs_eval_path.c.59.o relaxsec=.text.check_access victimsec=.text.rtems_filesystem_eval_path_start_with_root_and_current rtype=3 symidx=34 sh_info=27 addend=0x0 oob_shndx=10 oob_type=3 shndx=5 fixup=0
MBDBG oob bfd=sup_fs_eval_path.c.59.o relaxsec=.text.check_access victimsec=.text.rtems_filesystem_eval_path_start rtype=3 symidx=37 sh_info=27 addend=0x0 oob_shndx=15 oob_type=3 shndx=5 fixup=0
MBDBG oob bfd=sup_fs_eval_path.c.59.o relaxsec=.text.check_access victimsec=.text.rtems_filesystem_eval_path_start rtype=3 symidx=38 sh_info=27 addend=0x0 oob_shndx=17 oob_type=3 shndx=5 fixup=0
MBDBG oob bfd=sup_fs_eval_path.c.59.o relaxsec=.text.check_access victimsec=.text.rtems_filesystem_eval_path_start rtype=3 symidx=38 sh_info=27 addend=0x0 oob_shndx=17 oob_type=3 shndx=5 fixup=0
MBDBG oob bfd=sup_fs_eval_path.c.59.o relaxsec=.text.check_access victimsec=.text.rtems_filesystem_eval_path_start rtype=3 symidx=32 sh_info=27 addend=0x0 oob_shndx=6 oob_type=3 shndx=5 fixup=0
MBDBG oob bfd=sup_fs_eval_path.c.59.o relaxsec=.text.check_access victimsec=.text.rtems_filesystem_eval_path_start_with_parent rtype=3 symidx=37 sh_info=27 addend=0x0 oob_shndx=15 oob_type=3 shndx=5 fixup=0
MBDBG oob bfd=sup_fs_eval_path.c.59.o relaxsec=.text.check_access victimsec=.text.rtems_filesystem_eval_path_start_with_parent rtype=3 symidx=38 sh_info=27 addend=0x0 oob_shndx=17 oob_type=3 shndx=5 fixup=0
MBDBG oob bfd=sup_fs_eval_path.c.59.o relaxsec=.text.check_access victimsec=.text.rtems_filesystem_eval_path_start_with_parent rtype=3 symidx=38 sh_info=27 addend=0x0 oob_shndx=17 oob_type=3 shndx=5 fixup=0
MBDBG oob bfd=sup_fs_eval_path.c.59.o relaxsec=.text.check_access victimsec=.text.rtems_filesystem_eval_path_start_with_parent rtype=3 symidx=32 sh_info=27 addend=0x0 oob_shndx=6 oob_type=3 shndx=5 fixup=0
MBDBG oob bfd=sup_fs_eval_path.c.59.o relaxsec=.text.check_access victimsec=.text.rtems_filesystem_eval_path_start_with_parent rtype=3 symidx=35 sh_info=27 addend=0x0 oob_shndx=11 oob_type=3 shndx=5 fixup=0
MBDBG oob bfd=sup_fs_eval_path.c.59.o relaxsec=.text.check_access victimsec=.text.rtems_filesystem_eval_path_start_with_parent rtype=3 symidx=31 sh_info=27 addend=0x0 oob_shndx=4 oob_type=3 shndx=5 fixup=0
MBDBG oob bfd=sup_fs_eval_path.c.59.o relaxsec=.text.check_access victimsec=.text.rtems_filesystem_eval_path_error rtype=5 symidx=27 sh_info=27 addend=0x0 oob_shndx=0 oob_type=0 shndx=5 fixup=0
MBDBG oob bfd=sup_fs_eval_path.c.59.o relaxsec=.text.check_access victimsec=.text.rtems_filesystem_eval_path_error rtype=3 symidx=28 sh_info=27 addend=0x0 oob_shndx=1 oob_type=3 shndx=5 fixup=0
MBDBG oob bfd=sup_fs_eval_path.c.59.o relaxsec=.text.check_access victimsec=.text.rtems_filesystem_eval_path_error rtype=3 symidx=30 sh_info=27 addend=0x0 oob_shndx=3 oob_type=3 shndx=5 fixup=0
MBDBG oob bfd=sup_fs_eval_path.c.59.o relaxsec=.text.check_access victimsec=.text.rtems_filesystem_eval_path_error rtype=3 symidx=28 sh_info=27 addend=0x0 oob_shndx=1 oob_type=3 shndx=5 fixup=0
MBDBG oob bfd=sup_fs_eval_path.c.59.o relaxsec=.text.check_access victimsec=.text.rtems_filesystem_eval_path_cleanup rtype=3 symidx=42 sh_info=27 addend=0x0 oob_shndx=1 oob_type=3 shndx=5 fixup=0
MBDBG oob bfd=sup_fs_eval_path.c.59.o relaxsec=.text.check_access victimsec=.text.rtems_filesystem_eval_path_cleanup rtype=3 symidx=42 sh_info=27 addend=0x0 oob_shndx=1 oob_type=3 shndx=5 fixup=0
MBDBG oob bfd=sup_fs_eval_path.c.59.o relaxsec=.text.check_access victimsec=.text.rtems_filesystem_eval_path_cleanup_with_parent rtype=3 symidx=41 sh_info=27 addend=0x0 oob_shndx=0 oob_type=0 shndx=5 fixup=0
MBDBG oob bfd=sup_fs_eval_path.c.59.o relaxsec=.text.check_access victimsec=.text.rtems_filesystem_eval_path_restart rtype=3 symidx=34 sh_info=27 addend=0x0 oob_shndx=10 oob_type=3 shndx=5 fixup=0
MBDBG oob bfd=sup_fs_eval_path.c.59.o relaxsec=.text.check_access victimsec=.text.rtems_filesystem_eval_path_restart rtype=3 symidx=45 sh_info=27 addend=0x0 oob_shndx=4 oob_type=3 shndx=5 fixup=0
MBDBG oob bfd=sup_fs_eval_path.c.59.o relaxsec=.text.check_access victimsec=.text.rtems_filesystem_eval_path_restart rtype=3 symidx=35 sh_info=27 addend=0x0 oob_shndx=11 oob_type=3 shndx=5 fixup=0
MBDBG oob bfd=sup_fs_eval_path.c.59.o relaxsec=.text.check_access victimsec=.text.rtems_filesystem_eval_path_recursive rtype=5 symidx=27 sh_info=27 addend=0x0 oob_shndx=0 oob_type=0 shndx=5 fixup=0
MBDBG oob bfd=sup_fs_eval_path.c.59.o relaxsec=.text.check_access victimsec=.text.rtems_filesystem_eval_path_recursive rtype=3 symidx=30 sh_info=27 addend=0x0 oob_shndx=3 oob_type=3 shndx=5 fixup=0
MBDBG oob bfd=sup_fs_eval_path.c.59.o relaxsec=.text.check_access victimsec=.text.rtems_filesystem_eval_path_recursive rtype=3 symidx=28 sh_info=27 addend=0x0 oob_shndx=1 oob_type=3 shndx=5 fixup=0
MBDBG oob bfd=sup_fs_eval_path.c.59.o relaxsec=.text.check_access victimsec=.text.rtems_filesystem_eval_path_recursive rtype=5 symidx=27 sh_info=27 addend=0x0 oob_shndx=0 oob_type=0 shndx=5 fixup=0
MBDBG oob bfd=sup_fs_eval_path.c.59.o relaxsec=.text.check_access victimsec=.text.rtems_filesystem_eval_path_recursive rtype=3 symidx=30 sh_info=27 addend=0x0 oob_shndx=3 oob_type=3 shndx=5 fixup=0
MBDBG oob bfd=sup_fs_eval_path.c.59.o relaxsec=.text.check_access victimsec=.text.rtems_filesystem_eval_path_recursive rtype=3 symidx=28 sh_info=27 addend=0x0 oob_shndx=1 oob_type=3 shndx=5 fixup=0
MBDBG oob bfd=sup_fs_eval_path.c.59.o relaxsec=.text.check_access victimsec=.text.rtems_filesystem_eval_path_recursive rtype=3 symidx=44 sh_info=27 addend=0x0 oob_shndx=3 oob_type=3 shndx=5 fixup=0
MBDBG oob bfd=sup_fs_eval_path.c.59.o relaxsec=.text.rtems_filesystem_eval_path_continue victimsec=.text.check_access rtype=5 symidx=27 sh_info=27 addend=0x0 oob_shndx=0 oob_type=0 shndx=7 fixup=0
MBDBG oob bfd=sup_fs_eval_path.c.59.o relaxsec=.text.rtems_filesystem_eval_path_continue victimsec=.text.check_access rtype=4 symidx=28 sh_info=27 addend=0x0 oob_shndx=1 oob_type=3 shndx=7 fixup=0
MBDBG oob bfd=sup_fs_eval_path.c.59.o relaxsec=.text.rtems_filesystem_eval_path_continue victimsec=.text.check_access rtype=3 symidx=29 sh_info=27 addend=0x0 oob_shndx=2 oob_type=3 shndx=7 fixup=0
MBDBG oob bfd=sup_fs_eval_path.c.59.o relaxsec=.text.rtems_filesystem_eval_path_continue victimsec=.text.check_access rtype=5 symidx=27 sh_info=27 addend=0x0 oob_shndx=0 oob_type=0 shndx=7 fixup=0
MBDBG oob bfd=sup_fs_eval_path.c.59.o relaxsec=.text.rtems_filesystem_eval_path_continue victimsec=.text.check_access rtype=3 symidx=30 sh_info=27 addend=0x0 oob_shndx=3 oob_type=3 shndx=7 fixup=0
MBDBG oob bfd=sup_fs_eval_path.c.59.o relaxsec=.text.rtems_filesystem_eval_path_continue victimsec=.text.check_access rtype=4 symidx=28 sh_info=27 addend=0x0 oob_shndx=1 oob_type=3 shndx=7 fixup=0
MBDBG oob bfd=sup_fs_eval_path.c.59.o relaxsec=.text.rtems_filesystem_eval_path_continue victimsec=.text.check_access rtype=5 symidx=27 sh_info=27 addend=0x0 oob_shndx=0 oob_type=0 shndx=7 fixup=0
MBDBG oob bfd=sup_fs_eval_path.c.59.o relaxsec=.text.rtems_filesystem_eval_path_continue victimsec=.text.check_access rtype=3 symidx=30 sh_info=27 addend=0x0 oob_shndx=3 oob_type=3 shndx=7 fixup=0
MBDBG oob bfd=sup_fs_eval_path.c.59.o relaxsec=.text.rtems_filesystem_eval_path_continue victimsec=.text.check_access rtype=4 symidx=28 sh_info=27 addend=0x0 oob_shndx=1 oob_type=3 shndx=7 fixup=0
MBDBG oob bfd=sup_fs_eval_path.c.59.o relaxsec=.text.rtems_filesystem_eval_path_continue victimsec=.text.rtems_filesystem_eval_path_start_with_root_and_current rtype=3 symidx=33 sh_info=27 addend=0x0 oob_shndx=8 oob_type=3 shndx=7 fixup=0
MBDBG oob bfd=sup_fs_eval_path.c.59.o relaxsec=.text.rtems_filesystem_eval_path_continue victimsec=.text.rtems_filesystem_eval_path_start_with_root_and_current rtype=3 symidx=34 sh_info=27 addend=0x0 oob_shndx=10 oob_type=3 shndx=7 fixup=0
MBDBG oob bfd=sup_fs_eval_path.c.59.o relaxsec=.text.rtems_filesystem_eval_path_continue victimsec=.text.rtems_filesystem_eval_path_start_with_root_and_current rtype=3 symidx=34 sh_info=27 addend=0x0 oob_shndx=10 oob_type=3 shndx=7 fixup=0
MBDBG oob bfd=sup_fs_eval_path.c.59.o relaxsec=.text.rtems_filesystem_eval_path_continue victimsec=.text.rtems_filesystem_eval_path_start_with_root_and_current rtype=3 symidx=34 sh_info=27 addend=0x0 oob_shndx=10 oob_type=3 shndx=7 fixup=0
MBDBG oob bfd=sup_fs_eval_path.c.59.o relaxsec=.text.rtems_filesystem_eval_path_continue victimsec=.text.rtems_filesystem_eval_path_start_with_root_and_current rtype=3 symidx=34 sh_info=27 addend=0x0 oob_shndx=10 oob_type=3 shndx=7 fixup=0
MBDBG oob bfd=sup_fs_eval_path.c.59.o relaxsec=.text.rtems_filesystem_eval_path_continue victimsec=.text.rtems_filesystem_eval_path_start_with_root_and_current rtype=3 symidx=30 sh_info=27 addend=0x0 oob_shndx=3 oob_type=3 shndx=7 fixup=0
MBDBG oob bfd=sup_fs_eval_path.c.59.o relaxsec=.text.rtems_filesystem_eval_path_continue victimsec=.text.rtems_filesystem_eval_path_start_with_root_and_current rtype=3 symidx=35 sh_info=27 addend=0x0 oob_shndx=11 oob_type=3 shndx=7 fixup=0
MBDBG oob bfd=sup_fs_eval_path.c.59.o relaxsec=.text.rtems_filesystem_eval_path_continue victimsec=.text.rtems_filesystem_eval_path_start_with_root_and_current rtype=3 symidx=31 sh_info=27 addend=0x0 oob_shndx=4 oob_type=3 shndx=7 fixup=0
MBDBG oob bfd=sup_fs_eval_path.c.59.o relaxsec=.text.rtems_filesystem_eval_path_continue victimsec=.text.rtems_filesystem_eval_path_start_with_root_and_current rtype=3 symidx=34 sh_info=27 addend=0x0 oob_shndx=10 oob_type=3 shndx=7 fixup=0
MBDBG oob bfd=sup_fs_eval_path.c.59.o relaxsec=.text.rtems_filesystem_eval_path_continue victimsec=.text.rtems_filesystem_eval_path_start rtype=3 symidx=37 sh_info=27 addend=0x0 oob_shndx=15 oob_type=3 shndx=7 fixup=0
MBDBG oob bfd=sup_fs_eval_path.c.59.o relaxsec=.text.rtems_filesystem_eval_path_continue victimsec=.text.rtems_filesystem_eval_path_start rtype=3 symidx=38 sh_info=27 addend=0x0 oob_shndx=17 oob_type=3 shndx=7 fixup=0
MBDBG oob bfd=sup_fs_eval_path.c.59.o relaxsec=.text.rtems_filesystem_eval_path_continue victimsec=.text.rtems_filesystem_eval_path_start rtype=3 symidx=38 sh_info=27 addend=0x0 oob_shndx=17 oob_type=3 shndx=7 fixup=0
MBDBG oob bfd=sup_fs_eval_path.c.59.o relaxsec=.text.rtems_filesystem_eval_path_continue victimsec=.text.rtems_filesystem_eval_path_start rtype=3 symidx=32 sh_info=27 addend=0x0 oob_shndx=6 oob_type=3 shndx=7 fixup=0
MBDBG oob bfd=sup_fs_eval_path.c.59.o relaxsec=.text.rtems_filesystem_eval_path_continue victimsec=.text.rtems_filesystem_eval_path_start_with_parent rtype=3 symidx=37 sh_info=27 addend=0x0 oob_shndx=15 oob_type=3 shndx=7 fixup=0
MBDBG oob bfd=sup_fs_eval_path.c.59.o relaxsec=.text.rtems_filesystem_eval_path_continue victimsec=.text.rtems_filesystem_eval_path_start_with_parent rtype=3 symidx=38 sh_info=27 addend=0x0 oob_shndx=17 oob_type=3 shndx=7 fixup=0
MBDBG oob bfd=sup_fs_eval_path.c.59.o relaxsec=.text.rtems_filesystem_eval_path_continue victimsec=.text.rtems_filesystem_eval_path_start_with_parent rtype=3 symidx=38 sh_info=27 addend=0x0 oob_shndx=17 oob_type=3 shndx=7 fixup=0
MBDBG oob bfd=sup_fs_eval_path.c.59.o relaxsec=.text.rtems_filesystem_eval_path_continue victimsec=.text.rtems_filesystem_eval_path_start_with_parent rtype=3 symidx=32 sh_info=27 addend=0x0 oob_shndx=6 oob_type=3 shndx=7 fixup=0
MBDBG oob bfd=sup_fs_eval_path.c.59.o relaxsec=.text.rtems_filesystem_eval_path_continue victimsec=.text.rtems_filesystem_eval_path_start_with_parent rtype=3 symidx=35 sh_info=27 addend=0x0 oob_shndx=11 oob_type=3 shndx=7 fixup=0
MBDBG oob bfd=sup_fs_eval_path.c.59.o relaxsec=.text.rtems_filesystem_eval_path_continue victimsec=.text.rtems_filesystem_eval_path_start_with_parent rtype=3 symidx=31 sh_info=27 addend=0x0 oob_shndx=4 oob_type=3 shndx=7 fixup=0
MBDBG oob bfd=sup_fs_eval_path.c.59.o relaxsec=.text.rtems_filesystem_eval_path_continue victimsec=.text.rtems_filesystem_eval_path_error rtype=5 symidx=27 sh_info=27 addend=0x0 oob_shndx=0 oob_type=0 shndx=7 fixup=0
MBDBG oob bfd=sup_fs_eval_path.c.59.o relaxsec=.text.rtems_filesystem_eval_path_continue victimsec=.text.rtems_filesystem_eval_path_error rtype=3 symidx=28 sh_info=27 addend=0x0 oob_shndx=1 oob_type=3 shndx=7 fixup=0
MBDBG oob bfd=sup_fs_eval_path.c.59.o relaxsec=.text.rtems_filesystem_eval_path_continue victimsec=.text.rtems_filesystem_eval_path_error rtype=3 symidx=30 sh_info=27 addend=0x0 oob_shndx=3 oob_type=3 shndx=7 fixup=0
MBDBG oob bfd=sup_fs_eval_path.c.59.o relaxsec=.text.rtems_filesystem_eval_path_continue victimsec=.text.rtems_filesystem_eval_path_error rtype=3 symidx=28 sh_info=27 addend=0x0 oob_shndx=1 oob_type=3 shndx=7 fixup=0
MBDBG oob bfd=sup_fs_eval_path.c.59.o relaxsec=.text.rtems_filesystem_eval_path_continue victimsec=.text.rtems_filesystem_eval_path_cleanup rtype=3 symidx=42 sh_info=27 addend=0x0 oob_shndx=1 oob_type=3 shndx=7 fixup=0
MBDBG oob bfd=sup_fs_eval_path.c.59.o relaxsec=.text.rtems_filesystem_eval_path_continue victimsec=.text.rtems_filesystem_eval_path_cleanup rtype=3 symidx=42 sh_info=27 addend=0x0 oob_shndx=1 oob_type=3 shndx=7 fixup=0
MBDBG oob bfd=sup_fs_eval_path.c.59.o relaxsec=.text.rtems_filesystem_eval_path_continue victimsec=.text.rtems_filesystem_eval_path_cleanup_with_parent rtype=3 symidx=41 sh_info=27 addend=0x0 oob_shndx=0 oob_type=0 shndx=7 fixup=0
MBDBG oob bfd=sup_fs_eval_path.c.59.o relaxsec=.text.rtems_filesystem_eval_path_continue victimsec=.text.rtems_filesystem_eval_path_restart rtype=3 symidx=34 sh_info=27 addend=0x0 oob_shndx=10 oob_type=3 shndx=7 fixup=0
MBDBG oob bfd=sup_fs_eval_path.c.59.o relaxsec=.text.rtems_filesystem_eval_path_continue victimsec=.text.rtems_filesystem_eval_path_restart rtype=3 symidx=45 sh_info=27 addend=0x0 oob_shndx=4 oob_type=3 shndx=7 fixup=0
MBDBG oob bfd=sup_fs_eval_path.c.59.o relaxsec=.text.rtems_filesystem_eval_path_continue victimsec=.text.rtems_filesystem_eval_path_restart rtype=3 symidx=35 sh_info=27 addend=0x0 oob_shndx=11 oob_type=3 shndx=7 fixup=0
MBDBG oob bfd=sup_fs_eval_path.c.59.o relaxsec=.text.rtems_filesystem_eval_path_continue victimsec=.text.rtems_filesystem_eval_path_recursive rtype=5 symidx=27 sh_info=27 addend=0x0 oob_shndx=0 oob_type=0 shndx=7 fixup=0
MBDBG oob bfd=sup_fs_eval_path.c.59.o relaxsec=.text.rtems_filesystem_eval_path_continue victimsec=.text.rtems_filesystem_eval_path_recursive rtype=3 symidx=30 sh_info=27 addend=0x0 oob_shndx=3 oob_type=3 shndx=7 fixup=0
MBDBG oob bfd=sup_fs_eval_path.c.59.o relaxsec=.text.rtems_filesystem_eval_path_continue victimsec=.text.rtems_filesystem_eval_path_recursive rtype=3 symidx=28 sh_info=27 addend=0x0 oob_shndx=1 oob_type=3 shndx=7 fixup=0
MBDBG oob bfd=sup_fs_eval_path.c.59.o relaxsec=.text.rtems_filesystem_eval_path_continue victimsec=.text.rtems_filesystem_eval_path_recursive rtype=5 symidx=27 sh_info=27 addend=0x0 oob_shndx=0 oob_type=0 shndx=7 fixup=0
MBDBG oob bfd=sup_fs_eval_path.c.59.o relaxsec=.text.rtems_filesystem_eval_path_continue victimsec=.text.rtems_filesystem_eval_path_recursive rtype=3 symidx=30 sh_info=27 addend=0x0 oob_shndx=3 oob_type=3 shndx=7 fixup=0
MBDBG oob bfd=sup_fs_eval_path.c.59.o relaxsec=.text.rtems_filesystem_eval_path_continue victimsec=.text.rtems_filesystem_eval_path_recursive rtype=3 symidx=28 sh_info=27 addend=0x0 oob_shndx=1 oob_type=3 shndx=7 fixup=0
MBDBG oob bfd=sup_fs_eval_path.c.59.o relaxsec=.text.rtems_filesystem_eval_path_continue victimsec=.text.rtems_filesystem_eval_path_recursive rtype=3 symidx=44 sh_info=27 addend=0x0 oob_shndx=3 oob_type=3 shndx=7 fixup=0
MBDBG oob bfd=sup_fs_eval_path.c.59.o relaxsec=.text.rtems_filesystem_eval_path_start_with_root_and_current victimsec=.text.check_access rtype=5 symidx=27 sh_info=27 addend=0x0 oob_shndx=0 oob_type=0 shndx=9 fixup=0
MBDBG oob bfd=sup_fs_eval_path.c.59.o relaxsec=.text.rtems_filesystem_eval_path_start_with_root_and_current victimsec=.text.check_access rtype=4 symidx=28 sh_info=27 addend=0x0 oob_shndx=1 oob_type=3 shndx=9 fixup=0
MBDBG oob bfd=sup_fs_eval_path.c.59.o relaxsec=.text.rtems_filesystem_eval_path_start_with_root_and_current victimsec=.text.check_access rtype=3 symidx=29 sh_info=27 addend=0x0 oob_shndx=2 oob_type=3 shndx=9 fixup=0
MBDBG oob bfd=sup_fs_eval_path.c.59.o relaxsec=.text.rtems_filesystem_eval_path_start_with_root_and_current victimsec=.text.check_access rtype=5 symidx=27 sh_info=27 addend=0x0 oob_shndx=0 oob_type=0 shndx=9 fixup=0
MBDBG oob bfd=sup_fs_eval_path.c.59.o relaxsec=.text.rtems_filesystem_eval_path_start_with_root_and_current victimsec=.text.check_access rtype=3 symidx=30 sh_info=27 addend=0x0 oob_shndx=3 oob_type=3 shndx=9 fixup=0
MBDBG oob bfd=sup_fs_eval_path.c.59.o relaxsec=.text.rtems_filesystem_eval_path_start_with_root_and_current victimsec=.text.check_access rtype=4 symidx=28 sh_info=27 addend=0x0 oob_shndx=1 oob_type=3 shndx=9 fixup=0
MBDBG oob bfd=sup_fs_eval_path.c.59.o relaxsec=.text.rtems_filesystem_eval_path_start_with_root_and_current victimsec=.text.check_access rtype=5 symidx=27 sh_info=27 addend=0x0 oob_shndx=0 oob_type=0 shndx=9 fixup=0
MBDBG oob bfd=sup_fs_eval_path.c.59.o relaxsec=.text.rtems_filesystem_eval_path_start_with_root_and_current victimsec=.text.check_access rtype=3 symidx=30 sh_info=27 addend=0x0 oob_shndx=3 oob_type=3 shndx=9 fixup=0
MBDBG oob bfd=sup_fs_eval_path.c.59.o relaxsec=.text.rtems_filesystem_eval_path_start_with_root_and_current victimsec=.text.check_access rtype=4 symidx=28 sh_info=27 addend=0x0 oob_shndx=1 oob_type=3 shndx=9 fixup=0
MBDBG oob bfd=sup_fs_eval_path.c.59.o relaxsec=.text.rtems_filesystem_eval_path_start_with_root_and_current victimsec=.text.rtems_filesystem_eval_path_continue rtype=5 symidx=27 sh_info=27 addend=0x0 oob_shndx=0 oob_type=0 shndx=9 fixup=0
MBDBG oob bfd=sup_fs_eval_path.c.59.o relaxsec=.text.rtems_filesystem_eval_path_start_with_root_and_current victimsec=.text.rtems_filesystem_eval_path_continue rtype=3 symidx=30 sh_info=27 addend=0x0 oob_shndx=3 oob_type=3 shndx=9 fixup=0
MBDBG oob bfd=sup_fs_eval_path.c.59.o relaxsec=.text.rtems_filesystem_eval_path_start_with_root_and_current victimsec=.text.rtems_filesystem_eval_path_continue rtype=4 symidx=28 sh_info=27 addend=0x0 oob_shndx=1 oob_type=3 shndx=9 fixup=0
MBDBG oob bfd=sup_fs_eval_path.c.59.o relaxsec=.text.rtems_filesystem_eval_path_start_with_root_and_current victimsec=.text.rtems_filesystem_eval_path_continue rtype=5 symidx=27 sh_info=27 addend=0x0 oob_shndx=0 oob_type=0 shndx=9 fixup=0
MBDBG oob bfd=sup_fs_eval_path.c.59.o relaxsec=.text.rtems_filesystem_eval_path_start_with_root_and_current victimsec=.text.rtems_filesystem_eval_path_continue rtype=3 symidx=30 sh_info=27 addend=0x0 oob_shndx=3 oob_type=3 shndx=9 fixup=0
MBDBG oob bfd=sup_fs_eval_path.c.59.o relaxsec=.text.rtems_filesystem_eval_path_start_with_root_and_current victimsec=.text.rtems_filesystem_eval_path_continue rtype=4 symidx=28 sh_info=27 addend=0x0 oob_shndx=1 oob_type=3 shndx=9 fixup=0
MBDBG oob bfd=sup_fs_eval_path.c.59.o relaxsec=.text.rtems_filesystem_eval_path_start_with_root_and_current victimsec=.text.rtems_filesystem_eval_path_start rtype=3 symidx=37 sh_info=27 addend=0x0 oob_shndx=15 oob_type=3 shndx=9 fixup=0
MBDBG oob bfd=sup_fs_eval_path.c.59.o relaxsec=.text.rtems_filesystem_eval_path_start_with_root_and_current victimsec=.text.rtems_filesystem_eval_path_start rtype=3 symidx=38 sh_info=27 addend=0x0 oob_shndx=17 oob_type=3 shndx=9 fixup=0
MBDBG oob bfd=sup_fs_eval_path.c.59.o relaxsec=.text.rtems_filesystem_eval_path_start_with_root_and_current victimsec=.text.rtems_filesystem_eval_path_start rtype=3 symidx=38 sh_info=27 addend=0x0 oob_shndx=17 oob_type=3 shndx=9 fixup=0
MBDBG oob bfd=sup_fs_eval_path.c.59.o relaxsec=.text.rtems_filesystem_eval_path_start_with_root_and_current victimsec=.text.rtems_filesystem_eval_path_start rtype=3 symidx=32 sh_info=27 addend=0x0 oob_shndx=6 oob_type=3 shndx=9 fixup=0
MBDBG oob bfd=sup_fs_eval_path.c.59.o relaxsec=.text.rtems_filesystem_eval_path_start_with_root_and_current victimsec=.text.rtems_filesystem_eval_path_start_with_parent rtype=3 symidx=37 sh_info=27 addend=0x0 oob_shndx=15 oob_type=3 shndx=9 fixup=0
MBDBG oob bfd=sup_fs_eval_path.c.59.o relaxsec=.text.rtems_filesystem_eval_path_start_with_root_and_current victimsec=.text.rtems_filesystem_eval_path_start_with_parent rtype=3 symidx=38 sh_info=27 addend=0x0 oob_shndx=17 oob_type=3 shndx=9 fixup=0
MBDBG oob bfd=sup_fs_eval_path.c.59.o relaxsec=.text.rtems_filesystem_eval_path_start_with_root_and_current victimsec=.text.rtems_filesystem_eval_path_start_with_parent rtype=3 symidx=38 sh_info=27 addend=0x0 oob_shndx=17 oob_type=3 shndx=9 fixup=0
MBDBG oob bfd=sup_fs_eval_path.c.59.o relaxsec=.text.rtems_filesystem_eval_path_start_with_root_and_current victimsec=.text.rtems_filesystem_eval_path_start_with_parent rtype=3 symidx=32 sh_info=27 addend=0x0 oob_shndx=6 oob_type=3 shndx=9 fixup=0
MBDBG oob bfd=sup_fs_eval_path.c.59.o relaxsec=.text.rtems_filesystem_eval_path_start_with_root_and_current victimsec=.text.rtems_filesystem_eval_path_start_with_parent rtype=3 symidx=35 sh_info=27 addend=0x0 oob_shndx=11 oob_type=3 shndx=9 fixup=0
MBDBG oob bfd=sup_fs_eval_path.c.59.o relaxsec=.text.rtems_filesystem_eval_path_start_with_root_and_current victimsec=.text.rtems_filesystem_eval_path_start_with_parent rtype=3 symidx=31 sh_info=27 addend=0x0 oob_shndx=4 oob_type=3 shndx=9 fixup=0
MBDBG oob bfd=sup_fs_eval_path.c.59.o relaxsec=.text.rtems_filesystem_eval_path_start_with_root_and_current victimsec=.text.rtems_filesystem_eval_path_error rtype=5 symidx=27 sh_info=27 addend=0x0 oob_shndx=0 oob_type=0 shndx=9 fixup=0
MBDBG oob bfd=sup_fs_eval_path.c.59.o relaxsec=.text.rtems_filesystem_eval_path_start_with_root_and_current victimsec=.text.rtems_filesystem_eval_path_error rtype=3 symidx=28 sh_info=27 addend=0x0 oob_shndx=1 oob_type=3 shndx=9 fixup=0
MBDBG oob bfd=sup_fs_eval_path.c.59.o relaxsec=.text.rtems_filesystem_eval_path_start_with_root_and_current victimsec=.text.rtems_filesystem_eval_path_error rtype=3 symidx=30 sh_info=27 addend=0x0 oob_shndx=3 oob_type=3 shndx=9 fixup=0
MBDBG oob bfd=sup_fs_eval_path.c.59.o relaxsec=.text.rtems_filesystem_eval_path_start_with_root_and_current victimsec=.text.rtems_filesystem_eval_path_error rtype=3 symidx=28 sh_info=27 addend=0x0 oob_shndx=1 oob_type=3 shndx=9 fixup=0
MBDBG oob bfd=sup_fs_eval_path.c.59.o relaxsec=.text.rtems_filesystem_eval_path_start_with_root_and_current victimsec=.text.rtems_filesystem_eval_path_cleanup rtype=3 symidx=42 sh_info=27 addend=0x0 oob_shndx=1 oob_type=3 shndx=9 fixup=0
MBDBG oob bfd=sup_fs_eval_path.c.59.o relaxsec=.text.rtems_filesystem_eval_path_start_with_root_and_current victimsec=.text.rtems_filesystem_eval_path_cleanup rtype=3 symidx=42 sh_info=27 addend=0x0 oob_shndx=1 oob_type=3 shndx=9 fixup=0
MBDBG oob bfd=sup_fs_eval_path.c.59.o relaxsec=.text.rtems_filesystem_eval_path_start_with_root_and_current victimsec=.text.rtems_filesystem_eval_path_cleanup_with_parent rtype=3 symidx=41 sh_info=27 addend=0x0 oob_shndx=0 oob_type=0 shndx=9 fixup=0
MBDBG oob bfd=sup_fs_eval_path.c.59.o relaxsec=.text.rtems_filesystem_eval_path_start_with_root_and_current victimsec=.text.rtems_filesystem_eval_path_restart rtype=3 symidx=34 sh_info=27 addend=0x0 oob_shndx=10 oob_type=3 shndx=9 fixup=0
MBDBG oob bfd=sup_fs_eval_path.c.59.o relaxsec=.text.rtems_filesystem_eval_path_start_with_root_and_current victimsec=.text.rtems_filesystem_eval_path_restart rtype=3 symidx=45 sh_info=27 addend=0x0 oob_shndx=4 oob_type=3 shndx=9 fixup=0
MBDBG oob bfd=sup_fs_eval_path.c.59.o relaxsec=.text.rtems_filesystem_eval_path_start_with_root_and_current victimsec=.text.rtems_filesystem_eval_path_restart rtype=3 symidx=35 sh_info=27 addend=0x0 oob_shndx=11 oob_type=3 shndx=9 fixup=0
MBDBG oob bfd=sup_fs_eval_path.c.59.o relaxsec=.text.rtems_filesystem_eval_path_start_with_root_and_current victimsec=.text.rtems_filesystem_eval_path_recursive rtype=5 symidx=27 sh_info=27 addend=0x0 oob_shndx=0 oob_type=0 shndx=9 fixup=0
MBDBG oob bfd=sup_fs_eval_path.c.59.o relaxsec=.text.rtems_filesystem_eval_path_start_with_root_and_current victimsec=.text.rtems_filesystem_eval_path_recursive rtype=3 symidx=30 sh_info=27 addend=0x0 oob_shndx=3 oob_type=3 shndx=9 fixup=0
MBDBG oob bfd=sup_fs_eval_path.c.59.o relaxsec=.text.rtems_filesystem_eval_path_start_with_root_and_current victimsec=.text.rtems_filesystem_eval_path_recursive rtype=3 symidx=28 sh_info=27 addend=0x0 oob_shndx=1 oob_type=3 shndx=9 fixup=0
MBDBG oob bfd=sup_fs_eval_path.c.59.o relaxsec=.text.rtems_filesystem_eval_path_start_with_root_and_current victimsec=.text.rtems_filesystem_eval_path_recursive rtype=5 symidx=27 sh_info=27 addend=0x0 oob_shndx=0 oob_type=0 shndx=9 fixup=0
MBDBG oob bfd=sup_fs_eval_path.c.59.o relaxsec=.text.rtems_filesystem_eval_path_start_with_root_and_current victimsec=.text.rtems_filesystem_eval_path_recursive rtype=3 symidx=30 sh_info=27 addend=0x0 oob_shndx=3 oob_type=3 shndx=9 fixup=0
MBDBG oob bfd=sup_fs_eval_path.c.59.o relaxsec=.text.rtems_filesystem_eval_path_start_with_root_and_current victimsec=.text.rtems_filesystem_eval_path_recursive rtype=3 symidx=28 sh_info=27 addend=0x0 oob_shndx=1 oob_type=3 shndx=9 fixup=0
MBDBG oob bfd=sup_fs_eval_path.c.59.o relaxsec=.text.rtems_filesystem_eval_path_start_with_root_and_current victimsec=.text.rtems_filesystem_eval_path_recursive rtype=3 symidx=44 sh_info=27 addend=0x0 oob_shndx=3 oob_type=3 shndx=9 fixup=0
MBDBG oob bfd=sup_fs_eval_path.c.59.o relaxsec=.text.rtems_filesystem_eval_path_error victimsec=.text.check_access rtype=5 symidx=27 sh_info=27 addend=0x0 oob_shndx=0 oob_type=0 shndx=16 fixup=0
MBDBG oob bfd=sup_fs_eval_path.c.59.o relaxsec=.text.rtems_filesystem_eval_path_error victimsec=.text.check_access rtype=4 symidx=28 sh_info=27 addend=0x0 oob_shndx=1 oob_type=3 shndx=16 fixup=0
MBDBG oob bfd=sup_fs_eval_path.c.59.o relaxsec=.text.rtems_filesystem_eval_path_error victimsec=.text.check_access rtype=3 symidx=29 sh_info=27 addend=0x0 oob_shndx=2 oob_type=3 shndx=16 fixup=0
MBDBG oob bfd=sup_fs_eval_path.c.59.o relaxsec=.text.rtems_filesystem_eval_path_error victimsec=.text.check_access rtype=5 symidx=27 sh_info=27 addend=0x0 oob_shndx=0 oob_type=0 shndx=16 fixup=0
MBDBG oob bfd=sup_fs_eval_path.c.59.o relaxsec=.text.rtems_filesystem_eval_path_error victimsec=.text.check_access rtype=3 symidx=30 sh_info=27 addend=0x0 oob_shndx=3 oob_type=3 shndx=16 fixup=0
MBDBG oob bfd=sup_fs_eval_path.c.59.o relaxsec=.text.rtems_filesystem_eval_path_error victimsec=.text.check_access rtype=4 symidx=28 sh_info=27 addend=0x0 oob_shndx=1 oob_type=3 shndx=16 fixup=0
MBDBG oob bfd=sup_fs_eval_path.c.59.o relaxsec=.text.rtems_filesystem_eval_path_error victimsec=.text.check_access rtype=5 symidx=27 sh_info=27 addend=0x0 oob_shndx=0 oob_type=0 shndx=16 fixup=0
MBDBG oob bfd=sup_fs_eval_path.c.59.o relaxsec=.text.rtems_filesystem_eval_path_error victimsec=.text.check_access rtype=3 symidx=30 sh_info=27 addend=0x0 oob_shndx=3 oob_type=3 shndx=16 fixup=0
MBDBG oob bfd=sup_fs_eval_path.c.59.o relaxsec=.text.rtems_filesystem_eval_path_error victimsec=.text.check_access rtype=4 symidx=28 sh_info=27 addend=0x0 oob_shndx=1 oob_type=3 shndx=16 fixup=0
MBDBG oob bfd=sup_fs_eval_path.c.59.o relaxsec=.text.rtems_filesystem_eval_path_error victimsec=.text.rtems_filesystem_eval_path_continue rtype=5 symidx=27 sh_info=27 addend=0x0 oob_shndx=0 oob_type=0 shndx=16 fixup=0
MBDBG oob bfd=sup_fs_eval_path.c.59.o relaxsec=.text.rtems_filesystem_eval_path_error victimsec=.text.rtems_filesystem_eval_path_continue rtype=3 symidx=30 sh_info=27 addend=0x0 oob_shndx=3 oob_type=3 shndx=16 fixup=0
MBDBG oob bfd=sup_fs_eval_path.c.59.o relaxsec=.text.rtems_filesystem_eval_path_error victimsec=.text.rtems_filesystem_eval_path_continue rtype=4 symidx=28 sh_info=27 addend=0x0 oob_shndx=1 oob_type=3 shndx=16 fixup=0
MBDBG oob bfd=sup_fs_eval_path.c.59.o relaxsec=.text.rtems_filesystem_eval_path_error victimsec=.text.rtems_filesystem_eval_path_continue rtype=5 symidx=27 sh_info=27 addend=0x0 oob_shndx=0 oob_type=0 shndx=16 fixup=0
MBDBG oob bfd=sup_fs_eval_path.c.59.o relaxsec=.text.rtems_filesystem_eval_path_error victimsec=.text.rtems_filesystem_eval_path_continue rtype=3 symidx=30 sh_info=27 addend=0x0 oob_shndx=3 oob_type=3 shndx=16 fixup=0
MBDBG oob bfd=sup_fs_eval_path.c.59.o relaxsec=.text.rtems_filesystem_eval_path_error victimsec=.text.rtems_filesystem_eval_path_continue rtype=4 symidx=28 sh_info=27 addend=0x0 oob_shndx=1 oob_type=3 shndx=16 fixup=0
MBDBG oob bfd=sup_fs_eval_path.c.59.o relaxsec=.text.rtems_filesystem_eval_path_error victimsec=.text.rtems_filesystem_eval_path_start_with_root_and_current rtype=3 symidx=33 sh_info=27 addend=0x0 oob_shndx=8 oob_type=3 shndx=16 fixup=0
MBDBG oob bfd=sup_fs_eval_path.c.59.o relaxsec=.text.rtems_filesystem_eval_path_error victimsec=.text.rtems_filesystem_eval_path_start_with_root_and_current rtype=4 symidx=34 sh_info=27 addend=0x0 oob_shndx=10 oob_type=3 shndx=16 fixup=0
MBDBG oob bfd=sup_fs_eval_path.c.59.o relaxsec=.text.rtems_filesystem_eval_path_error victimsec=.text.rtems_filesystem_eval_path_start_with_root_and_current rtype=4 symidx=34 sh_info=27 addend=0x0 oob_shndx=10 oob_type=3 shndx=16 fixup=0
MBDBG oob bfd=sup_fs_eval_path.c.59.o relaxsec=.text.rtems_filesystem_eval_path_error victimsec=.text.rtems_filesystem_eval_path_start_with_root_and_current rtype=4 symidx=34 sh_info=27 addend=0x0 oob_shndx=10 oob_type=3 shndx=16 fixup=0
MBDBG oob bfd=sup_fs_eval_path.c.59.o relaxsec=.text.rtems_filesystem_eval_path_error victimsec=.text.rtems_filesystem_eval_path_start_with_root_and_current rtype=4 symidx=34 sh_info=27 addend=0x0 oob_shndx=10 oob_type=3 shndx=16 fixup=0
MBDBG oob bfd=sup_fs_eval_path.c.59.o relaxsec=.text.rtems_filesystem_eval_path_error victimsec=.text.rtems_filesystem_eval_path_start_with_root_and_current rtype=3 symidx=30 sh_info=27 addend=0x0 oob_shndx=3 oob_type=3 shndx=16 fixup=0
MBDBG oob bfd=sup_fs_eval_path.c.59.o relaxsec=.text.rtems_filesystem_eval_path_error victimsec=.text.rtems_filesystem_eval_path_start_with_root_and_current rtype=3 symidx=35 sh_info=27 addend=0x0 oob_shndx=11 oob_type=3 shndx=16 fixup=0
MBDBG oob bfd=sup_fs_eval_path.c.59.o relaxsec=.text.rtems_filesystem_eval_path_error victimsec=.text.rtems_filesystem_eval_path_start_with_root_and_current rtype=3 symidx=31 sh_info=27 addend=0x0 oob_shndx=4 oob_type=3 shndx=16 fixup=0
MBDBG oob bfd=sup_fs_eval_path.c.59.o relaxsec=.text.rtems_filesystem_eval_path_error victimsec=.text.rtems_filesystem_eval_path_start_with_root_and_current rtype=4 symidx=34 sh_info=27 addend=0x0 oob_shndx=10 oob_type=3 shndx=16 fixup=0
MBDBG oob bfd=sup_fs_eval_path.c.59.o relaxsec=.text.rtems_filesystem_eval_path_error victimsec=.text.rtems_filesystem_eval_path_start rtype=3 symidx=37 sh_info=27 addend=0x0 oob_shndx=15 oob_type=3 shndx=16 fixup=0
MBDBG oob bfd=sup_fs_eval_path.c.59.o relaxsec=.text.rtems_filesystem_eval_path_error victimsec=.text.rtems_filesystem_eval_path_start rtype=3 symidx=38 sh_info=27 addend=0x0 oob_shndx=17 oob_type=3 shndx=16 fixup=0
MBDBG oob bfd=sup_fs_eval_path.c.59.o relaxsec=.text.rtems_filesystem_eval_path_error victimsec=.text.rtems_filesystem_eval_path_start rtype=3 symidx=38 sh_info=27 addend=0x0 oob_shndx=17 oob_type=3 shndx=16 fixup=0
MBDBG oob bfd=sup_fs_eval_path.c.59.o relaxsec=.text.rtems_filesystem_eval_path_error victimsec=.text.rtems_filesystem_eval_path_start rtype=3 symidx=32 sh_info=27 addend=0x0 oob_shndx=6 oob_type=3 shndx=16 fixup=0
MBDBG oob bfd=sup_fs_eval_path.c.59.o relaxsec=.text.rtems_filesystem_eval_path_error victimsec=.text.rtems_filesystem_eval_path_start_with_parent rtype=3 symidx=37 sh_info=27 addend=0x0 oob_shndx=15 oob_type=3 shndx=16 fixup=0
MBDBG oob bfd=sup_fs_eval_path.c.59.o relaxsec=.text.rtems_filesystem_eval_path_error victimsec=.text.rtems_filesystem_eval_path_start_with_parent rtype=3 symidx=38 sh_info=27 addend=0x0 oob_shndx=17 oob_type=3 shndx=16 fixup=0
MBDBG oob bfd=sup_fs_eval_path.c.59.o relaxsec=.text.rtems_filesystem_eval_path_error victimsec=.text.rtems_filesystem_eval_path_start_with_parent rtype=3 symidx=38 sh_info=27 addend=0x0 oob_shndx=17 oob_type=3 shndx=16 fixup=0
MBDBG oob bfd=sup_fs_eval_path.c.59.o relaxsec=.text.rtems_filesystem_eval_path_error victimsec=.text.rtems_filesystem_eval_path_start_with_parent rtype=3 symidx=32 sh_info=27 addend=0x0 oob_shndx=6 oob_type=3 shndx=16 fixup=0
MBDBG oob bfd=sup_fs_eval_path.c.59.o relaxsec=.text.rtems_filesystem_eval_path_error victimsec=.text.rtems_filesystem_eval_path_start_with_parent rtype=3 symidx=35 sh_info=27 addend=0x0 oob_shndx=11 oob_type=3 shndx=16 fixup=0
MBDBG oob bfd=sup_fs_eval_path.c.59.o relaxsec=.text.rtems_filesystem_eval_path_error victimsec=.text.rtems_filesystem_eval_path_start_with_parent rtype=3 symidx=31 sh_info=27 addend=0x0 oob_shndx=4 oob_type=3 shndx=16 fixup=0
MBDBG oob bfd=sup_fs_eval_path.c.59.o relaxsec=.text.rtems_filesystem_eval_path_error victimsec=.text.rtems_filesystem_eval_path_cleanup rtype=3 symidx=42 sh_info=27 addend=0x0 oob_shndx=1 oob_type=3 shndx=16 fixup=0
MBDBG oob bfd=sup_fs_eval_path.c.59.o relaxsec=.text.rtems_filesystem_eval_path_error victimsec=.text.rtems_filesystem_eval_path_cleanup rtype=3 symidx=42 sh_info=27 addend=0x0 oob_shndx=1 oob_type=3 shndx=16 fixup=0
MBDBG oob bfd=sup_fs_eval_path.c.59.o relaxsec=.text.rtems_filesystem_eval_path_error victimsec=.text.rtems_filesystem_eval_path_cleanup_with_parent rtype=3 symidx=41 sh_info=27 addend=0x0 oob_shndx=0 oob_type=0 shndx=16 fixup=0
MBDBG oob bfd=sup_fs_eval_path.c.59.o relaxsec=.text.rtems_filesystem_eval_path_error victimsec=.text.rtems_filesystem_eval_path_restart rtype=3 symidx=34 sh_info=27 addend=0x0 oob_shndx=10 oob_type=3 shndx=16 fixup=0
MBDBG oob bfd=sup_fs_eval_path.c.59.o relaxsec=.text.rtems_filesystem_eval_path_error victimsec=.text.rtems_filesystem_eval_path_restart rtype=3 symidx=45 sh_info=27 addend=0x0 oob_shndx=4 oob_type=3 shndx=16 fixup=0
MBDBG oob bfd=sup_fs_eval_path.c.59.o relaxsec=.text.rtems_filesystem_eval_path_error victimsec=.text.rtems_filesystem_eval_path_restart rtype=3 symidx=35 sh_info=27 addend=0x0 oob_shndx=11 oob_type=3 shndx=16 fixup=0
MBDBG oob bfd=sup_fs_eval_path.c.59.o relaxsec=.text.rtems_filesystem_eval_path_error victimsec=.text.rtems_filesystem_eval_path_recursive rtype=5 symidx=27 sh_info=27 addend=0x0 oob_shndx=0 oob_type=0 shndx=16 fixup=0
MBDBG oob bfd=sup_fs_eval_path.c.59.o relaxsec=.text.rtems_filesystem_eval_path_error victimsec=.text.rtems_filesystem_eval_path_recursive rtype=3 symidx=30 sh_info=27 addend=0x0 oob_shndx=3 oob_type=3 shndx=16 fixup=0
MBDBG oob bfd=sup_fs_eval_path.c.59.o relaxsec=.text.rtems_filesystem_eval_path_error victimsec=.text.rtems_filesystem_eval_path_recursive rtype=3 symidx=28 sh_info=27 addend=0x0 oob_shndx=1 oob_type=3 shndx=16 fixup=0
MBDBG oob bfd=sup_fs_eval_path.c.59.o relaxsec=.text.rtems_filesystem_eval_path_error victimsec=.text.rtems_filesystem_eval_path_recursive rtype=5 symidx=27 sh_info=27 addend=0x0 oob_shndx=0 oob_type=0 shndx=16 fixup=0
MBDBG oob bfd=sup_fs_eval_path.c.59.o relaxsec=.text.rtems_filesystem_eval_path_error victimsec=.text.rtems_filesystem_eval_path_recursive rtype=3 symidx=30 sh_info=27 addend=0x0 oob_shndx=3 oob_type=3 shndx=16 fixup=0
MBDBG oob bfd=sup_fs_eval_path.c.59.o relaxsec=.text.rtems_filesystem_eval_path_error victimsec=.text.rtems_filesystem_eval_path_recursive rtype=3 symidx=28 sh_info=27 addend=0x0 oob_shndx=1 oob_type=3 shndx=16 fixup=0
MBDBG oob bfd=sup_fs_eval_path.c.59.o relaxsec=.text.rtems_filesystem_eval_path_error victimsec=.text.rtems_filesystem_eval_path_recursive rtype=3 symidx=44 sh_info=27 addend=0x0 oob_shndx=3 oob_type=3 shndx=16 fixup=0
MBDBG oob bfd=sup_fs_eval_path.c.59.o relaxsec=.text.rtems_filesystem_eval_path_cleanup victimsec=.text.check_access rtype=5 symidx=27 sh_info=27 addend=0x0 oob_shndx=0 oob_type=0 shndx=18 fixup=0
MBDBG oob bfd=sup_fs_eval_path.c.59.o relaxsec=.text.rtems_filesystem_eval_path_cleanup victimsec=.text.check_access rtype=4 symidx=28 sh_info=27 addend=0x0 oob_shndx=1 oob_type=3 shndx=18 fixup=0
MBDBG oob bfd=sup_fs_eval_path.c.59.o relaxsec=.text.rtems_filesystem_eval_path_cleanup victimsec=.text.check_access rtype=3 symidx=29 sh_info=27 addend=0x0 oob_shndx=2 oob_type=3 shndx=18 fixup=0
MBDBG oob bfd=sup_fs_eval_path.c.59.o relaxsec=.text.rtems_filesystem_eval_path_cleanup victimsec=.text.check_access rtype=5 symidx=27 sh_info=27 addend=0x0 oob_shndx=0 oob_type=0 shndx=18 fixup=0
MBDBG oob bfd=sup_fs_eval_path.c.59.o relaxsec=.text.rtems_filesystem_eval_path_cleanup victimsec=.text.check_access rtype=3 symidx=30 sh_info=27 addend=0x0 oob_shndx=3 oob_type=3 shndx=18 fixup=0
MBDBG oob bfd=sup_fs_eval_path.c.59.o relaxsec=.text.rtems_filesystem_eval_path_cleanup victimsec=.text.check_access rtype=4 symidx=28 sh_info=27 addend=0x0 oob_shndx=1 oob_type=3 shndx=18 fixup=0
MBDBG oob bfd=sup_fs_eval_path.c.59.o relaxsec=.text.rtems_filesystem_eval_path_cleanup victimsec=.text.check_access rtype=5 symidx=27 sh_info=27 addend=0x0 oob_shndx=0 oob_type=0 shndx=18 fixup=0
MBDBG oob bfd=sup_fs_eval_path.c.59.o relaxsec=.text.rtems_filesystem_eval_path_cleanup victimsec=.text.check_access rtype=3 symidx=30 sh_info=27 addend=0x0 oob_shndx=3 oob_type=3 shndx=18 fixup=0
MBDBG oob bfd=sup_fs_eval_path.c.59.o relaxsec=.text.rtems_filesystem_eval_path_cleanup victimsec=.text.check_access rtype=4 symidx=28 sh_info=27 addend=0x0 oob_shndx=1 oob_type=3 shndx=18 fixup=0
MBDBG oob bfd=sup_fs_eval_path.c.59.o relaxsec=.text.rtems_filesystem_eval_path_cleanup victimsec=.text.rtems_filesystem_eval_path_continue rtype=5 symidx=27 sh_info=27 addend=0x0 oob_shndx=0 oob_type=0 shndx=18 fixup=0
MBDBG oob bfd=sup_fs_eval_path.c.59.o relaxsec=.text.rtems_filesystem_eval_path_cleanup victimsec=.text.rtems_filesystem_eval_path_continue rtype=3 symidx=30 sh_info=27 addend=0x0 oob_shndx=3 oob_type=3 shndx=18 fixup=0
MBDBG oob bfd=sup_fs_eval_path.c.59.o relaxsec=.text.rtems_filesystem_eval_path_cleanup victimsec=.text.rtems_filesystem_eval_path_continue rtype=4 symidx=28 sh_info=27 addend=0x0 oob_shndx=1 oob_type=3 shndx=18 fixup=0
MBDBG oob bfd=sup_fs_eval_path.c.59.o relaxsec=.text.rtems_filesystem_eval_path_cleanup victimsec=.text.rtems_filesystem_eval_path_continue rtype=5 symidx=27 sh_info=27 addend=0x0 oob_shndx=0 oob_type=0 shndx=18 fixup=0
MBDBG oob bfd=sup_fs_eval_path.c.59.o relaxsec=.text.rtems_filesystem_eval_path_cleanup victimsec=.text.rtems_filesystem_eval_path_continue rtype=3 symidx=30 sh_info=27 addend=0x0 oob_shndx=3 oob_type=3 shndx=18 fixup=0
MBDBG oob bfd=sup_fs_eval_path.c.59.o relaxsec=.text.rtems_filesystem_eval_path_cleanup victimsec=.text.rtems_filesystem_eval_path_continue rtype=4 symidx=28 sh_info=27 addend=0x0 oob_shndx=1 oob_type=3 shndx=18 fixup=0
MBDBG oob bfd=sup_fs_eval_path.c.59.o relaxsec=.text.rtems_filesystem_eval_path_cleanup victimsec=.text.rtems_filesystem_eval_path_start_with_root_and_current rtype=3 symidx=33 sh_info=27 addend=0x0 oob_shndx=8 oob_type=3 shndx=18 fixup=0
MBDBG oob bfd=sup_fs_eval_path.c.59.o relaxsec=.text.rtems_filesystem_eval_path_cleanup victimsec=.text.rtems_filesystem_eval_path_start_with_root_and_current rtype=4 symidx=34 sh_info=27 addend=0x0 oob_shndx=10 oob_type=3 shndx=18 fixup=0
MBDBG oob bfd=sup_fs_eval_path.c.59.o relaxsec=.text.rtems_filesystem_eval_path_cleanup victimsec=.text.rtems_filesystem_eval_path_start_with_root_and_current rtype=4 symidx=34 sh_info=27 addend=0x0 oob_shndx=10 oob_type=3 shndx=18 fixup=0
MBDBG oob bfd=sup_fs_eval_path.c.59.o relaxsec=.text.rtems_filesystem_eval_path_cleanup victimsec=.text.rtems_filesystem_eval_path_start_with_root_and_current rtype=4 symidx=34 sh_info=27 addend=0x0 oob_shndx=10 oob_type=3 shndx=18 fixup=0
MBDBG oob bfd=sup_fs_eval_path.c.59.o relaxsec=.text.rtems_filesystem_eval_path_cleanup victimsec=.text.rtems_filesystem_eval_path_start_with_root_and_current rtype=4 symidx=34 sh_info=27 addend=0x0 oob_shndx=10 oob_type=3 shndx=18 fixup=0
MBDBG oob bfd=sup_fs_eval_path.c.59.o relaxsec=.text.rtems_filesystem_eval_path_cleanup victimsec=.text.rtems_filesystem_eval_path_start_with_root_and_current rtype=3 symidx=30 sh_info=27 addend=0x0 oob_shndx=3 oob_type=3 shndx=18 fixup=0
MBDBG oob bfd=sup_fs_eval_path.c.59.o relaxsec=.text.rtems_filesystem_eval_path_cleanup victimsec=.text.rtems_filesystem_eval_path_start_with_root_and_current rtype=3 symidx=35 sh_info=27 addend=0x0 oob_shndx=11 oob_type=3 shndx=18 fixup=0
MBDBG oob bfd=sup_fs_eval_path.c.59.o relaxsec=.text.rtems_filesystem_eval_path_cleanup victimsec=.text.rtems_filesystem_eval_path_start_with_root_and_current rtype=3 symidx=31 sh_info=27 addend=0x0 oob_shndx=4 oob_type=3 shndx=18 fixup=0
MBDBG oob bfd=sup_fs_eval_path.c.59.o relaxsec=.text.rtems_filesystem_eval_path_cleanup victimsec=.text.rtems_filesystem_eval_path_start_with_root_and_current rtype=4 symidx=34 sh_info=27 addend=0x0 oob_shndx=10 oob_type=3 shndx=18 fixup=0
MBDBG oob bfd=sup_fs_eval_path.c.59.o relaxsec=.text.rtems_filesystem_eval_path_cleanup victimsec=.text.rtems_filesystem_eval_path_start rtype=3 symidx=37 sh_info=27 addend=0x0 oob_shndx=15 oob_type=3 shndx=18 fixup=0
MBDBG oob bfd=sup_fs_eval_path.c.59.o relaxsec=.text.rtems_filesystem_eval_path_cleanup victimsec=.text.rtems_filesystem_eval_path_start rtype=3 symidx=38 sh_info=27 addend=0x0 oob_shndx=17 oob_type=3 shndx=18 fixup=0
MBDBG oob bfd=sup_fs_eval_path.c.59.o relaxsec=.text.rtems_filesystem_eval_path_cleanup victimsec=.text.rtems_filesystem_eval_path_start rtype=3 symidx=38 sh_info=27 addend=0x0 oob_shndx=17 oob_type=3 shndx=18 fixup=0
MBDBG oob bfd=sup_fs_eval_path.c.59.o relaxsec=.text.rtems_filesystem_eval_path_cleanup victimsec=.text.rtems_filesystem_eval_path_start rtype=3 symidx=32 sh_info=27 addend=0x0 oob_shndx=6 oob_type=3 shndx=18 fixup=0
MBDBG oob bfd=sup_fs_eval_path.c.59.o relaxsec=.text.rtems_filesystem_eval_path_cleanup victimsec=.text.rtems_filesystem_eval_path_start_with_parent rtype=3 symidx=37 sh_info=27 addend=0x0 oob_shndx=15 oob_type=3 shndx=18 fixup=0
MBDBG oob bfd=sup_fs_eval_path.c.59.o relaxsec=.text.rtems_filesystem_eval_path_cleanup victimsec=.text.rtems_filesystem_eval_path_start_with_parent rtype=3 symidx=38 sh_info=27 addend=0x0 oob_shndx=17 oob_type=3 shndx=18 fixup=0
MBDBG oob bfd=sup_fs_eval_path.c.59.o relaxsec=.text.rtems_filesystem_eval_path_cleanup victimsec=.text.rtems_filesystem_eval_path_start_with_parent rtype=3 symidx=38 sh_info=27 addend=0x0 oob_shndx=17 oob_type=3 shndx=18 fixup=0
MBDBG oob bfd=sup_fs_eval_path.c.59.o relaxsec=.text.rtems_filesystem_eval_path_cleanup victimsec=.text.rtems_filesystem_eval_path_start_with_parent rtype=3 symidx=32 sh_info=27 addend=0x0 oob_shndx=6 oob_type=3 shndx=18 fixup=0
MBDBG oob bfd=sup_fs_eval_path.c.59.o relaxsec=.text.rtems_filesystem_eval_path_cleanup victimsec=.text.rtems_filesystem_eval_path_start_with_parent rtype=3 symidx=35 sh_info=27 addend=0x0 oob_shndx=11 oob_type=3 shndx=18 fixup=0
MBDBG oob bfd=sup_fs_eval_path.c.59.o relaxsec=.text.rtems_filesystem_eval_path_cleanup victimsec=.text.rtems_filesystem_eval_path_start_with_parent rtype=3 symidx=31 sh_info=27 addend=0x0 oob_shndx=4 oob_type=3 shndx=18 fixup=0
MBDBG oob bfd=sup_fs_eval_path.c.59.o relaxsec=.text.rtems_filesystem_eval_path_cleanup victimsec=.text.rtems_filesystem_eval_path_error rtype=5 symidx=27 sh_info=27 addend=0x0 oob_shndx=0 oob_type=0 shndx=18 fixup=0
MBDBG oob bfd=sup_fs_eval_path.c.59.o relaxsec=.text.rtems_filesystem_eval_path_cleanup victimsec=.text.rtems_filesystem_eval_path_error rtype=4 symidx=28 sh_info=27 addend=0x0 oob_shndx=1 oob_type=3 shndx=18 fixup=0
MBDBG oob bfd=sup_fs_eval_path.c.59.o relaxsec=.text.rtems_filesystem_eval_path_cleanup victimsec=.text.rtems_filesystem_eval_path_error rtype=3 symidx=30 sh_info=27 addend=0x0 oob_shndx=3 oob_type=3 shndx=18 fixup=0
MBDBG oob bfd=sup_fs_eval_path.c.59.o relaxsec=.text.rtems_filesystem_eval_path_cleanup victimsec=.text.rtems_filesystem_eval_path_error rtype=4 symidx=28 sh_info=27 addend=0x0 oob_shndx=1 oob_type=3 shndx=18 fixup=0
MBDBG oob bfd=sup_fs_eval_path.c.59.o relaxsec=.text.rtems_filesystem_eval_path_cleanup victimsec=.text.rtems_filesystem_eval_path_cleanup_with_parent rtype=3 symidx=41 sh_info=27 addend=0x0 oob_shndx=0 oob_type=0 shndx=18 fixup=0
MBDBG oob bfd=sup_fs_eval_path.c.59.o relaxsec=.text.rtems_filesystem_eval_path_cleanup victimsec=.text.rtems_filesystem_eval_path_restart rtype=3 symidx=34 sh_info=27 addend=0x0 oob_shndx=10 oob_type=3 shndx=18 fixup=0
MBDBG oob bfd=sup_fs_eval_path.c.59.o relaxsec=.text.rtems_filesystem_eval_path_cleanup victimsec=.text.rtems_filesystem_eval_path_restart rtype=3 symidx=45 sh_info=27 addend=0x0 oob_shndx=4 oob_type=3 shndx=18 fixup=0
MBDBG oob bfd=sup_fs_eval_path.c.59.o relaxsec=.text.rtems_filesystem_eval_path_cleanup victimsec=.text.rtems_filesystem_eval_path_restart rtype=3 symidx=35 sh_info=27 addend=0x0 oob_shndx=11 oob_type=3 shndx=18 fixup=0
MBDBG oob bfd=sup_fs_eval_path.c.59.o relaxsec=.text.rtems_filesystem_eval_path_cleanup victimsec=.text.rtems_filesystem_eval_path_recursive rtype=5 symidx=27 sh_info=27 addend=0x0 oob_shndx=0 oob_type=0 shndx=18 fixup=0
MBDBG oob bfd=sup_fs_eval_path.c.59.o relaxsec=.text.rtems_filesystem_eval_path_cleanup victimsec=.text.rtems_filesystem_eval_path_recursive rtype=3 symidx=30 sh_info=27 addend=0x0 oob_shndx=3 oob_type=3 shndx=18 fixup=0
MBDBG oob bfd=sup_fs_eval_path.c.59.o relaxsec=.text.rtems_filesystem_eval_path_cleanup victimsec=.text.rtems_filesystem_eval_path_recursive rtype=3 symidx=28 sh_info=27 addend=0x0 oob_shndx=1 oob_type=3 shndx=18 fixup=0
MBDBG oob bfd=sup_fs_eval_path.c.59.o relaxsec=.text.rtems_filesystem_eval_path_cleanup victimsec=.text.rtems_filesystem_eval_path_recursive rtype=5 symidx=27 sh_info=27 addend=0x0 oob_shndx=0 oob_type=0 shndx=18 fixup=0
MBDBG oob bfd=sup_fs_eval_path.c.59.o relaxsec=.text.rtems_filesystem_eval_path_cleanup victimsec=.text.rtems_filesystem_eval_path_recursive rtype=3 symidx=30 sh_info=27 addend=0x0 oob_shndx=3 oob_type=3 shndx=18 fixup=0
MBDBG oob bfd=sup_fs_eval_path.c.59.o relaxsec=.text.rtems_filesystem_eval_path_cleanup victimsec=.text.rtems_filesystem_eval_path_recursive rtype=3 symidx=28 sh_info=27 addend=0x0 oob_shndx=1 oob_type=3 shndx=18 fixup=0
MBDBG oob bfd=sup_fs_eval_path.c.59.o relaxsec=.text.rtems_filesystem_eval_path_cleanup victimsec=.text.rtems_filesystem_eval_path_recursive rtype=3 symidx=44 sh_info=27 addend=0x0 oob_shndx=3 oob_type=3 shndx=18 fixup=0
MBDBG oob bfd=sup_fs_eval_path.c.59.o relaxsec=.text.rtems_filesystem_eval_path_restart victimsec=.text.check_access rtype=5 symidx=27 sh_info=27 addend=0x0 oob_shndx=0 oob_type=0 shndx=22 fixup=0
MBDBG oob bfd=sup_fs_eval_path.c.59.o relaxsec=.text.rtems_filesystem_eval_path_restart victimsec=.text.check_access rtype=4 symidx=28 sh_info=27 addend=0x0 oob_shndx=1 oob_type=3 shndx=22 fixup=0
MBDBG oob bfd=sup_fs_eval_path.c.59.o relaxsec=.text.rtems_filesystem_eval_path_restart victimsec=.text.check_access rtype=3 symidx=29 sh_info=27 addend=0x0 oob_shndx=2 oob_type=3 shndx=22 fixup=0
MBDBG oob bfd=sup_fs_eval_path.c.59.o relaxsec=.text.rtems_filesystem_eval_path_restart victimsec=.text.check_access rtype=5 symidx=27 sh_info=27 addend=0x0 oob_shndx=0 oob_type=0 shndx=22 fixup=0
MBDBG oob bfd=sup_fs_eval_path.c.59.o relaxsec=.text.rtems_filesystem_eval_path_restart victimsec=.text.check_access rtype=3 symidx=30 sh_info=27 addend=0x0 oob_shndx=3 oob_type=3 shndx=22 fixup=0
MBDBG oob bfd=sup_fs_eval_path.c.59.o relaxsec=.text.rtems_filesystem_eval_path_restart victimsec=.text.check_access rtype=4 symidx=28 sh_info=27 addend=0x0 oob_shndx=1 oob_type=3 shndx=22 fixup=0
MBDBG oob bfd=sup_fs_eval_path.c.59.o relaxsec=.text.rtems_filesystem_eval_path_restart victimsec=.text.check_access rtype=5 symidx=27 sh_info=27 addend=0x0 oob_shndx=0 oob_type=0 shndx=22 fixup=0
MBDBG oob bfd=sup_fs_eval_path.c.59.o relaxsec=.text.rtems_filesystem_eval_path_restart victimsec=.text.check_access rtype=3 symidx=30 sh_info=27 addend=0x0 oob_shndx=3 oob_type=3 shndx=22 fixup=0
MBDBG oob bfd=sup_fs_eval_path.c.59.o relaxsec=.text.rtems_filesystem_eval_path_restart victimsec=.text.check_access rtype=4 symidx=28 sh_info=27 addend=0x0 oob_shndx=1 oob_type=3 shndx=22 fixup=0
MBDBG oob bfd=sup_fs_eval_path.c.59.o relaxsec=.text.rtems_filesystem_eval_path_restart victimsec=.text.rtems_filesystem_eval_path_continue rtype=5 symidx=27 sh_info=27 addend=0x0 oob_shndx=0 oob_type=0 shndx=22 fixup=0
MBDBG oob bfd=sup_fs_eval_path.c.59.o relaxsec=.text.rtems_filesystem_eval_path_restart victimsec=.text.rtems_filesystem_eval_path_continue rtype=3 symidx=30 sh_info=27 addend=0x0 oob_shndx=3 oob_type=3 shndx=22 fixup=0
MBDBG oob bfd=sup_fs_eval_path.c.59.o relaxsec=.text.rtems_filesystem_eval_path_restart victimsec=.text.rtems_filesystem_eval_path_continue rtype=4 symidx=28 sh_info=27 addend=0x0 oob_shndx=1 oob_type=3 shndx=22 fixup=0
MBDBG oob bfd=sup_fs_eval_path.c.59.o relaxsec=.text.rtems_filesystem_eval_path_restart victimsec=.text.rtems_filesystem_eval_path_continue rtype=5 symidx=27 sh_info=27 addend=0x0 oob_shndx=0 oob_type=0 shndx=22 fixup=0
MBDBG oob bfd=sup_fs_eval_path.c.59.o relaxsec=.text.rtems_filesystem_eval_path_restart victimsec=.text.rtems_filesystem_eval_path_continue rtype=3 symidx=30 sh_info=27 addend=0x0 oob_shndx=3 oob_type=3 shndx=22 fixup=0
MBDBG oob bfd=sup_fs_eval_path.c.59.o relaxsec=.text.rtems_filesystem_eval_path_restart victimsec=.text.rtems_filesystem_eval_path_continue rtype=4 symidx=28 sh_info=27 addend=0x0 oob_shndx=1 oob_type=3 shndx=22 fixup=0
MBDBG oob bfd=sup_fs_eval_path.c.59.o relaxsec=.text.rtems_filesystem_eval_path_restart victimsec=.text.rtems_filesystem_eval_path_start_with_root_and_current rtype=3 symidx=33 sh_info=27 addend=0x0 oob_shndx=8 oob_type=3 shndx=22 fixup=0
MBDBG oob bfd=sup_fs_eval_path.c.59.o relaxsec=.text.rtems_filesystem_eval_path_restart victimsec=.text.rtems_filesystem_eval_path_start_with_root_and_current rtype=4 symidx=34 sh_info=27 addend=0x0 oob_shndx=10 oob_type=3 shndx=22 fixup=0
MBDBG oob bfd=sup_fs_eval_path.c.59.o relaxsec=.text.rtems_filesystem_eval_path_restart victimsec=.text.rtems_filesystem_eval_path_start_with_root_and_current rtype=4 symidx=34 sh_info=27 addend=0x0 oob_shndx=10 oob_type=3 shndx=22 fixup=0
MBDBG oob bfd=sup_fs_eval_path.c.59.o relaxsec=.text.rtems_filesystem_eval_path_restart victimsec=.text.rtems_filesystem_eval_path_start_with_root_and_current rtype=4 symidx=34 sh_info=27 addend=0x0 oob_shndx=10 oob_type=3 shndx=22 fixup=0
MBDBG oob bfd=sup_fs_eval_path.c.59.o relaxsec=.text.rtems_filesystem_eval_path_restart victimsec=.text.rtems_filesystem_eval_path_start_with_root_and_current rtype=4 symidx=34 sh_info=27 addend=0x0 oob_shndx=10 oob_type=3 shndx=22 fixup=0
MBDBG oob bfd=sup_fs_eval_path.c.59.o relaxsec=.text.rtems_filesystem_eval_path_restart victimsec=.text.rtems_filesystem_eval_path_start_with_root_and_current rtype=3 symidx=30 sh_info=27 addend=0x0 oob_shndx=3 oob_type=3 shndx=22 fixup=0
MBDBG oob bfd=sup_fs_eval_path.c.59.o relaxsec=.text.rtems_filesystem_eval_path_restart victimsec=.text.rtems_filesystem_eval_path_start_with_root_and_current rtype=3 symidx=35 sh_info=27 addend=0x0 oob_shndx=11 oob_type=3 shndx=22 fixup=0
MBDBG oob bfd=sup_fs_eval_path.c.59.o relaxsec=.text.rtems_filesystem_eval_path_restart victimsec=.text.rtems_filesystem_eval_path_start_with_root_and_current rtype=3 symidx=31 sh_info=27 addend=0x0 oob_shndx=4 oob_type=3 shndx=22 fixup=0
MBDBG oob bfd=sup_fs_eval_path.c.59.o relaxsec=.text.rtems_filesystem_eval_path_restart victimsec=.text.rtems_filesystem_eval_path_start_with_root_and_current rtype=4 symidx=34 sh_info=27 addend=0x0 oob_shndx=10 oob_type=3 shndx=22 fixup=0
MBDBG oob bfd=sup_fs_eval_path.c.59.o relaxsec=.text.rtems_filesystem_eval_path_restart victimsec=.text.rtems_filesystem_eval_path_start rtype=3 symidx=37 sh_info=27 addend=0x0 oob_shndx=15 oob_type=3 shndx=22 fixup=0
MBDBG oob bfd=sup_fs_eval_path.c.59.o relaxsec=.text.rtems_filesystem_eval_path_restart victimsec=.text.rtems_filesystem_eval_path_start rtype=3 symidx=38 sh_info=27 addend=0x0 oob_shndx=17 oob_type=3 shndx=22 fixup=0
MBDBG oob bfd=sup_fs_eval_path.c.59.o relaxsec=.text.rtems_filesystem_eval_path_restart victimsec=.text.rtems_filesystem_eval_path_start rtype=3 symidx=38 sh_info=27 addend=0x0 oob_shndx=17 oob_type=3 shndx=22 fixup=0
MBDBG oob bfd=sup_fs_eval_path.c.59.o relaxsec=.text.rtems_filesystem_eval_path_restart victimsec=.text.rtems_filesystem_eval_path_start rtype=3 symidx=32 sh_info=27 addend=0x0 oob_shndx=6 oob_type=3 shndx=22 fixup=0
MBDBG oob bfd=sup_fs_eval_path.c.59.o relaxsec=.text.rtems_filesystem_eval_path_restart victimsec=.text.rtems_filesystem_eval_path_start_with_parent rtype=3 symidx=37 sh_info=27 addend=0x0 oob_shndx=15 oob_type=3 shndx=22 fixup=0
MBDBG oob bfd=sup_fs_eval_path.c.59.o relaxsec=.text.rtems_filesystem_eval_path_restart victimsec=.text.rtems_filesystem_eval_path_start_with_parent rtype=3 symidx=38 sh_info=27 addend=0x0 oob_shndx=17 oob_type=3 shndx=22 fixup=0
MBDBG oob bfd=sup_fs_eval_path.c.59.o relaxsec=.text.rtems_filesystem_eval_path_restart victimsec=.text.rtems_filesystem_eval_path_start_with_parent rtype=3 symidx=38 sh_info=27 addend=0x0 oob_shndx=17 oob_type=3 shndx=22 fixup=0
MBDBG oob bfd=sup_fs_eval_path.c.59.o relaxsec=.text.rtems_filesystem_eval_path_restart victimsec=.text.rtems_filesystem_eval_path_start_with_parent rtype=3 symidx=32 sh_info=27 addend=0x0 oob_shndx=6 oob_type=3 shndx=22 fixup=0
MBDBG oob bfd=sup_fs_eval_path.c.59.o relaxsec=.text.rtems_filesystem_eval_path_restart victimsec=.text.rtems_filesystem_eval_path_start_with_parent rtype=3 symidx=35 sh_info=27 addend=0x0 oob_shndx=11 oob_type=3 shndx=22 fixup=0
MBDBG oob bfd=sup_fs_eval_path.c.59.o relaxsec=.text.rtems_filesystem_eval_path_restart victimsec=.text.rtems_filesystem_eval_path_start_with_parent rtype=3 symidx=31 sh_info=27 addend=0x0 oob_shndx=4 oob_type=3 shndx=22 fixup=0
MBDBG oob bfd=sup_fs_eval_path.c.59.o relaxsec=.text.rtems_filesystem_eval_path_restart victimsec=.text.rtems_filesystem_eval_path_error rtype=5 symidx=27 sh_info=27 addend=0x0 oob_shndx=0 oob_type=0 shndx=22 fixup=0
MBDBG oob bfd=sup_fs_eval_path.c.59.o relaxsec=.text.rtems_filesystem_eval_path_restart victimsec=.text.rtems_filesystem_eval_path_error rtype=4 symidx=28 sh_info=27 addend=0x0 oob_shndx=1 oob_type=3 shndx=22 fixup=0
MBDBG oob bfd=sup_fs_eval_path.c.59.o relaxsec=.text.rtems_filesystem_eval_path_restart victimsec=.text.rtems_filesystem_eval_path_error rtype=3 symidx=30 sh_info=27 addend=0x0 oob_shndx=3 oob_type=3 shndx=22 fixup=0
MBDBG oob bfd=sup_fs_eval_path.c.59.o relaxsec=.text.rtems_filesystem_eval_path_restart victimsec=.text.rtems_filesystem_eval_path_error rtype=4 symidx=28 sh_info=27 addend=0x0 oob_shndx=1 oob_type=3 shndx=22 fixup=0
MBDBG oob bfd=sup_fs_eval_path.c.59.o relaxsec=.text.rtems_filesystem_eval_path_restart victimsec=.text.rtems_filesystem_eval_path_cleanup rtype=4 symidx=42 sh_info=27 addend=0x0 oob_shndx=1 oob_type=3 shndx=22 fixup=0
MBDBG oob bfd=sup_fs_eval_path.c.59.o relaxsec=.text.rtems_filesystem_eval_path_restart victimsec=.text.rtems_filesystem_eval_path_cleanup rtype=4 symidx=42 sh_info=27 addend=0x0 oob_shndx=1 oob_type=3 shndx=22 fixup=0
MBDBG oob bfd=sup_fs_eval_path.c.59.o relaxsec=.text.rtems_filesystem_eval_path_restart victimsec=.text.rtems_filesystem_eval_path_cleanup_with_parent rtype=3 symidx=41 sh_info=27 addend=0x0 oob_shndx=0 oob_type=0 shndx=22 fixup=0
MBDBG oob bfd=sup_fs_eval_path.c.59.o relaxsec=.text.rtems_filesystem_eval_path_restart victimsec=.text.rtems_filesystem_eval_path_recursive rtype=5 symidx=27 sh_info=27 addend=0x0 oob_shndx=0 oob_type=0 shndx=22 fixup=0
MBDBG oob bfd=sup_fs_eval_path.c.59.o relaxsec=.text.rtems_filesystem_eval_path_restart victimsec=.text.rtems_filesystem_eval_path_recursive rtype=3 symidx=30 sh_info=27 addend=0x0 oob_shndx=3 oob_type=3 shndx=22 fixup=0
MBDBG oob bfd=sup_fs_eval_path.c.59.o relaxsec=.text.rtems_filesystem_eval_path_restart victimsec=.text.rtems_filesystem_eval_path_recursive rtype=3 symidx=28 sh_info=27 addend=0x0 oob_shndx=1 oob_type=3 shndx=22 fixup=0
MBDBG oob bfd=sup_fs_eval_path.c.59.o relaxsec=.text.rtems_filesystem_eval_path_restart victimsec=.text.rtems_filesystem_eval_path_recursive rtype=5 symidx=27 sh_info=27 addend=0x0 oob_shndx=0 oob_type=0 shndx=22 fixup=0
MBDBG oob bfd=sup_fs_eval_path.c.59.o relaxsec=.text.rtems_filesystem_eval_path_restart victimsec=.text.rtems_filesystem_eval_path_recursive rtype=3 symidx=30 sh_info=27 addend=0x0 oob_shndx=3 oob_type=3 shndx=22 fixup=0
MBDBG oob bfd=sup_fs_eval_path.c.59.o relaxsec=.text.rtems_filesystem_eval_path_restart victimsec=.text.rtems_filesystem_eval_path_recursive rtype=3 symidx=28 sh_info=27 addend=0x0 oob_shndx=1 oob_type=3 shndx=22 fixup=0
MBDBG oob bfd=sup_fs_eval_path.c.59.o relaxsec=.text.rtems_filesystem_eval_path_restart victimsec=.text.rtems_filesystem_eval_path_recursive rtype=3 symidx=44 sh_info=27 addend=0x0 oob_shndx=3 oob_type=3 shndx=22 fixup=0
MBDBG oob bfd=sup_fs_eval_path.c.59.o relaxsec=.text.rtems_filesystem_eval_path_recursive victimsec=.text.check_access rtype=5 symidx=27 sh_info=27 addend=0x0 oob_shndx=0 oob_type=0 shndx=24 fixup=0
MBDBG oob bfd=sup_fs_eval_path.c.59.o relaxsec=.text.rtems_filesystem_eval_path_recursive victimsec=.text.check_access rtype=4 symidx=28 sh_info=27 addend=0x0 oob_shndx=1 oob_type=3 shndx=24 fixup=0
MBDBG oob bfd=sup_fs_eval_path.c.59.o relaxsec=.text.rtems_filesystem_eval_path_recursive victimsec=.text.check_access rtype=3 symidx=29 sh_info=27 addend=0x0 oob_shndx=2 oob_type=3 shndx=24 fixup=0
MBDBG oob bfd=sup_fs_eval_path.c.59.o relaxsec=.text.rtems_filesystem_eval_path_recursive victimsec=.text.check_access rtype=5 symidx=27 sh_info=27 addend=0x0 oob_shndx=0 oob_type=0 shndx=24 fixup=0
MBDBG oob bfd=sup_fs_eval_path.c.59.o relaxsec=.text.rtems_filesystem_eval_path_recursive victimsec=.text.check_access rtype=3 symidx=30 sh_info=27 addend=0x0 oob_shndx=3 oob_type=3 shndx=24 fixup=0
MBDBG oob bfd=sup_fs_eval_path.c.59.o relaxsec=.text.rtems_filesystem_eval_path_recursive victimsec=.text.check_access rtype=4 symidx=28 sh_info=27 addend=0x0 oob_shndx=1 oob_type=3 shndx=24 fixup=0
MBDBG oob bfd=sup_fs_eval_path.c.59.o relaxsec=.text.rtems_filesystem_eval_path_recursive victimsec=.text.check_access rtype=5 symidx=27 sh_info=27 addend=0x0 oob_shndx=0 oob_type=0 shndx=24 fixup=0
MBDBG oob bfd=sup_fs_eval_path.c.59.o relaxsec=.text.rtems_filesystem_eval_path_recursive victimsec=.text.check_access rtype=3 symidx=30 sh_info=27 addend=0x0 oob_shndx=3 oob_type=3 shndx=24 fixup=0
MBDBG oob bfd=sup_fs_eval_path.c.59.o relaxsec=.text.rtems_filesystem_eval_path_recursive victimsec=.text.check_access rtype=4 symidx=28 sh_info=27 addend=0x0 oob_shndx=1 oob_type=3 shndx=24 fixup=0
MBDBG oob bfd=sup_fs_eval_path.c.59.o relaxsec=.text.rtems_filesystem_eval_path_recursive victimsec=.text.rtems_filesystem_eval_path_continue rtype=5 symidx=27 sh_info=27 addend=0x0 oob_shndx=0 oob_type=0 shndx=24 fixup=0
MBDBG oob bfd=sup_fs_eval_path.c.59.o relaxsec=.text.rtems_filesystem_eval_path_recursive victimsec=.text.rtems_filesystem_eval_path_continue rtype=3 symidx=30 sh_info=27 addend=0x0 oob_shndx=3 oob_type=3 shndx=24 fixup=0
MBDBG oob bfd=sup_fs_eval_path.c.59.o relaxsec=.text.rtems_filesystem_eval_path_recursive victimsec=.text.rtems_filesystem_eval_path_continue rtype=4 symidx=28 sh_info=27 addend=0x0 oob_shndx=1 oob_type=3 shndx=24 fixup=0
MBDBG oob bfd=sup_fs_eval_path.c.59.o relaxsec=.text.rtems_filesystem_eval_path_recursive victimsec=.text.rtems_filesystem_eval_path_continue rtype=5 symidx=27 sh_info=27 addend=0x0 oob_shndx=0 oob_type=0 shndx=24 fixup=0
MBDBG oob bfd=sup_fs_eval_path.c.59.o relaxsec=.text.rtems_filesystem_eval_path_recursive victimsec=.text.rtems_filesystem_eval_path_continue rtype=3 symidx=30 sh_info=27 addend=0x0 oob_shndx=3 oob_type=3 shndx=24 fixup=0
MBDBG oob bfd=sup_fs_eval_path.c.59.o relaxsec=.text.rtems_filesystem_eval_path_recursive victimsec=.text.rtems_filesystem_eval_path_continue rtype=4 symidx=28 sh_info=27 addend=0x0 oob_shndx=1 oob_type=3 shndx=24 fixup=0
MBDBG oob bfd=sup_fs_eval_path.c.59.o relaxsec=.text.rtems_filesystem_eval_path_recursive victimsec=.text.rtems_filesystem_eval_path_start_with_root_and_current rtype=3 symidx=33 sh_info=27 addend=0x0 oob_shndx=8 oob_type=3 shndx=24 fixup=0
MBDBG oob bfd=sup_fs_eval_path.c.59.o relaxsec=.text.rtems_filesystem_eval_path_recursive victimsec=.text.rtems_filesystem_eval_path_start_with_root_and_current rtype=4 symidx=34 sh_info=27 addend=0x0 oob_shndx=10 oob_type=3 shndx=24 fixup=0
MBDBG oob bfd=sup_fs_eval_path.c.59.o relaxsec=.text.rtems_filesystem_eval_path_recursive victimsec=.text.rtems_filesystem_eval_path_start_with_root_and_current rtype=4 symidx=34 sh_info=27 addend=0x0 oob_shndx=10 oob_type=3 shndx=24 fixup=0
MBDBG oob bfd=sup_fs_eval_path.c.59.o relaxsec=.text.rtems_filesystem_eval_path_recursive victimsec=.text.rtems_filesystem_eval_path_start_with_root_and_current rtype=4 symidx=34 sh_info=27 addend=0x0 oob_shndx=10 oob_type=3 shndx=24 fixup=0
MBDBG oob bfd=sup_fs_eval_path.c.59.o relaxsec=.text.rtems_filesystem_eval_path_recursive victimsec=.text.rtems_filesystem_eval_path_start_with_root_and_current rtype=4 symidx=34 sh_info=27 addend=0x0 oob_shndx=10 oob_type=3 shndx=24 fixup=0
MBDBG oob bfd=sup_fs_eval_path.c.59.o relaxsec=.text.rtems_filesystem_eval_path_recursive victimsec=.text.rtems_filesystem_eval_path_start_with_root_and_current rtype=3 symidx=30 sh_info=27 addend=0x0 oob_shndx=3 oob_type=3 shndx=24 fixup=0
MBDBG oob bfd=sup_fs_eval_path.c.59.o relaxsec=.text.rtems_filesystem_eval_path_recursive victimsec=.text.rtems_filesystem_eval_path_start_with_root_and_current rtype=3 symidx=35 sh_info=27 addend=0x0 oob_shndx=11 oob_type=3 shndx=24 fixup=0
MBDBG oob bfd=sup_fs_eval_path.c.59.o relaxsec=.text.rtems_filesystem_eval_path_recursive victimsec=.text.rtems_filesystem_eval_path_start_with_root_and_current rtype=3 symidx=31 sh_info=27 addend=0x0 oob_shndx=4 oob_type=3 shndx=24 fixup=0
MBDBG oob bfd=sup_fs_eval_path.c.59.o relaxsec=.text.rtems_filesystem_eval_path_recursive victimsec=.text.rtems_filesystem_eval_path_start_with_root_and_current rtype=4 symidx=34 sh_info=27 addend=0x0 oob_shndx=10 oob_type=3 shndx=24 fixup=0
MBDBG oob bfd=sup_fs_eval_path.c.59.o relaxsec=.text.rtems_filesystem_eval_path_recursive victimsec=.text.rtems_filesystem_eval_path_start rtype=3 symidx=37 sh_info=27 addend=0x0 oob_shndx=15 oob_type=3 shndx=24 fixup=0
MBDBG oob bfd=sup_fs_eval_path.c.59.o relaxsec=.text.rtems_filesystem_eval_path_recursive victimsec=.text.rtems_filesystem_eval_path_start rtype=3 symidx=38 sh_info=27 addend=0x0 oob_shndx=17 oob_type=3 shndx=24 fixup=0
MBDBG oob bfd=sup_fs_eval_path.c.59.o relaxsec=.text.rtems_filesystem_eval_path_recursive victimsec=.text.rtems_filesystem_eval_path_start rtype=3 symidx=38 sh_info=27 addend=0x0 oob_shndx=17 oob_type=3 shndx=24 fixup=0
MBDBG oob bfd=sup_fs_eval_path.c.59.o relaxsec=.text.rtems_filesystem_eval_path_recursive victimsec=.text.rtems_filesystem_eval_path_start rtype=3 symidx=32 sh_info=27 addend=0x0 oob_shndx=6 oob_type=3 shndx=24 fixup=0
MBDBG oob bfd=sup_fs_eval_path.c.59.o relaxsec=.text.rtems_filesystem_eval_path_recursive victimsec=.text.rtems_filesystem_eval_path_start_with_parent rtype=3 symidx=37 sh_info=27 addend=0x0 oob_shndx=15 oob_type=3 shndx=24 fixup=0
MBDBG oob bfd=sup_fs_eval_path.c.59.o relaxsec=.text.rtems_filesystem_eval_path_recursive victimsec=.text.rtems_filesystem_eval_path_start_with_parent rtype=3 symidx=38 sh_info=27 addend=0x0 oob_shndx=17 oob_type=3 shndx=24 fixup=0
MBDBG oob bfd=sup_fs_eval_path.c.59.o relaxsec=.text.rtems_filesystem_eval_path_recursive victimsec=.text.rtems_filesystem_eval_path_start_with_parent rtype=3 symidx=38 sh_info=27 addend=0x0 oob_shndx=17 oob_type=3 shndx=24 fixup=0
MBDBG oob bfd=sup_fs_eval_path.c.59.o relaxsec=.text.rtems_filesystem_eval_path_recursive victimsec=.text.rtems_filesystem_eval_path_start_with_parent rtype=3 symidx=32 sh_info=27 addend=0x0 oob_shndx=6 oob_type=3 shndx=24 fixup=0
MBDBG oob bfd=sup_fs_eval_path.c.59.o relaxsec=.text.rtems_filesystem_eval_path_recursive victimsec=.text.rtems_filesystem_eval_path_start_with_parent rtype=3 symidx=35 sh_info=27 addend=0x0 oob_shndx=11 oob_type=3 shndx=24 fixup=0
MBDBG oob bfd=sup_fs_eval_path.c.59.o relaxsec=.text.rtems_filesystem_eval_path_recursive victimsec=.text.rtems_filesystem_eval_path_start_with_parent rtype=3 symidx=31 sh_info=27 addend=0x0 oob_shndx=4 oob_type=3 shndx=24 fixup=0
MBDBG oob bfd=sup_fs_eval_path.c.59.o relaxsec=.text.rtems_filesystem_eval_path_recursive victimsec=.text.rtems_filesystem_eval_path_error rtype=5 symidx=27 sh_info=27 addend=0x0 oob_shndx=0 oob_type=0 shndx=24 fixup=0
MBDBG oob bfd=sup_fs_eval_path.c.59.o relaxsec=.text.rtems_filesystem_eval_path_recursive victimsec=.text.rtems_filesystem_eval_path_error rtype=4 symidx=28 sh_info=27 addend=0x0 oob_shndx=1 oob_type=3 shndx=24 fixup=0
MBDBG oob bfd=sup_fs_eval_path.c.59.o relaxsec=.text.rtems_filesystem_eval_path_recursive victimsec=.text.rtems_filesystem_eval_path_error rtype=3 symidx=30 sh_info=27 addend=0x0 oob_shndx=3 oob_type=3 shndx=24 fixup=0
MBDBG oob bfd=sup_fs_eval_path.c.59.o relaxsec=.text.rtems_filesystem_eval_path_recursive victimsec=.text.rtems_filesystem_eval_path_error rtype=4 symidx=28 sh_info=27 addend=0x0 oob_shndx=1 oob_type=3 shndx=24 fixup=0
MBDBG oob bfd=sup_fs_eval_path.c.59.o relaxsec=.text.rtems_filesystem_eval_path_recursive victimsec=.text.rtems_filesystem_eval_path_cleanup rtype=4 symidx=42 sh_info=27 addend=0x0 oob_shndx=1 oob_type=3 shndx=24 fixup=0
MBDBG oob bfd=sup_fs_eval_path.c.59.o relaxsec=.text.rtems_filesystem_eval_path_recursive victimsec=.text.rtems_filesystem_eval_path_cleanup rtype=4 symidx=42 sh_info=27 addend=0x0 oob_shndx=1 oob_type=3 shndx=24 fixup=0
MBDBG oob bfd=sup_fs_eval_path.c.59.o relaxsec=.text.rtems_filesystem_eval_path_recursive victimsec=.text.rtems_filesystem_eval_path_cleanup_with_parent rtype=3 symidx=41 sh_info=27 addend=0x0 oob_shndx=0 oob_type=0 shndx=24 fixup=0
MBDBG oob bfd=sup_fs_eval_path.c.59.o relaxsec=.text.rtems_filesystem_eval_path_recursive victimsec=.text.rtems_filesystem_eval_path_restart rtype=4 symidx=34 sh_info=27 addend=0x0 oob_shndx=10 oob_type=3 shndx=24 fixup=0
MBDBG oob bfd=sup_fs_eval_path.c.59.o relaxsec=.text.rtems_filesystem_eval_path_recursive victimsec=.text.rtems_filesystem_eval_path_restart rtype=4 symidx=45 sh_info=27 addend=0x0 oob_shndx=4 oob_type=3 shndx=24 fixup=0
MBDBG oob bfd=sup_fs_eval_path.c.59.o relaxsec=.text.rtems_filesystem_eval_path_recursive victimsec=.text.rtems_filesystem_eval_path_restart rtype=3 symidx=35 sh_info=27 addend=0x0 oob_shndx=11 oob_type=3 shndx=24 fixup=0
MBDBG oob bfd=sup_fs_location.c.59.o relaxsec=.text.rtems_filesystem_do_unmount victimsec=.text.rtems_filesystem_location_detach rtype=3 symidx=29 sh_info=27 addend=0x0 oob_shndx=2 oob_type=3 shndx=9 fixup=0
MBDBG oob bfd=sup_fs_location.c.59.o relaxsec=.text.rtems_filesystem_do_unmount victimsec=.text.rtems_filesystem_location_detach rtype=5 symidx=30 sh_info=27 addend=0x0 oob_shndx=3 oob_type=3 shndx=9 fixup=0
MBDBG oob bfd=sup_fs_location.c.59.o relaxsec=.text.rtems_filesystem_do_unmount victimsec=.text.release_with_count rtype=3 symidx=29 sh_info=27 addend=0x0 oob_shndx=2 oob_type=3 shndx=9 fixup=0
MBDBG oob bfd=sup_fs_location.c.59.o relaxsec=.text.rtems_filesystem_do_unmount victimsec=.text.release_with_count rtype=3 symidx=36 sh_info=27 addend=0x0 oob_shndx=13 oob_type=3 shndx=9 fixup=0
MBDBG oob bfd=sup_fs_location.c.59.o relaxsec=.text.rtems_filesystem_do_unmount victimsec=.text.release_with_count rtype=3 symidx=32 sh_info=27 addend=0x0 oob_shndx=6 oob_type=3 shndx=9 fixup=0
MBDBG oob bfd=sup_fs_location.c.59.o relaxsec=.text.rtems_filesystem_do_unmount victimsec=.text.rtems_filesystem_global_location_obtain rtype=3 symidx=39 sh_info=27 addend=0x0 oob_shndx=19 oob_type=3 shndx=9 fixup=0
MBDBG oob bfd=sup_fs_location.c.59.o relaxsec=.text.rtems_filesystem_do_unmount victimsec=.text.rtems_filesystem_global_location_obtain rtype=5 symidx=30 sh_info=27 addend=0x0 oob_shndx=3 oob_type=3 shndx=9 fixup=0
MBDBG oob bfd=sup_fs_location.c.59.o relaxsec=.text.rtems_filesystem_do_unmount victimsec=.text.rtems_filesystem_location_remove_from_mt_entry rtype=3 symidx=32 sh_info=27 addend=0x0 oob_shndx=6 oob_type=3 shndx=9 fixup=0
MBDBG oob bfd=sup_fs_location.c.59.o relaxsec=.text.rtems_filesystem_do_unmount victimsec=.text.rtems_filesystem_location_copy_and_detach rtype=3 symidx=41 sh_info=27 addend=0x0 oob_shndx=0 oob_type=0 shndx=9 fixup=0
MBDBG oob bfd=sup_fs_location.c.59.o relaxsec=.text.rtems_filesystem_do_unmount victimsec=.text.rtems_filesystem_location_copy_and_detach rtype=5 symidx=30 sh_info=27 addend=0x0 oob_shndx=3 oob_type=3 shndx=9 fixup=0
MBDBG oob bfd=sup_fs_location.c.59.o relaxsec=.text.rtems_filesystem_do_unmount victimsec=.text.rtems_filesystem_location_transform_to_global rtype=3 symidx=44 sh_info=27 addend=0x0 oob_shndx=3 oob_type=3 shndx=9 fixup=0
MBDBG oob bfd=sup_fs_location.c.59.o relaxsec=.text.rtems_filesystem_do_unmount victimsec=.text.rtems_filesystem_location_transform_to_global rtype=3 symidx=41 sh_info=27 addend=0x0 oob_shndx=0 oob_type=0 shndx=9 fixup=0
MBDBG oob bfd=sup_fs_location.c.59.o relaxsec=.text.rtems_filesystem_do_unmount victimsec=.text.rtems_filesystem_location_transform_to_global rtype=3 symidx=29 sh_info=27 addend=0x0 oob_shndx=2 oob_type=3 shndx=9 fixup=0
MBDBG oob bfd=sup_fs_location.c.59.o relaxsec=.text.rtems_filesystem_do_unmount victimsec=.text.rtems_filesystem_location_transform_to_global rtype=3 symidx=38 sh_info=27 addend=0x0 oob_shndx=17 oob_type=3 shndx=9 fixup=0
MBDBG oob bfd=sup_fs_location.c.59.o relaxsec=.text.rtems_filesystem_do_unmount victimsec=.text.rtems_filesystem_location_transform_to_global rtype=3 symidx=39 sh_info=27 addend=0x0 oob_shndx=19 oob_type=3 shndx=9 fixup=0
MBDBG oob bfd=imfs_dir_default.c.59.o relaxsec=.text.IMFS_stat_directory victimsec=.text.IMFS_dir_read rtype=3 symidx=21 sh_info=20 addend=0x0 oob_shndx=1 oob_type=3 shndx=4 fixup=0
MBDBG oob bfd=imfs_initsupp.c.59.o relaxsec=.text.IMFS_initialize_support victimsec=.text.IMFS_node_initialize_enosys rtype=3 symidx=19 sh_info=19 addend=0x0 oob_shndx=0 oob_type=0 shndx=7 fixup=0
MBDBG oob bfd=imfs_link.c.59.o relaxsec=.text.IMFS_node_remove_hard_link victimsec=.text.IMFS_link rtype=3 symidx=27 sh_info=24 addend=0x0 oob_shndx=3 oob_type=3 shndx=6 fixup=0
MBDBG oob bfd=imfs_link.c.59.o relaxsec=.text.IMFS_node_remove_hard_link victimsec=.text.IMFS_link rtype=3 symidx=25 sh_info=24 addend=0x0 oob_shndx=1 oob_type=3 shndx=6 fixup=0
MBDBG oob bfd=imfs_link.c.59.o relaxsec=.text.IMFS_node_remove_hard_link victimsec=.text.IMFS_link rtype=3 symidx=28 sh_info=24 addend=0x0 oob_shndx=4 oob_type=3 shndx=6 fixup=0
MBDBG oob bfd=imfs_link.c.59.o relaxsec=.text.IMFS_node_remove_hard_link victimsec=.text.IMFS_link rtype=3 symidx=28 sh_info=24 addend=0x0 oob_shndx=4 oob_type=3 shndx=6 fixup=0
MBDBG oob bfd=imfs_link.c.59.o relaxsec=.text.IMFS_link victimsec=.text.IMFS_node_remove_hard_link rtype=4 symidx=24 sh_info=24 addend=0x0 oob_shndx=0 oob_type=0 shndx=8 fixup=0
MBDBG oob bfd=imfs_link.c.59.o relaxsec=.text.IMFS_link victimsec=.text.IMFS_node_remove_hard_link rtype=4 symidx=25 sh_info=24 addend=0x0 oob_shndx=1 oob_type=3 shndx=8 fixup=0
MBDBG oob bfd=imfs_memfile.c.59.o relaxsec=.text.IMFS_memfile_destroy victimsec=.text.memfile_free_blocks_in_table rtype=5 symidx=35 sh_info=35 addend=0x0 oob_shndx=0 oob_type=1 shndx=6 fixup=0
MBDBG oob bfd=imfs_memfile.c.59.o relaxsec=.text.IMFS_memfile_destroy victimsec=.text.memfile_free_blocks_in_table rtype=5 symidx=35 sh_info=35 addend=0x0 oob_shndx=0 oob_type=1 shndx=6 fixup=0
MBDBG oob bfd=imfs_memfile.c.59.o relaxsec=.text.IMFS_memfile_destroy victimsec=.text.memfile_free_blocks_in_table rtype=5 symidx=36 sh_info=35 addend=0x0 oob_shndx=1281 oob_type=6 shndx=6 fixup=0
MBDBG oob bfd=imfs_memfile.c.59.o relaxsec=.text.IMFS_memfile_destroy victimsec=.text.memfile_free_blocks_in_table rtype=5 symidx=36 sh_info=35 addend=0x0 oob_shndx=1281 oob_type=6 shndx=6 fixup=0
MBDBG oob bfd=imfs_memfile.c.59.o relaxsec=.text.IMFS_memfile_destroy victimsec=.text.memfile_free_blocks_in_table rtype=5 symidx=36 sh_info=35 addend=0x0 oob_shndx=1281 oob_type=6 shndx=6 fixup=0
MBDBG oob bfd=imfs_memfile.c.59.o relaxsec=.text.IMFS_memfile_destroy victimsec=.text.memfile_free_blocks_in_table rtype=5 symidx=36 sh_info=35 addend=0x0 oob_shndx=1281 oob_type=6 shndx=6 fixup=0
MBDBG oob bfd=imfs_memfile.c.59.o relaxsec=.text.IMFS_memfile_destroy victimsec=.text.IMFS_memfile_get_block_pointer rtype=5 symidx=37 sh_info=35 addend=0x0 oob_shndx=0 oob_type=8 shndx=6 fixup=0
MBDBG oob bfd=imfs_memfile.c.59.o relaxsec=.text.IMFS_memfile_destroy victimsec=.text.IMFS_memfile_get_block_pointer rtype=5 symidx=35 sh_info=35 addend=0x0 oob_shndx=0 oob_type=1 shndx=6 fixup=0
MBDBG oob bfd=imfs_memfile.c.59.o relaxsec=.text.IMFS_memfile_destroy victimsec=.text.IMFS_memfile_get_block_pointer rtype=5 symidx=36 sh_info=35 addend=0x0 oob_shndx=1281 oob_type=6 shndx=6 fixup=0
MBDBG oob bfd=imfs_memfile.c.59.o relaxsec=.text.IMFS_memfile_destroy victimsec=.text.IMFS_memfile_get_block_pointer rtype=5 symidx=36 sh_info=35 addend=0x0 oob_shndx=1281 oob_type=6 shndx=6 fixup=0
MBDBG oob bfd=imfs_memfile.c.59.o relaxsec=.text.IMFS_memfile_destroy victimsec=.text.IMFS_memfile_get_block_pointer rtype=5 symidx=35 sh_info=35 addend=0x0 oob_shndx=0 oob_type=1 shndx=6 fixup=0
MBDBG oob bfd=imfs_memfile.c.59.o relaxsec=.text.IMFS_memfile_destroy victimsec=.text.IMFS_memfile_get_block_pointer rtype=5 symidx=36 sh_info=35 addend=0x0 oob_shndx=1281 oob_type=6 shndx=6 fixup=0
MBDBG oob bfd=imfs_memfile.c.59.o relaxsec=.text.IMFS_memfile_destroy victimsec=.text.IMFS_memfile_get_block_pointer rtype=5 symidx=36 sh_info=35 addend=0x0 oob_shndx=1281 oob_type=6 shndx=6 fixup=0
MBDBG oob bfd=imfs_memfile.c.59.o relaxsec=.text.IMFS_memfile_destroy victimsec=.text.IMFS_memfile_get_block_pointer rtype=5 symidx=35 sh_info=35 addend=0x0 oob_shndx=0 oob_type=1 shndx=6 fixup=0
MBDBG oob bfd=imfs_memfile.c.59.o relaxsec=.text.IMFS_memfile_destroy victimsec=.text.IMFS_memfile_get_block_pointer rtype=5 symidx=36 sh_info=35 addend=0x0 oob_shndx=1281 oob_type=6 shndx=6 fixup=0
MBDBG oob bfd=imfs_memfile.c.59.o relaxsec=.text.IMFS_memfile_destroy victimsec=.text.IMFS_memfile_get_block_pointer rtype=5 symidx=36 sh_info=35 addend=0x0 oob_shndx=1281 oob_type=6 shndx=6 fixup=0
MBDBG oob bfd=imfs_memfile.c.59.o relaxsec=.text.IMFS_memfile_destroy victimsec=.text.IMFS_memfile_get_block_pointer rtype=5 symidx=35 sh_info=35 addend=0x0 oob_shndx=0 oob_type=1 shndx=6 fixup=0
MBDBG oob bfd=imfs_memfile.c.59.o relaxsec=.text.IMFS_memfile_destroy victimsec=.text.IMFS_memfile_get_block_pointer rtype=5 symidx=36 sh_info=35 addend=0x0 oob_shndx=1281 oob_type=6 shndx=6 fixup=0
MBDBG oob bfd=imfs_memfile.c.59.o relaxsec=.text.IMFS_memfile_destroy victimsec=.text.IMFS_memfile_get_block_pointer rtype=5 symidx=36 sh_info=35 addend=0x0 oob_shndx=1281 oob_type=6 shndx=6 fixup=0
MBDBG oob bfd=imfs_memfile.c.59.o relaxsec=.text.IMFS_memfile_destroy victimsec=.text.IMFS_memfile_get_block_pointer rtype=5 symidx=35 sh_info=35 addend=0x0 oob_shndx=0 oob_type=1 shndx=6 fixup=0
MBDBG oob bfd=imfs_memfile.c.59.o relaxsec=.text.IMFS_memfile_destroy victimsec=.text.IMFS_memfile_get_block_pointer rtype=5 symidx=36 sh_info=35 addend=0x0 oob_shndx=1281 oob_type=6 shndx=6 fixup=0
MBDBG oob bfd=imfs_memfile.c.59.o relaxsec=.text.IMFS_memfile_destroy victimsec=.text.IMFS_memfile_get_block_pointer rtype=5 symidx=36 sh_info=35 addend=0x0 oob_shndx=1281 oob_type=6 shndx=6 fixup=0
MBDBG oob bfd=imfs_memfile.c.59.o relaxsec=.text.IMFS_memfile_destroy victimsec=.text.IMFS_memfile_get_block_pointer rtype=5 symidx=35 sh_info=35 addend=0x0 oob_shndx=0 oob_type=1 shndx=6 fixup=0
MBDBG oob bfd=imfs_memfile.c.59.o relaxsec=.text.IMFS_memfile_destroy victimsec=.text.IMFS_memfile_get_block_pointer rtype=5 symidx=36 sh_info=35 addend=0x0 oob_shndx=1281 oob_type=6 shndx=6 fixup=0
MBDBG oob bfd=imfs_memfile.c.59.o relaxsec=.text.IMFS_memfile_destroy victimsec=.text.IMFS_memfile_get_block_pointer rtype=5 symidx=36 sh_info=35 addend=0x0 oob_shndx=1281 oob_type=6 shndx=6 fixup=0
MBDBG oob bfd=imfs_memfile.c.59.o relaxsec=.text.IMFS_memfile_destroy victimsec=.text.memfile_read rtype=5 symidx=37 sh_info=35 addend=0x0 oob_shndx=0 oob_type=8 shndx=6 fixup=0
MBDBG oob bfd=imfs_memfile.c.59.o relaxsec=.text.IMFS_memfile_destroy victimsec=.text.memfile_read rtype=3 symidx=39 sh_info=35 addend=0x0 oob_shndx=0 oob_type=0 shndx=6 fixup=0
MBDBG oob bfd=imfs_memfile.c.59.o relaxsec=.text.IMFS_memfile_destroy victimsec=.text.memfile_read rtype=3 symidx=40 sh_info=35 addend=0x0 oob_shndx=0 oob_type=0 shndx=6 fixup=0
MBDBG oob bfd=imfs_memfile.c.59.o relaxsec=.text.IMFS_memfile_destroy victimsec=.text.memfile_read rtype=3 symidx=41 sh_info=35 addend=0x0 oob_shndx=0 oob_type=0 shndx=6 fixup=0
MBDBG oob bfd=imfs_memfile.c.59.o relaxsec=.text.IMFS_memfile_destroy victimsec=.text.memfile_read rtype=3 symidx=41 sh_info=35 addend=0x0 oob_shndx=0 oob_type=0 shndx=6 fixup=0
MBDBG oob bfd=imfs_memfile.c.59.o relaxsec=.text.IMFS_memfile_destroy victimsec=.text.memfile_read rtype=3 symidx=42 sh_info=35 addend=0x0 oob_shndx=0 oob_type=0 shndx=6 fixup=0
MBDBG oob bfd=imfs_memfile.c.59.o relaxsec=.text.IMFS_memfile_destroy victimsec=.text.memfile_read rtype=3 symidx=41 sh_info=35 addend=0x0 oob_shndx=0 oob_type=0 shndx=6 fixup=0
MBDBG oob bfd=imfs_memfile.c.59.o relaxsec=.text.IMFS_memfile_destroy victimsec=.text.IMFS_memfile_extend rtype=5 symidx=37 sh_info=35 addend=0x0 oob_shndx=0 oob_type=8 shndx=6 fixup=0
MBDBG oob bfd=imfs_memfile.c.59.o relaxsec=.text.IMFS_memfile_destroy victimsec=.text.IMFS_memfile_extend rtype=3 symidx=40 sh_info=35 addend=0x0 oob_shndx=0 oob_type=0 shndx=6 fixup=0
MBDBG oob bfd=imfs_memfile.c.59.o relaxsec=.text.IMFS_memfile_destroy victimsec=.text.IMFS_memfile_extend rtype=5 symidx=35 sh_info=35 addend=0x0 oob_shndx=0 oob_type=1 shndx=6 fixup=0
MBDBG oob bfd=imfs_memfile.c.59.o relaxsec=.text.IMFS_memfile_destroy victimsec=.text.IMFS_memfile_extend rtype=3 symidx=42 sh_info=35 addend=0x0 oob_shndx=0 oob_type=0 shndx=6 fixup=0
MBDBG oob bfd=imfs_memfile.c.59.o relaxsec=.text.IMFS_memfile_destroy victimsec=.text.IMFS_memfile_extend rtype=5 symidx=36 sh_info=35 addend=0x0 oob_shndx=1281 oob_type=6 shndx=6 fixup=0
MBDBG oob bfd=imfs_memfile.c.59.o relaxsec=.text.IMFS_memfile_destroy victimsec=.text.IMFS_memfile_extend rtype=5 symidx=36 sh_info=35 addend=0x0 oob_shndx=1281 oob_type=6 shndx=6 fixup=0
MBDBG oob bfd=imfs_memfile.c.59.o relaxsec=.text.IMFS_memfile_destroy victimsec=.text.IMFS_memfile_extend rtype=3 symidx=43 sh_info=35 addend=0x0 oob_shndx=0 oob_type=0 shndx=6 fixup=0
MBDBG oob bfd=imfs_memfile.c.59.o relaxsec=.text.IMFS_memfile_destroy victimsec=.text.IMFS_memfile_extend rtype=5 symidx=35 sh_info=35 addend=0x0 oob_shndx=0 oob_type=1 shndx=6 fixup=0
MBDBG oob bfd=imfs_memfile.c.59.o relaxsec=.text.IMFS_memfile_destroy victimsec=.text.IMFS_memfile_extend rtype=5 symidx=36 sh_info=35 addend=0x0 oob_shndx=1281 oob_type=6 shndx=6 fixup=0
MBDBG oob bfd=imfs_memfile.c.59.o relaxsec=.text.IMFS_memfile_destroy victimsec=.text.IMFS_memfile_extend rtype=5 symidx=36 sh_info=35 addend=0x0 oob_shndx=1281 oob_type=6 shndx=6 fixup=0
MBDBG oob bfd=imfs_memfile.c.59.o relaxsec=.text.IMFS_memfile_destroy victimsec=.text.IMFS_memfile_extend rtype=5 symidx=35 sh_info=35 addend=0x4 oob_shndx=0 oob_type=1 shndx=6 fixup=0
MBDBG oob bfd=imfs_memfile.c.59.o relaxsec=.text.IMFS_memfile_destroy victimsec=.text.IMFS_memfile_extend rtype=5 symidx=36 sh_info=35 addend=0x0 oob_shndx=1281 oob_type=6 shndx=6 fixup=0
MBDBG oob bfd=imfs_memfile.c.59.o relaxsec=.text.IMFS_memfile_destroy victimsec=.text.IMFS_memfile_extend rtype=5 symidx=36 sh_info=35 addend=0x0 oob_shndx=1281 oob_type=6 shndx=6 fixup=0
MBDBG oob bfd=imfs_memfile.c.59.o relaxsec=.text.IMFS_memfile_destroy victimsec=.text.IMFS_memfile_extend rtype=3 symidx=44 sh_info=35 addend=0x0 oob_shndx=0 oob_type=0 shndx=6 fixup=0
MBDBG oob bfd=imfs_memfile.c.59.o relaxsec=.text.IMFS_memfile_destroy victimsec=.text.IMFS_memfile_extend rtype=3 symidx=44 sh_info=35 addend=0x0 oob_shndx=0 oob_type=0 shndx=6 fixup=0
MBDBG oob bfd=imfs_memfile.c.59.o relaxsec=.text.IMFS_memfile_destroy victimsec=.text.memfile_ftruncate rtype=3 symidx=42 sh_info=35 addend=0x0 oob_shndx=0 oob_type=0 shndx=6 fixup=0
MBDBG oob bfd=imfs_memfile.c.59.o relaxsec=.text.IMFS_memfile_destroy victimsec=.text.IMFS_memfile_write rtype=5 symidx=37 sh_info=35 addend=0x0 oob_shndx=0 oob_type=8 shndx=6 fixup=0
MBDBG oob bfd=imfs_memfile.c.59.o relaxsec=.text.IMFS_memfile_destroy victimsec=.text.IMFS_memfile_write rtype=3 symidx=39 sh_info=35 addend=0x0 oob_shndx=0 oob_type=0 shndx=6 fixup=0
MBDBG oob bfd=imfs_memfile.c.59.o relaxsec=.text.IMFS_memfile_destroy victimsec=.text.IMFS_memfile_write rtype=3 symidx=40 sh_info=35 addend=0x0 oob_shndx=0 oob_type=0 shndx=6 fixup=0
MBDBG oob bfd=imfs_memfile.c.59.o relaxsec=.text.IMFS_memfile_destroy victimsec=.text.IMFS_memfile_write rtype=3 symidx=41 sh_info=35 addend=0x0 oob_shndx=0 oob_type=0 shndx=6 fixup=0
MBDBG oob bfd=imfs_memfile.c.59.o relaxsec=.text.IMFS_memfile_destroy victimsec=.text.IMFS_memfile_write rtype=3 symidx=41 sh_info=35 addend=0x0 oob_shndx=0 oob_type=0 shndx=6 fixup=0
MBDBG oob bfd=imfs_memfile.c.59.o relaxsec=.text.IMFS_memfile_destroy victimsec=.text.IMFS_memfile_write rtype=3 symidx=42 sh_info=35 addend=0x0 oob_shndx=0 oob_type=0 shndx=6 fixup=0
MBDBG oob bfd=imfs_memfile.c.59.o relaxsec=.text.IMFS_memfile_destroy victimsec=.text.IMFS_memfile_write rtype=3 symidx=41 sh_info=35 addend=0x0 oob_shndx=0 oob_type=0 shndx=6 fixup=0
MBDBG oob bfd=imfs_memfile.c.59.o relaxsec=.text.IMFS_memfile_destroy victimsec=.text.memfile_write rtype=3 symidx=45 sh_info=35 addend=0x0 oob_shndx=0 oob_type=0 shndx=6 fixup=0
MBDBG oob bfd=imfs_memfile.c.59.o relaxsec=.text.IMFS_memfile_destroy victimsec=.text.IMFS_default_allocate_block rtype=5 symidx=37 sh_info=35 addend=0x0 oob_shndx=0 oob_type=8 shndx=6 fixup=0
MBDBG oob bfd=imfs_memfile.c.59.o relaxsec=.text.IMFS_memfile_destroy victimsec=.text.IMFS_default_allocate_block rtype=3 symidx=47 sh_info=35 addend=0x0 oob_shndx=0 oob_type=0 shndx=6 fixup=0
MBDBG oob bfd=imfs_memfile.c.59.o relaxsec=.text.IMFS_memfile_destroy victimsec=.text.IMFS_default_deallocate_block rtype=3 symidx=49 sh_info=35 addend=0x0 oob_shndx=0 oob_type=0 shndx=6 fixup=0
MBDBG oob bfd=imfs_memfile.c.59.o relaxsec=.text.IMFS_memfile_destroy victimsec=.text.IMFS_default_free_space rtype=3 symidx=51 sh_info=35 addend=0x0 oob_shndx=0 oob_type=0 shndx=6 fixup=0
MBDBG oob bfd=imfs_memfile.c.59.o relaxsec=.text.memfile_read victimsec=.text.memfile_free_blocks_in_table rtype=5 symidx=35 sh_info=35 addend=0x0 oob_shndx=0 oob_type=1 shndx=10 fixup=0
MBDBG oob bfd=imfs_memfile.c.59.o relaxsec=.text.memfile_read victimsec=.text.memfile_free_blocks_in_table rtype=5 symidx=35 sh_info=35 addend=0x0 oob_shndx=0 oob_type=1 shndx=10 fixup=0
MBDBG oob bfd=imfs_memfile.c.59.o relaxsec=.text.memfile_read victimsec=.text.memfile_free_blocks_in_table rtype=5 symidx=36 sh_info=35 addend=0x0 oob_shndx=1281 oob_type=6 shndx=10 fixup=0
MBDBG oob bfd=imfs_memfile.c.59.o relaxsec=.text.memfile_read victimsec=.text.memfile_free_blocks_in_table rtype=5 symidx=36 sh_info=35 addend=0x0 oob_shndx=1281 oob_type=6 shndx=10 fixup=0
MBDBG oob bfd=imfs_memfile.c.59.o relaxsec=.text.memfile_read victimsec=.text.memfile_free_blocks_in_table rtype=5 symidx=36 sh_info=35 addend=0x0 oob_shndx=1281 oob_type=6 shndx=10 fixup=0
MBDBG oob bfd=imfs_memfile.c.59.o relaxsec=.text.memfile_read victimsec=.text.memfile_free_blocks_in_table rtype=5 symidx=36 sh_info=35 addend=0x0 oob_shndx=1281 oob_type=6 shndx=10 fixup=0
MBDBG oob bfd=imfs_memfile.c.59.o relaxsec=.text.memfile_read victimsec=.text.IMFS_memfile_destroy rtype=5 symidx=37 sh_info=35 addend=0x0 oob_shndx=0 oob_type=8 shndx=10 fixup=0
MBDBG oob bfd=imfs_memfile.c.59.o relaxsec=.text.memfile_read victimsec=.text.IMFS_memfile_destroy rtype=4 symidx=38 sh_info=35 addend=0x0 oob_shndx=1952538476 oob_type=15 shndx=10 fixup=0
MBDBG oob bfd=imfs_memfile.c.59.o relaxsec=.text.memfile_read victimsec=.text.IMFS_memfile_get_block_pointer rtype=5 symidx=37 sh_info=35 addend=0x0 oob_shndx=0 oob_type=8 shndx=10 fixup=0
MBDBG oob bfd=imfs_memfile.c.59.o relaxsec=.text.memfile_read victimsec=.text.IMFS_memfile_get_block_pointer rtype=5 symidx=35 sh_info=35 addend=0x0 oob_shndx=0 oob_type=1 shndx=10 fixup=0
MBDBG oob bfd=imfs_memfile.c.59.o relaxsec=.text.memfile_read victimsec=.text.IMFS_memfile_get_block_pointer rtype=5 symidx=36 sh_info=35 addend=0x0 oob_shndx=1281 oob_type=6 shndx=10 fixup=0
MBDBG oob bfd=imfs_memfile.c.59.o relaxsec=.text.memfile_read victimsec=.text.IMFS_memfile_get_block_pointer rtype=5 symidx=36 sh_info=35 addend=0x0 oob_shndx=1281 oob_type=6 shndx=10 fixup=0
MBDBG oob bfd=imfs_memfile.c.59.o relaxsec=.text.memfile_read victimsec=.text.IMFS_memfile_get_block_pointer rtype=5 symidx=35 sh_info=35 addend=0x0 oob_shndx=0 oob_type=1 shndx=10 fixup=0
MBDBG oob bfd=imfs_memfile.c.59.o relaxsec=.text.memfile_read victimsec=.text.IMFS_memfile_get_block_pointer rtype=5 symidx=36 sh_info=35 addend=0x0 oob_shndx=1281 oob_type=6 shndx=10 fixup=0
MBDBG oob bfd=imfs_memfile.c.59.o relaxsec=.text.memfile_read victimsec=.text.IMFS_memfile_get_block_pointer rtype=5 symidx=36 sh_info=35 addend=0x0 oob_shndx=1281 oob_type=6 shndx=10 fixup=0
MBDBG oob bfd=imfs_memfile.c.59.o relaxsec=.text.memfile_read victimsec=.text.IMFS_memfile_get_block_pointer rtype=5 symidx=35 sh_info=35 addend=0x0 oob_shndx=0 oob_type=1 shndx=10 fixup=0
MBDBG oob bfd=imfs_memfile.c.59.o relaxsec=.text.memfile_read victimsec=.text.IMFS_memfile_get_block_pointer rtype=5 symidx=36 sh_info=35 addend=0x0 oob_shndx=1281 oob_type=6 shndx=10 fixup=0
MBDBG oob bfd=imfs_memfile.c.59.o relaxsec=.text.memfile_read victimsec=.text.IMFS_memfile_get_block_pointer rtype=5 symidx=36 sh_info=35 addend=0x0 oob_shndx=1281 oob_type=6 shndx=10 fixup=0
MBDBG oob bfd=imfs_memfile.c.59.o relaxsec=.text.memfile_read victimsec=.text.IMFS_memfile_get_block_pointer rtype=5 symidx=35 sh_info=35 addend=0x0 oob_shndx=0 oob_type=1 shndx=10 fixup=0
MBDBG oob bfd=imfs_memfile.c.59.o relaxsec=.text.memfile_read victimsec=.text.IMFS_memfile_get_block_pointer rtype=5 symidx=36 sh_info=35 addend=0x0 oob_shndx=1281 oob_type=6 shndx=10 fixup=0
MBDBG oob bfd=imfs_memfile.c.59.o relaxsec=.text.memfile_read victimsec=.text.IMFS_memfile_get_block_pointer rtype=5 symidx=36 sh_info=35 addend=0x0 oob_shndx=1281 oob_type=6 shndx=10 fixup=0
MBDBG oob bfd=imfs_memfile.c.59.o relaxsec=.text.memfile_read victimsec=.text.IMFS_memfile_get_block_pointer rtype=5 symidx=35 sh_info=35 addend=0x0 oob_shndx=0 oob_type=1 shndx=10 fixup=0
MBDBG oob bfd=imfs_memfile.c.59.o relaxsec=.text.memfile_read victimsec=.text.IMFS_memfile_get_block_pointer rtype=5 symidx=36 sh_info=35 addend=0x0 oob_shndx=1281 oob_type=6 shndx=10 fixup=0
MBDBG oob bfd=imfs_memfile.c.59.o relaxsec=.text.memfile_read victimsec=.text.IMFS_memfile_get_block_pointer rtype=5 symidx=36 sh_info=35 addend=0x0 oob_shndx=1281 oob_type=6 shndx=10 fixup=0
MBDBG oob bfd=imfs_memfile.c.59.o relaxsec=.text.memfile_read victimsec=.text.IMFS_memfile_get_block_pointer rtype=5 symidx=35 sh_info=35 addend=0x0 oob_shndx=0 oob_type=1 shndx=10 fixup=0
MBDBG oob bfd=imfs_memfile.c.59.o relaxsec=.text.memfile_read victimsec=.text.IMFS_memfile_get_block_pointer rtype=5 symidx=36 sh_info=35 addend=0x0 oob_shndx=1281 oob_type=6 shndx=10 fixup=0
MBDBG oob bfd=imfs_memfile.c.59.o relaxsec=.text.memfile_read victimsec=.text.IMFS_memfile_get_block_pointer rtype=5 symidx=36 sh_info=35 addend=0x0 oob_shndx=1281 oob_type=6 shndx=10 fixup=0
MBDBG oob bfd=imfs_memfile.c.59.o relaxsec=.text.memfile_read victimsec=.text.IMFS_memfile_extend rtype=5 symidx=37 sh_info=35 addend=0x0 oob_shndx=0 oob_type=8 shndx=10 fixup=0
MBDBG oob bfd=imfs_memfile.c.59.o relaxsec=.text.memfile_read victimsec=.text.IMFS_memfile_extend rtype=3 symidx=40 sh_info=35 addend=0x0 oob_shndx=0 oob_type=0 shndx=10 fixup=0
MBDBG oob bfd=imfs_memfile.c.59.o relaxsec=.text.memfile_read victimsec=.text.IMFS_memfile_extend rtype=5 symidx=35 sh_info=35 addend=0x0 oob_shndx=0 oob_type=1 shndx=10 fixup=0
MBDBG oob bfd=imfs_memfile.c.59.o relaxsec=.text.memfile_read victimsec=.text.IMFS_memfile_extend rtype=3 symidx=42 sh_info=35 addend=0x0 oob_shndx=0 oob_type=0 shndx=10 fixup=0
MBDBG oob bfd=imfs_memfile.c.59.o relaxsec=.text.memfile_read victimsec=.text.IMFS_memfile_extend rtype=5 symidx=36 sh_info=35 addend=0x0 oob_shndx=1281 oob_type=6 shndx=10 fixup=0
MBDBG oob bfd=imfs_memfile.c.59.o relaxsec=.text.memfile_read victimsec=.text.IMFS_memfile_extend rtype=5 symidx=36 sh_info=35 addend=0x0 oob_shndx=1281 oob_type=6 shndx=10 fixup=0
MBDBG oob bfd=imfs_memfile.c.59.o relaxsec=.text.memfile_read victimsec=.text.IMFS_memfile_extend rtype=3 symidx=43 sh_info=35 addend=0x0 oob_shndx=0 oob_type=0 shndx=10 fixup=0
MBDBG oob bfd=imfs_memfile.c.59.o relaxsec=.text.memfile_read victimsec=.text.IMFS_memfile_extend rtype=5 symidx=35 sh_info=35 addend=0x0 oob_shndx=0 oob_type=1 shndx=10 fixup=0
MBDBG oob bfd=imfs_memfile.c.59.o relaxsec=.text.memfile_read victimsec=.text.IMFS_memfile_extend rtype=5 symidx=36 sh_info=35 addend=0x0 oob_shndx=1281 oob_type=6 shndx=10 fixup=0
MBDBG oob bfd=imfs_memfile.c.59.o relaxsec=.text.memfile_read victimsec=.text.IMFS_memfile_extend rtype=5 symidx=36 sh_info=35 addend=0x0 oob_shndx=1281 oob_type=6 shndx=10 fixup=0
MBDBG oob bfd=imfs_memfile.c.59.o relaxsec=.text.memfile_read victimsec=.text.IMFS_memfile_extend rtype=5 symidx=35 sh_info=35 addend=0x4 oob_shndx=0 oob_type=1 shndx=10 fixup=0
MBDBG oob bfd=imfs_memfile.c.59.o relaxsec=.text.memfile_read victimsec=.text.IMFS_memfile_extend rtype=5 symidx=36 sh_info=35 addend=0x0 oob_shndx=1281 oob_type=6 shndx=10 fixup=0
MBDBG oob bfd=imfs_memfile.c.59.o relaxsec=.text.memfile_read victimsec=.text.IMFS_memfile_extend rtype=5 symidx=36 sh_info=35 addend=0x0 oob_shndx=1281 oob_type=6 shndx=10 fixup=0
MBDBG oob bfd=imfs_memfile.c.59.o relaxsec=.text.memfile_read victimsec=.text.IMFS_memfile_extend rtype=3 symidx=44 sh_info=35 addend=0x0 oob_shndx=0 oob_type=0 shndx=10 fixup=0
MBDBG oob bfd=imfs_memfile.c.59.o relaxsec=.text.memfile_read victimsec=.text.IMFS_memfile_extend rtype=3 symidx=44 sh_info=35 addend=0x0 oob_shndx=0 oob_type=0 shndx=10 fixup=0
MBDBG oob bfd=imfs_memfile.c.59.o relaxsec=.text.memfile_read victimsec=.text.memfile_ftruncate rtype=3 symidx=42 sh_info=35 addend=0x0 oob_shndx=0 oob_type=0 shndx=10 fixup=0
MBDBG oob bfd=imfs_memfile.c.59.o relaxsec=.text.memfile_read victimsec=.text.IMFS_memfile_write rtype=5 symidx=37 sh_info=35 addend=0x0 oob_shndx=0 oob_type=8 shndx=10 fixup=0
MBDBG oob bfd=imfs_memfile.c.59.o relaxsec=.text.memfile_read victimsec=.text.IMFS_memfile_write rtype=3 symidx=39 sh_info=35 addend=0x0 oob_shndx=0 oob_type=0 shndx=10 fixup=0
MBDBG oob bfd=imfs_memfile.c.59.o relaxsec=.text.memfile_read victimsec=.text.IMFS_memfile_write rtype=3 symidx=40 sh_info=35 addend=0x0 oob_shndx=0 oob_type=0 shndx=10 fixup=0
MBDBG oob bfd=imfs_memfile.c.59.o relaxsec=.text.memfile_read victimsec=.text.IMFS_memfile_write rtype=3 symidx=41 sh_info=35 addend=0x0 oob_shndx=0 oob_type=0 shndx=10 fixup=0
MBDBG oob bfd=imfs_memfile.c.59.o relaxsec=.text.memfile_read victimsec=.text.IMFS_memfile_write rtype=3 symidx=41 sh_info=35 addend=0x0 oob_shndx=0 oob_type=0 shndx=10 fixup=0
MBDBG oob bfd=imfs_memfile.c.59.o relaxsec=.text.memfile_read victimsec=.text.IMFS_memfile_write rtype=3 symidx=42 sh_info=35 addend=0x0 oob_shndx=0 oob_type=0 shndx=10 fixup=0
MBDBG oob bfd=imfs_memfile.c.59.o relaxsec=.text.memfile_read victimsec=.text.IMFS_memfile_write rtype=3 symidx=41 sh_info=35 addend=0x0 oob_shndx=0 oob_type=0 shndx=10 fixup=0
MBDBG oob bfd=imfs_memfile.c.59.o relaxsec=.text.memfile_read victimsec=.text.memfile_write rtype=3 symidx=45 sh_info=35 addend=0x0 oob_shndx=0 oob_type=0 shndx=10 fixup=0
MBDBG oob bfd=imfs_memfile.c.59.o relaxsec=.text.memfile_read victimsec=.text.IMFS_default_allocate_block rtype=5 symidx=37 sh_info=35 addend=0x0 oob_shndx=0 oob_type=8 shndx=10 fixup=0
MBDBG oob bfd=imfs_memfile.c.59.o relaxsec=.text.memfile_read victimsec=.text.IMFS_default_allocate_block rtype=3 symidx=47 sh_info=35 addend=0x0 oob_shndx=0 oob_type=0 shndx=10 fixup=0
MBDBG oob bfd=imfs_memfile.c.59.o relaxsec=.text.memfile_read victimsec=.text.IMFS_default_deallocate_block rtype=3 symidx=49 sh_info=35 addend=0x0 oob_shndx=0 oob_type=0 shndx=10 fixup=0
MBDBG oob bfd=imfs_memfile.c.59.o relaxsec=.text.memfile_read victimsec=.text.IMFS_default_free_space rtype=3 symidx=51 sh_info=35 addend=0x0 oob_shndx=0 oob_type=0 shndx=10 fixup=0
MBDBG oob bfd=imfs_memfile.c.59.o relaxsec=.text.IMFS_memfile_extend victimsec=.text.memfile_free_blocks_in_table rtype=5 symidx=35 sh_info=35 addend=0x0 oob_shndx=0 oob_type=1 shndx=12 fixup=0
MBDBG oob bfd=imfs_memfile.c.59.o relaxsec=.text.IMFS_memfile_extend victimsec=.text.memfile_free_blocks_in_table rtype=5 symidx=35 sh_info=35 addend=0x0 oob_shndx=0 oob_type=1 shndx=12 fixup=0
MBDBG oob bfd=imfs_memfile.c.59.o relaxsec=.text.IMFS_memfile_extend victimsec=.text.memfile_free_blocks_in_table rtype=5 symidx=36 sh_info=35 addend=0x0 oob_shndx=1281 oob_type=6 shndx=12 fixup=0
MBDBG oob bfd=imfs_memfile.c.59.o relaxsec=.text.IMFS_memfile_extend victimsec=.text.memfile_free_blocks_in_table rtype=5 symidx=36 sh_info=35 addend=0x0 oob_shndx=1281 oob_type=6 shndx=12 fixup=0
MBDBG oob bfd=imfs_memfile.c.59.o relaxsec=.text.IMFS_memfile_extend victimsec=.text.memfile_free_blocks_in_table rtype=5 symidx=36 sh_info=35 addend=0x0 oob_shndx=1281 oob_type=6 shndx=12 fixup=0
MBDBG oob bfd=imfs_memfile.c.59.o relaxsec=.text.IMFS_memfile_extend victimsec=.text.memfile_free_blocks_in_table rtype=5 symidx=36 sh_info=35 addend=0x0 oob_shndx=1281 oob_type=6 shndx=12 fixup=0
MBDBG oob bfd=imfs_memfile.c.59.o relaxsec=.text.IMFS_memfile_extend victimsec=.text.IMFS_memfile_destroy rtype=5 symidx=37 sh_info=35 addend=0x0 oob_shndx=0 oob_type=8 shndx=12 fixup=0
MBDBG oob bfd=imfs_memfile.c.59.o relaxsec=.text.IMFS_memfile_extend victimsec=.text.IMFS_memfile_destroy rtype=4 symidx=38 sh_info=35 addend=0x0 oob_shndx=1952538476 oob_type=15 shndx=12 fixup=0
MBDBG oob bfd=imfs_memfile.c.59.o relaxsec=.text.IMFS_memfile_extend victimsec=.text.IMFS_memfile_get_block_pointer rtype=5 symidx=37 sh_info=35 addend=0x0 oob_shndx=0 oob_type=8 shndx=12 fixup=0
MBDBG oob bfd=imfs_memfile.c.59.o relaxsec=.text.IMFS_memfile_extend victimsec=.text.IMFS_memfile_get_block_pointer rtype=5 symidx=35 sh_info=35 addend=0x0 oob_shndx=0 oob_type=1 shndx=12 fixup=0
MBDBG oob bfd=imfs_memfile.c.59.o relaxsec=.text.IMFS_memfile_extend victimsec=.text.IMFS_memfile_get_block_pointer rtype=5 symidx=36 sh_info=35 addend=0x0 oob_shndx=1281 oob_type=6 shndx=12 fixup=0
MBDBG oob bfd=imfs_memfile.c.59.o relaxsec=.text.IMFS_memfile_extend victimsec=.text.IMFS_memfile_get_block_pointer rtype=5 symidx=36 sh_info=35 addend=0x0 oob_shndx=1281 oob_type=6 shndx=12 fixup=0
MBDBG oob bfd=imfs_memfile.c.59.o relaxsec=.text.IMFS_memfile_extend victimsec=.text.IMFS_memfile_get_block_pointer rtype=5 symidx=35 sh_info=35 addend=0x0 oob_shndx=0 oob_type=1 shndx=12 fixup=0
MBDBG oob bfd=imfs_memfile.c.59.o relaxsec=.text.IMFS_memfile_extend victimsec=.text.IMFS_memfile_get_block_pointer rtype=5 symidx=36 sh_info=35 addend=0x0 oob_shndx=1281 oob_type=6 shndx=12 fixup=0
MBDBG oob bfd=imfs_memfile.c.59.o relaxsec=.text.IMFS_memfile_extend victimsec=.text.IMFS_memfile_get_block_pointer rtype=5 symidx=36 sh_info=35 addend=0x0 oob_shndx=1281 oob_type=6 shndx=12 fixup=0
MBDBG oob bfd=imfs_memfile.c.59.o relaxsec=.text.IMFS_memfile_extend victimsec=.text.IMFS_memfile_get_block_pointer rtype=5 symidx=35 sh_info=35 addend=0x0 oob_shndx=0 oob_type=1 shndx=12 fixup=0
MBDBG oob bfd=imfs_memfile.c.59.o relaxsec=.text.IMFS_memfile_extend victimsec=.text.IMFS_memfile_get_block_pointer rtype=5 symidx=36 sh_info=35 addend=0x0 oob_shndx=1281 oob_type=6 shndx=12 fixup=0
MBDBG oob bfd=imfs_memfile.c.59.o relaxsec=.text.IMFS_memfile_extend victimsec=.text.IMFS_memfile_get_block_pointer rtype=5 symidx=36 sh_info=35 addend=0x0 oob_shndx=1281 oob_type=6 shndx=12 fixup=0
MBDBG oob bfd=imfs_memfile.c.59.o relaxsec=.text.IMFS_memfile_extend victimsec=.text.IMFS_memfile_get_block_pointer rtype=5 symidx=35 sh_info=35 addend=0x0 oob_shndx=0 oob_type=1 shndx=12 fixup=0
MBDBG oob bfd=imfs_memfile.c.59.o relaxsec=.text.IMFS_memfile_extend victimsec=.text.IMFS_memfile_get_block_pointer rtype=5 symidx=36 sh_info=35 addend=0x0 oob_shndx=1281 oob_type=6 shndx=12 fixup=0
MBDBG oob bfd=imfs_memfile.c.59.o relaxsec=.text.IMFS_memfile_extend victimsec=.text.IMFS_memfile_get_block_pointer rtype=5 symidx=36 sh_info=35 addend=0x0 oob_shndx=1281 oob_type=6 shndx=12 fixup=0
MBDBG oob bfd=imfs_memfile.c.59.o relaxsec=.text.IMFS_memfile_extend victimsec=.text.IMFS_memfile_get_block_pointer rtype=5 symidx=35 sh_info=35 addend=0x0 oob_shndx=0 oob_type=1 shndx=12 fixup=0
MBDBG oob bfd=imfs_memfile.c.59.o relaxsec=.text.IMFS_memfile_extend victimsec=.text.IMFS_memfile_get_block_pointer rtype=5 symidx=36 sh_info=35 addend=0x0 oob_shndx=1281 oob_type=6 shndx=12 fixup=0
MBDBG oob bfd=imfs_memfile.c.59.o relaxsec=.text.IMFS_memfile_extend victimsec=.text.IMFS_memfile_get_block_pointer rtype=5 symidx=36 sh_info=35 addend=0x0 oob_shndx=1281 oob_type=6 shndx=12 fixup=0
MBDBG oob bfd=imfs_memfile.c.59.o relaxsec=.text.IMFS_memfile_extend victimsec=.text.IMFS_memfile_get_block_pointer rtype=5 symidx=35 sh_info=35 addend=0x0 oob_shndx=0 oob_type=1 shndx=12 fixup=0
MBDBG oob bfd=imfs_memfile.c.59.o relaxsec=.text.IMFS_memfile_extend victimsec=.text.IMFS_memfile_get_block_pointer rtype=5 symidx=36 sh_info=35 addend=0x0 oob_shndx=1281 oob_type=6 shndx=12 fixup=0
MBDBG oob bfd=imfs_memfile.c.59.o relaxsec=.text.IMFS_memfile_extend victimsec=.text.IMFS_memfile_get_block_pointer rtype=5 symidx=36 sh_info=35 addend=0x0 oob_shndx=1281 oob_type=6 shndx=12 fixup=0
MBDBG oob bfd=imfs_memfile.c.59.o relaxsec=.text.IMFS_memfile_extend victimsec=.text.memfile_read rtype=5 symidx=37 sh_info=35 addend=0x0 oob_shndx=0 oob_type=8 shndx=12 fixup=0
MBDBG oob bfd=imfs_memfile.c.59.o relaxsec=.text.IMFS_memfile_extend victimsec=.text.memfile_read rtype=3 symidx=39 sh_info=35 addend=0x0 oob_shndx=0 oob_type=0 shndx=12 fixup=0
MBDBG oob bfd=imfs_memfile.c.59.o relaxsec=.text.IMFS_memfile_extend victimsec=.text.memfile_read rtype=3 symidx=40 sh_info=35 addend=0x0 oob_shndx=0 oob_type=0 shndx=12 fixup=0
MBDBG oob bfd=imfs_memfile.c.59.o relaxsec=.text.IMFS_memfile_extend victimsec=.text.memfile_read rtype=3 symidx=41 sh_info=35 addend=0x0 oob_shndx=0 oob_type=0 shndx=12 fixup=0
MBDBG oob bfd=imfs_memfile.c.59.o relaxsec=.text.IMFS_memfile_extend victimsec=.text.memfile_read rtype=3 symidx=41 sh_info=35 addend=0x0 oob_shndx=0 oob_type=0 shndx=12 fixup=0
MBDBG oob bfd=imfs_memfile.c.59.o relaxsec=.text.IMFS_memfile_extend victimsec=.text.memfile_read rtype=4 symidx=42 sh_info=35 addend=0x0 oob_shndx=0 oob_type=0 shndx=12 fixup=0
MBDBG oob bfd=imfs_memfile.c.59.o relaxsec=.text.IMFS_memfile_extend victimsec=.text.memfile_read rtype=3 symidx=41 sh_info=35 addend=0x0 oob_shndx=0 oob_type=0 shndx=12 fixup=0
MBDBG oob bfd=imfs_memfile.c.59.o relaxsec=.text.IMFS_memfile_extend victimsec=.text.memfile_ftruncate rtype=3 symidx=42 sh_info=35 addend=0x0 oob_shndx=0 oob_type=0 shndx=12 fixup=0
MBDBG oob bfd=imfs_memfile.c.59.o relaxsec=.text.IMFS_memfile_extend victimsec=.text.IMFS_memfile_write rtype=5 symidx=37 sh_info=35 addend=0x0 oob_shndx=0 oob_type=8 shndx=12 fixup=0
MBDBG oob bfd=imfs_memfile.c.59.o relaxsec=.text.IMFS_memfile_extend victimsec=.text.IMFS_memfile_write rtype=3 symidx=39 sh_info=35 addend=0x0 oob_shndx=0 oob_type=0 shndx=12 fixup=0
MBDBG oob bfd=imfs_memfile.c.59.o relaxsec=.text.IMFS_memfile_extend victimsec=.text.IMFS_memfile_write rtype=3 symidx=40 sh_info=35 addend=0x0 oob_shndx=0 oob_type=0 shndx=12 fixup=0
MBDBG oob bfd=imfs_memfile.c.59.o relaxsec=.text.IMFS_memfile_extend victimsec=.text.IMFS_memfile_write rtype=3 symidx=41 sh_info=35 addend=0x0 oob_shndx=0 oob_type=0 shndx=12 fixup=0
MBDBG oob bfd=imfs_memfile.c.59.o relaxsec=.text.IMFS_memfile_extend victimsec=.text.IMFS_memfile_write rtype=3 symidx=41 sh_info=35 addend=0x0 oob_shndx=0 oob_type=0 shndx=12 fixup=0
MBDBG oob bfd=imfs_memfile.c.59.o relaxsec=.text.IMFS_memfile_extend victimsec=.text.IMFS_memfile_write rtype=3 symidx=42 sh_info=35 addend=0x0 oob_shndx=0 oob_type=0 shndx=12 fixup=0
MBDBG oob bfd=imfs_memfile.c.59.o relaxsec=.text.IMFS_memfile_extend victimsec=.text.IMFS_memfile_write rtype=3 symidx=41 sh_info=35 addend=0x0 oob_shndx=0 oob_type=0 shndx=12 fixup=0
MBDBG oob bfd=imfs_memfile.c.59.o relaxsec=.text.IMFS_memfile_extend victimsec=.text.memfile_write rtype=3 symidx=45 sh_info=35 addend=0x0 oob_shndx=0 oob_type=0 shndx=12 fixup=0
MBDBG oob bfd=imfs_memfile.c.59.o relaxsec=.text.IMFS_memfile_extend victimsec=.text.IMFS_default_allocate_block rtype=5 symidx=37 sh_info=35 addend=0x0 oob_shndx=0 oob_type=8 shndx=12 fixup=0
MBDBG oob bfd=imfs_memfile.c.59.o relaxsec=.text.IMFS_memfile_extend victimsec=.text.IMFS_default_allocate_block rtype=3 symidx=47 sh_info=35 addend=0x0 oob_shndx=0 oob_type=0 shndx=12 fixup=0
MBDBG oob bfd=imfs_memfile.c.59.o relaxsec=.text.IMFS_memfile_extend victimsec=.text.IMFS_default_deallocate_block rtype=3 symidx=49 sh_info=35 addend=0x0 oob_shndx=0 oob_type=0 shndx=12 fixup=0
MBDBG oob bfd=imfs_memfile.c.59.o relaxsec=.text.IMFS_memfile_extend victimsec=.text.IMFS_default_free_space rtype=3 symidx=51 sh_info=35 addend=0x0 oob_shndx=0 oob_type=0 shndx=12 fixup=0
MBDBG oob bfd=imfs_memfile.c.59.o relaxsec=.text.memfile_ftruncate victimsec=.text.memfile_free_blocks_in_table rtype=5 symidx=35 sh_info=35 addend=0x0 oob_shndx=0 oob_type=1 shndx=14 fixup=0
MBDBG oob bfd=imfs_memfile.c.59.o relaxsec=.text.memfile_ftruncate victimsec=.text.memfile_free_blocks_in_table rtype=5 symidx=35 sh_info=35 addend=0x0 oob_shndx=0 oob_type=1 shndx=14 fixup=0
MBDBG oob bfd=imfs_memfile.c.59.o relaxsec=.text.memfile_ftruncate victimsec=.text.memfile_free_blocks_in_table rtype=5 symidx=36 sh_info=35 addend=0x0 oob_shndx=1281 oob_type=6 shndx=14 fixup=0
MBDBG oob bfd=imfs_memfile.c.59.o relaxsec=.text.memfile_ftruncate victimsec=.text.memfile_free_blocks_in_table rtype=5 symidx=36 sh_info=35 addend=0x0 oob_shndx=1281 oob_type=6 shndx=14 fixup=0
MBDBG oob bfd=imfs_memfile.c.59.o relaxsec=.text.memfile_ftruncate victimsec=.text.memfile_free_blocks_in_table rtype=5 symidx=36 sh_info=35 addend=0x0 oob_shndx=1281 oob_type=6 shndx=14 fixup=0
MBDBG oob bfd=imfs_memfile.c.59.o relaxsec=.text.memfile_ftruncate victimsec=.text.memfile_free_blocks_in_table rtype=5 symidx=36 sh_info=35 addend=0x0 oob_shndx=1281 oob_type=6 shndx=14 fixup=0
MBDBG oob bfd=imfs_memfile.c.59.o relaxsec=.text.memfile_ftruncate victimsec=.text.IMFS_memfile_destroy rtype=5 symidx=37 sh_info=35 addend=0x0 oob_shndx=0 oob_type=8 shndx=14 fixup=0
MBDBG oob bfd=imfs_memfile.c.59.o relaxsec=.text.memfile_ftruncate victimsec=.text.IMFS_memfile_destroy rtype=4 symidx=38 sh_info=35 addend=0x0 oob_shndx=1952538476 oob_type=15 shndx=14 fixup=0
MBDBG oob bfd=imfs_memfile.c.59.o relaxsec=.text.memfile_ftruncate victimsec=.text.IMFS_memfile_get_block_pointer rtype=5 symidx=37 sh_info=35 addend=0x0 oob_shndx=0 oob_type=8 shndx=14 fixup=0
MBDBG oob bfd=imfs_memfile.c.59.o relaxsec=.text.memfile_ftruncate victimsec=.text.IMFS_memfile_get_block_pointer rtype=5 symidx=35 sh_info=35 addend=0x0 oob_shndx=0 oob_type=1 shndx=14 fixup=0
MBDBG oob bfd=imfs_memfile.c.59.o relaxsec=.text.memfile_ftruncate victimsec=.text.IMFS_memfile_get_block_pointer rtype=5 symidx=36 sh_info=35 addend=0x0 oob_shndx=1281 oob_type=6 shndx=14 fixup=0
MBDBG oob bfd=imfs_memfile.c.59.o relaxsec=.text.memfile_ftruncate victimsec=.text.IMFS_memfile_get_block_pointer rtype=5 symidx=36 sh_info=35 addend=0x0 oob_shndx=1281 oob_type=6 shndx=14 fixup=0
MBDBG oob bfd=imfs_memfile.c.59.o relaxsec=.text.memfile_ftruncate victimsec=.text.IMFS_memfile_get_block_pointer rtype=5 symidx=35 sh_info=35 addend=0x0 oob_shndx=0 oob_type=1 shndx=14 fixup=0
MBDBG oob bfd=imfs_memfile.c.59.o relaxsec=.text.memfile_ftruncate victimsec=.text.IMFS_memfile_get_block_pointer rtype=5 symidx=36 sh_info=35 addend=0x0 oob_shndx=1281 oob_type=6 shndx=14 fixup=0
MBDBG oob bfd=imfs_memfile.c.59.o relaxsec=.text.memfile_ftruncate victimsec=.text.IMFS_memfile_get_block_pointer rtype=5 symidx=36 sh_info=35 addend=0x0 oob_shndx=1281 oob_type=6 shndx=14 fixup=0
MBDBG oob bfd=imfs_memfile.c.59.o relaxsec=.text.memfile_ftruncate victimsec=.text.IMFS_memfile_get_block_pointer rtype=5 symidx=35 sh_info=35 addend=0x0 oob_shndx=0 oob_type=1 shndx=14 fixup=0
MBDBG oob bfd=imfs_memfile.c.59.o relaxsec=.text.memfile_ftruncate victimsec=.text.IMFS_memfile_get_block_pointer rtype=5 symidx=36 sh_info=35 addend=0x0 oob_shndx=1281 oob_type=6 shndx=14 fixup=0
MBDBG oob bfd=imfs_memfile.c.59.o relaxsec=.text.memfile_ftruncate victimsec=.text.IMFS_memfile_get_block_pointer rtype=5 symidx=36 sh_info=35 addend=0x0 oob_shndx=1281 oob_type=6 shndx=14 fixup=0
MBDBG oob bfd=imfs_memfile.c.59.o relaxsec=.text.memfile_ftruncate victimsec=.text.IMFS_memfile_get_block_pointer rtype=5 symidx=35 sh_info=35 addend=0x0 oob_shndx=0 oob_type=1 shndx=14 fixup=0
MBDBG oob bfd=imfs_memfile.c.59.o relaxsec=.text.memfile_ftruncate victimsec=.text.IMFS_memfile_get_block_pointer rtype=5 symidx=36 sh_info=35 addend=0x0 oob_shndx=1281 oob_type=6 shndx=14 fixup=0
MBDBG oob bfd=imfs_memfile.c.59.o relaxsec=.text.memfile_ftruncate victimsec=.text.IMFS_memfile_get_block_pointer rtype=5 symidx=36 sh_info=35 addend=0x0 oob_shndx=1281 oob_type=6 shndx=14 fixup=0
MBDBG oob bfd=imfs_memfile.c.59.o relaxsec=.text.memfile_ftruncate victimsec=.text.IMFS_memfile_get_block_pointer rtype=5 symidx=35 sh_info=35 addend=0x0 oob_shndx=0 oob_type=1 shndx=14 fixup=0
MBDBG oob bfd=imfs_memfile.c.59.o relaxsec=.text.memfile_ftruncate victimsec=.text.IMFS_memfile_get_block_pointer rtype=5 symidx=36 sh_info=35 addend=0x0 oob_shndx=1281 oob_type=6 shndx=14 fixup=0
MBDBG oob bfd=imfs_memfile.c.59.o relaxsec=.text.memfile_ftruncate victimsec=.text.IMFS_memfile_get_block_pointer rtype=5 symidx=36 sh_info=35 addend=0x0 oob_shndx=1281 oob_type=6 shndx=14 fixup=0
MBDBG oob bfd=imfs_memfile.c.59.o relaxsec=.text.memfile_ftruncate victimsec=.text.IMFS_memfile_get_block_pointer rtype=5 symidx=35 sh_info=35 addend=0x0 oob_shndx=0 oob_type=1 shndx=14 fixup=0
MBDBG oob bfd=imfs_memfile.c.59.o relaxsec=.text.memfile_ftruncate victimsec=.text.IMFS_memfile_get_block_pointer rtype=5 symidx=36 sh_info=35 addend=0x0 oob_shndx=1281 oob_type=6 shndx=14 fixup=0
MBDBG oob bfd=imfs_memfile.c.59.o relaxsec=.text.memfile_ftruncate victimsec=.text.IMFS_memfile_get_block_pointer rtype=5 symidx=36 sh_info=35 addend=0x0 oob_shndx=1281 oob_type=6 shndx=14 fixup=0
MBDBG oob bfd=imfs_memfile.c.59.o relaxsec=.text.memfile_ftruncate victimsec=.text.memfile_read rtype=5 symidx=37 sh_info=35 addend=0x0 oob_shndx=0 oob_type=8 shndx=14 fixup=0
MBDBG oob bfd=imfs_memfile.c.59.o relaxsec=.text.memfile_ftruncate victimsec=.text.memfile_read rtype=3 symidx=39 sh_info=35 addend=0x0 oob_shndx=0 oob_type=0 shndx=14 fixup=0
MBDBG oob bfd=imfs_memfile.c.59.o relaxsec=.text.memfile_ftruncate victimsec=.text.memfile_read rtype=3 symidx=40 sh_info=35 addend=0x0 oob_shndx=0 oob_type=0 shndx=14 fixup=0
MBDBG oob bfd=imfs_memfile.c.59.o relaxsec=.text.memfile_ftruncate victimsec=.text.memfile_read rtype=3 symidx=41 sh_info=35 addend=0x0 oob_shndx=0 oob_type=0 shndx=14 fixup=0
MBDBG oob bfd=imfs_memfile.c.59.o relaxsec=.text.memfile_ftruncate victimsec=.text.memfile_read rtype=3 symidx=41 sh_info=35 addend=0x0 oob_shndx=0 oob_type=0 shndx=14 fixup=0
MBDBG oob bfd=imfs_memfile.c.59.o relaxsec=.text.memfile_ftruncate victimsec=.text.memfile_read rtype=4 symidx=42 sh_info=35 addend=0x0 oob_shndx=0 oob_type=0 shndx=14 fixup=0
MBDBG oob bfd=imfs_memfile.c.59.o relaxsec=.text.memfile_ftruncate victimsec=.text.memfile_read rtype=3 symidx=41 sh_info=35 addend=0x0 oob_shndx=0 oob_type=0 shndx=14 fixup=0
MBDBG oob bfd=imfs_memfile.c.59.o relaxsec=.text.memfile_ftruncate victimsec=.text.IMFS_memfile_extend rtype=5 symidx=37 sh_info=35 addend=0x0 oob_shndx=0 oob_type=8 shndx=14 fixup=0
MBDBG oob bfd=imfs_memfile.c.59.o relaxsec=.text.memfile_ftruncate victimsec=.text.IMFS_memfile_extend rtype=3 symidx=40 sh_info=35 addend=0x0 oob_shndx=0 oob_type=0 shndx=14 fixup=0
MBDBG oob bfd=imfs_memfile.c.59.o relaxsec=.text.memfile_ftruncate victimsec=.text.IMFS_memfile_extend rtype=5 symidx=35 sh_info=35 addend=0x0 oob_shndx=0 oob_type=1 shndx=14 fixup=0
MBDBG oob bfd=imfs_memfile.c.59.o relaxsec=.text.memfile_ftruncate victimsec=.text.IMFS_memfile_extend rtype=4 symidx=42 sh_info=35 addend=0x0 oob_shndx=0 oob_type=0 shndx=14 fixup=0
MBDBG oob bfd=imfs_memfile.c.59.o relaxsec=.text.memfile_ftruncate victimsec=.text.IMFS_memfile_extend rtype=5 symidx=36 sh_info=35 addend=0x0 oob_shndx=1281 oob_type=6 shndx=14 fixup=0
MBDBG oob bfd=imfs_memfile.c.59.o relaxsec=.text.memfile_ftruncate victimsec=.text.IMFS_memfile_extend rtype=5 symidx=36 sh_info=35 addend=0x0 oob_shndx=1281 oob_type=6 shndx=14 fixup=0
MBDBG oob bfd=imfs_memfile.c.59.o relaxsec=.text.memfile_ftruncate victimsec=.text.IMFS_memfile_extend rtype=3 symidx=43 sh_info=35 addend=0x0 oob_shndx=0 oob_type=0 shndx=14 fixup=0
MBDBG oob bfd=imfs_memfile.c.59.o relaxsec=.text.memfile_ftruncate victimsec=.text.IMFS_memfile_extend rtype=5 symidx=35 sh_info=35 addend=0x0 oob_shndx=0 oob_type=1 shndx=14 fixup=0
MBDBG oob bfd=imfs_memfile.c.59.o relaxsec=.text.memfile_ftruncate victimsec=.text.IMFS_memfile_extend rtype=5 symidx=36 sh_info=35 addend=0x0 oob_shndx=1281 oob_type=6 shndx=14 fixup=0
MBDBG oob bfd=imfs_memfile.c.59.o relaxsec=.text.memfile_ftruncate victimsec=.text.IMFS_memfile_extend rtype=5 symidx=36 sh_info=35 addend=0x0 oob_shndx=1281 oob_type=6 shndx=14 fixup=0
MBDBG oob bfd=imfs_memfile.c.59.o relaxsec=.text.memfile_ftruncate victimsec=.text.IMFS_memfile_extend rtype=5 symidx=35 sh_info=35 addend=0x4 oob_shndx=0 oob_type=1 shndx=14 fixup=0
MBDBG oob bfd=imfs_memfile.c.59.o relaxsec=.text.memfile_ftruncate victimsec=.text.IMFS_memfile_extend rtype=5 symidx=36 sh_info=35 addend=0x0 oob_shndx=1281 oob_type=6 shndx=14 fixup=0
MBDBG oob bfd=imfs_memfile.c.59.o relaxsec=.text.memfile_ftruncate victimsec=.text.IMFS_memfile_extend rtype=5 symidx=36 sh_info=35 addend=0x0 oob_shndx=1281 oob_type=6 shndx=14 fixup=0
MBDBG oob bfd=imfs_memfile.c.59.o relaxsec=.text.memfile_ftruncate victimsec=.text.IMFS_memfile_extend rtype=3 symidx=44 sh_info=35 addend=0x0 oob_shndx=0 oob_type=0 shndx=14 fixup=0
MBDBG oob bfd=imfs_memfile.c.59.o relaxsec=.text.memfile_ftruncate victimsec=.text.IMFS_memfile_extend rtype=3 symidx=44 sh_info=35 addend=0x0 oob_shndx=0 oob_type=0 shndx=14 fixup=0
MBDBG oob bfd=imfs_memfile.c.59.o relaxsec=.text.memfile_ftruncate victimsec=.text.IMFS_memfile_write rtype=5 symidx=37 sh_info=35 addend=0x0 oob_shndx=0 oob_type=8 shndx=14 fixup=0
MBDBG oob bfd=imfs_memfile.c.59.o relaxsec=.text.memfile_ftruncate victimsec=.text.IMFS_memfile_write rtype=3 symidx=39 sh_info=35 addend=0x0 oob_shndx=0 oob_type=0 shndx=14 fixup=0
MBDBG oob bfd=imfs_memfile.c.59.o relaxsec=.text.memfile_ftruncate victimsec=.text.IMFS_memfile_write rtype=3 symidx=40 sh_info=35 addend=0x0 oob_shndx=0 oob_type=0 shndx=14 fixup=0
MBDBG oob bfd=imfs_memfile.c.59.o relaxsec=.text.memfile_ftruncate victimsec=.text.IMFS_memfile_write rtype=3 symidx=41 sh_info=35 addend=0x0 oob_shndx=0 oob_type=0 shndx=14 fixup=0
MBDBG oob bfd=imfs_memfile.c.59.o relaxsec=.text.memfile_ftruncate victimsec=.text.IMFS_memfile_write rtype=3 symidx=41 sh_info=35 addend=0x0 oob_shndx=0 oob_type=0 shndx=14 fixup=0
MBDBG oob bfd=imfs_memfile.c.59.o relaxsec=.text.memfile_ftruncate victimsec=.text.IMFS_memfile_write rtype=3 symidx=42 sh_info=35 addend=0x0 oob_shndx=0 oob_type=0 shndx=14 fixup=0
MBDBG oob bfd=imfs_memfile.c.59.o relaxsec=.text.memfile_ftruncate victimsec=.text.IMFS_memfile_write rtype=3 symidx=41 sh_info=35 addend=0x0 oob_shndx=0 oob_type=0 shndx=14 fixup=0
MBDBG oob bfd=imfs_memfile.c.59.o relaxsec=.text.memfile_ftruncate victimsec=.text.memfile_write rtype=3 symidx=45 sh_info=35 addend=0x0 oob_shndx=0 oob_type=0 shndx=14 fixup=0
MBDBG oob bfd=imfs_memfile.c.59.o relaxsec=.text.memfile_ftruncate victimsec=.text.IMFS_default_allocate_block rtype=5 symidx=37 sh_info=35 addend=0x0 oob_shndx=0 oob_type=8 shndx=14 fixup=0
MBDBG oob bfd=imfs_memfile.c.59.o relaxsec=.text.memfile_ftruncate victimsec=.text.IMFS_default_allocate_block rtype=3 symidx=47 sh_info=35 addend=0x0 oob_shndx=0 oob_type=0 shndx=14 fixup=0
MBDBG oob bfd=imfs_memfile.c.59.o relaxsec=.text.memfile_ftruncate victimsec=.text.IMFS_default_deallocate_block rtype=3 symidx=49 sh_info=35 addend=0x0 oob_shndx=0 oob_type=0 shndx=14 fixup=0
MBDBG oob bfd=imfs_memfile.c.59.o relaxsec=.text.memfile_ftruncate victimsec=.text.IMFS_default_free_space rtype=3 symidx=51 sh_info=35 addend=0x0 oob_shndx=0 oob_type=0 shndx=14 fixup=0
MBDBG oob bfd=imfs_memfile.c.59.o relaxsec=.text.IMFS_memfile_write victimsec=.text.memfile_free_blocks_in_table rtype=5 symidx=35 sh_info=35 addend=0x0 oob_shndx=0 oob_type=1 shndx=16 fixup=0
MBDBG oob bfd=imfs_memfile.c.59.o relaxsec=.text.IMFS_memfile_write victimsec=.text.memfile_free_blocks_in_table rtype=5 symidx=35 sh_info=35 addend=0x0 oob_shndx=0 oob_type=1 shndx=16 fixup=0
MBDBG oob bfd=imfs_memfile.c.59.o relaxsec=.text.IMFS_memfile_write victimsec=.text.memfile_free_blocks_in_table rtype=5 symidx=36 sh_info=35 addend=0x0 oob_shndx=1281 oob_type=6 shndx=16 fixup=0
MBDBG oob bfd=imfs_memfile.c.59.o relaxsec=.text.IMFS_memfile_write victimsec=.text.memfile_free_blocks_in_table rtype=5 symidx=36 sh_info=35 addend=0x0 oob_shndx=1281 oob_type=6 shndx=16 fixup=0
MBDBG oob bfd=imfs_memfile.c.59.o relaxsec=.text.IMFS_memfile_write victimsec=.text.memfile_free_blocks_in_table rtype=5 symidx=36 sh_info=35 addend=0x0 oob_shndx=1281 oob_type=6 shndx=16 fixup=0
MBDBG oob bfd=imfs_memfile.c.59.o relaxsec=.text.IMFS_memfile_write victimsec=.text.memfile_free_blocks_in_table rtype=5 symidx=36 sh_info=35 addend=0x0 oob_shndx=1281 oob_type=6 shndx=16 fixup=0
MBDBG oob bfd=imfs_memfile.c.59.o relaxsec=.text.IMFS_memfile_write victimsec=.text.IMFS_memfile_destroy rtype=5 symidx=37 sh_info=35 addend=0x0 oob_shndx=0 oob_type=8 shndx=16 fixup=0
MBDBG oob bfd=imfs_memfile.c.59.o relaxsec=.text.IMFS_memfile_write victimsec=.text.IMFS_memfile_destroy rtype=4 symidx=38 sh_info=35 addend=0x0 oob_shndx=1952538476 oob_type=15 shndx=16 fixup=0
MBDBG oob bfd=imfs_memfile.c.59.o relaxsec=.text.IMFS_memfile_write victimsec=.text.IMFS_memfile_get_block_pointer rtype=5 symidx=37 sh_info=35 addend=0x0 oob_shndx=0 oob_type=8 shndx=16 fixup=0
MBDBG oob bfd=imfs_memfile.c.59.o relaxsec=.text.IMFS_memfile_write victimsec=.text.IMFS_memfile_get_block_pointer rtype=5 symidx=35 sh_info=35 addend=0x0 oob_shndx=0 oob_type=1 shndx=16 fixup=0
MBDBG oob bfd=imfs_memfile.c.59.o relaxsec=.text.IMFS_memfile_write victimsec=.text.IMFS_memfile_get_block_pointer rtype=5 symidx=36 sh_info=35 addend=0x0 oob_shndx=1281 oob_type=6 shndx=16 fixup=0
MBDBG oob bfd=imfs_memfile.c.59.o relaxsec=.text.IMFS_memfile_write victimsec=.text.IMFS_memfile_get_block_pointer rtype=5 symidx=36 sh_info=35 addend=0x0 oob_shndx=1281 oob_type=6 shndx=16 fixup=0
MBDBG oob bfd=imfs_memfile.c.59.o relaxsec=.text.IMFS_memfile_write victimsec=.text.IMFS_memfile_get_block_pointer rtype=5 symidx=35 sh_info=35 addend=0x0 oob_shndx=0 oob_type=1 shndx=16 fixup=0
MBDBG oob bfd=imfs_memfile.c.59.o relaxsec=.text.IMFS_memfile_write victimsec=.text.IMFS_memfile_get_block_pointer rtype=5 symidx=36 sh_info=35 addend=0x0 oob_shndx=1281 oob_type=6 shndx=16 fixup=0
MBDBG oob bfd=imfs_memfile.c.59.o relaxsec=.text.IMFS_memfile_write victimsec=.text.IMFS_memfile_get_block_pointer rtype=5 symidx=36 sh_info=35 addend=0x0 oob_shndx=1281 oob_type=6 shndx=16 fixup=0
MBDBG oob bfd=imfs_memfile.c.59.o relaxsec=.text.IMFS_memfile_write victimsec=.text.IMFS_memfile_get_block_pointer rtype=5 symidx=35 sh_info=35 addend=0x0 oob_shndx=0 oob_type=1 shndx=16 fixup=0
MBDBG oob bfd=imfs_memfile.c.59.o relaxsec=.text.IMFS_memfile_write victimsec=.text.IMFS_memfile_get_block_pointer rtype=5 symidx=36 sh_info=35 addend=0x0 oob_shndx=1281 oob_type=6 shndx=16 fixup=0
MBDBG oob bfd=imfs_memfile.c.59.o relaxsec=.text.IMFS_memfile_write victimsec=.text.IMFS_memfile_get_block_pointer rtype=5 symidx=36 sh_info=35 addend=0x0 oob_shndx=1281 oob_type=6 shndx=16 fixup=0
MBDBG oob bfd=imfs_memfile.c.59.o relaxsec=.text.IMFS_memfile_write victimsec=.text.IMFS_memfile_get_block_pointer rtype=5 symidx=35 sh_info=35 addend=0x0 oob_shndx=0 oob_type=1 shndx=16 fixup=0
MBDBG oob bfd=imfs_memfile.c.59.o relaxsec=.text.IMFS_memfile_write victimsec=.text.IMFS_memfile_get_block_pointer rtype=5 symidx=36 sh_info=35 addend=0x0 oob_shndx=1281 oob_type=6 shndx=16 fixup=0
MBDBG oob bfd=imfs_memfile.c.59.o relaxsec=.text.IMFS_memfile_write victimsec=.text.IMFS_memfile_get_block_pointer rtype=5 symidx=36 sh_info=35 addend=0x0 oob_shndx=1281 oob_type=6 shndx=16 fixup=0
MBDBG oob bfd=imfs_memfile.c.59.o relaxsec=.text.IMFS_memfile_write victimsec=.text.IMFS_memfile_get_block_pointer rtype=5 symidx=35 sh_info=35 addend=0x0 oob_shndx=0 oob_type=1 shndx=16 fixup=0
MBDBG oob bfd=imfs_memfile.c.59.o relaxsec=.text.IMFS_memfile_write victimsec=.text.IMFS_memfile_get_block_pointer rtype=5 symidx=36 sh_info=35 addend=0x0 oob_shndx=1281 oob_type=6 shndx=16 fixup=0
MBDBG oob bfd=imfs_memfile.c.59.o relaxsec=.text.IMFS_memfile_write victimsec=.text.IMFS_memfile_get_block_pointer rtype=5 symidx=36 sh_info=35 addend=0x0 oob_shndx=1281 oob_type=6 shndx=16 fixup=0
MBDBG oob bfd=imfs_memfile.c.59.o relaxsec=.text.IMFS_memfile_write victimsec=.text.IMFS_memfile_get_block_pointer rtype=5 symidx=35 sh_info=35 addend=0x0 oob_shndx=0 oob_type=1 shndx=16 fixup=0
MBDBG oob bfd=imfs_memfile.c.59.o relaxsec=.text.IMFS_memfile_write victimsec=.text.IMFS_memfile_get_block_pointer rtype=5 symidx=36 sh_info=35 addend=0x0 oob_shndx=1281 oob_type=6 shndx=16 fixup=0
MBDBG oob bfd=imfs_memfile.c.59.o relaxsec=.text.IMFS_memfile_write victimsec=.text.IMFS_memfile_get_block_pointer rtype=5 symidx=36 sh_info=35 addend=0x0 oob_shndx=1281 oob_type=6 shndx=16 fixup=0
MBDBG oob bfd=imfs_memfile.c.59.o relaxsec=.text.IMFS_memfile_write victimsec=.text.memfile_read rtype=5 symidx=37 sh_info=35 addend=0x0 oob_shndx=0 oob_type=8 shndx=16 fixup=0
MBDBG oob bfd=imfs_memfile.c.59.o relaxsec=.text.IMFS_memfile_write victimsec=.text.memfile_read rtype=3 symidx=39 sh_info=35 addend=0x0 oob_shndx=0 oob_type=0 shndx=16 fixup=0
MBDBG oob bfd=imfs_memfile.c.59.o relaxsec=.text.IMFS_memfile_write victimsec=.text.memfile_read rtype=3 symidx=40 sh_info=35 addend=0x0 oob_shndx=0 oob_type=0 shndx=16 fixup=0
MBDBG oob bfd=imfs_memfile.c.59.o relaxsec=.text.IMFS_memfile_write victimsec=.text.memfile_read rtype=3 symidx=41 sh_info=35 addend=0x0 oob_shndx=0 oob_type=0 shndx=16 fixup=0
MBDBG oob bfd=imfs_memfile.c.59.o relaxsec=.text.IMFS_memfile_write victimsec=.text.memfile_read rtype=3 symidx=41 sh_info=35 addend=0x0 oob_shndx=0 oob_type=0 shndx=16 fixup=0
MBDBG oob bfd=imfs_memfile.c.59.o relaxsec=.text.IMFS_memfile_write victimsec=.text.memfile_read rtype=4 symidx=42 sh_info=35 addend=0x0 oob_shndx=0 oob_type=0 shndx=16 fixup=0
MBDBG oob bfd=imfs_memfile.c.59.o relaxsec=.text.IMFS_memfile_write victimsec=.text.memfile_read rtype=3 symidx=41 sh_info=35 addend=0x0 oob_shndx=0 oob_type=0 shndx=16 fixup=0
MBDBG oob bfd=imfs_memfile.c.59.o relaxsec=.text.IMFS_memfile_write victimsec=.text.IMFS_memfile_extend rtype=5 symidx=37 sh_info=35 addend=0x0 oob_shndx=0 oob_type=8 shndx=16 fixup=0
MBDBG oob bfd=imfs_memfile.c.59.o relaxsec=.text.IMFS_memfile_write victimsec=.text.IMFS_memfile_extend rtype=3 symidx=40 sh_info=35 addend=0x0 oob_shndx=0 oob_type=0 shndx=16 fixup=0
MBDBG oob bfd=imfs_memfile.c.59.o relaxsec=.text.IMFS_memfile_write victimsec=.text.IMFS_memfile_extend rtype=5 symidx=35 sh_info=35 addend=0x0 oob_shndx=0 oob_type=1 shndx=16 fixup=0
MBDBG oob bfd=imfs_memfile.c.59.o relaxsec=.text.IMFS_memfile_write victimsec=.text.IMFS_memfile_extend rtype=4 symidx=42 sh_info=35 addend=0x0 oob_shndx=0 oob_type=0 shndx=16 fixup=0
MBDBG oob bfd=imfs_memfile.c.59.o relaxsec=.text.IMFS_memfile_write victimsec=.text.IMFS_memfile_extend rtype=5 symidx=36 sh_info=35 addend=0x0 oob_shndx=1281 oob_type=6 shndx=16 fixup=0
MBDBG oob bfd=imfs_memfile.c.59.o relaxsec=.text.IMFS_memfile_write victimsec=.text.IMFS_memfile_extend rtype=5 symidx=36 sh_info=35 addend=0x0 oob_shndx=1281 oob_type=6 shndx=16 fixup=0
MBDBG oob bfd=imfs_memfile.c.59.o relaxsec=.text.IMFS_memfile_write victimsec=.text.IMFS_memfile_extend rtype=3 symidx=43 sh_info=35 addend=0x0 oob_shndx=0 oob_type=0 shndx=16 fixup=0
MBDBG oob bfd=imfs_memfile.c.59.o relaxsec=.text.IMFS_memfile_write victimsec=.text.IMFS_memfile_extend rtype=5 symidx=35 sh_info=35 addend=0x0 oob_shndx=0 oob_type=1 shndx=16 fixup=0
MBDBG oob bfd=imfs_memfile.c.59.o relaxsec=.text.IMFS_memfile_write victimsec=.text.IMFS_memfile_extend rtype=5 symidx=36 sh_info=35 addend=0x0 oob_shndx=1281 oob_type=6 shndx=16 fixup=0
MBDBG oob bfd=imfs_memfile.c.59.o relaxsec=.text.IMFS_memfile_write victimsec=.text.IMFS_memfile_extend rtype=5 symidx=36 sh_info=35 addend=0x0 oob_shndx=1281 oob_type=6 shndx=16 fixup=0
MBDBG oob bfd=imfs_memfile.c.59.o relaxsec=.text.IMFS_memfile_write victimsec=.text.IMFS_memfile_extend rtype=5 symidx=35 sh_info=35 addend=0x4 oob_shndx=0 oob_type=1 shndx=16 fixup=0
MBDBG oob bfd=imfs_memfile.c.59.o relaxsec=.text.IMFS_memfile_write victimsec=.text.IMFS_memfile_extend rtype=5 symidx=36 sh_info=35 addend=0x0 oob_shndx=1281 oob_type=6 shndx=16 fixup=0
MBDBG oob bfd=imfs_memfile.c.59.o relaxsec=.text.IMFS_memfile_write victimsec=.text.IMFS_memfile_extend rtype=5 symidx=36 sh_info=35 addend=0x0 oob_shndx=1281 oob_type=6 shndx=16 fixup=0
MBDBG oob bfd=imfs_memfile.c.59.o relaxsec=.text.IMFS_memfile_write victimsec=.text.IMFS_memfile_extend rtype=3 symidx=44 sh_info=35 addend=0x0 oob_shndx=0 oob_type=0 shndx=16 fixup=0
MBDBG oob bfd=imfs_memfile.c.59.o relaxsec=.text.IMFS_memfile_write victimsec=.text.IMFS_memfile_extend rtype=3 symidx=44 sh_info=35 addend=0x0 oob_shndx=0 oob_type=0 shndx=16 fixup=0
MBDBG oob bfd=imfs_memfile.c.59.o relaxsec=.text.IMFS_memfile_write victimsec=.text.memfile_ftruncate rtype=4 symidx=42 sh_info=35 addend=0x0 oob_shndx=0 oob_type=0 shndx=16 fixup=0
MBDBG oob bfd=imfs_memfile.c.59.o relaxsec=.text.IMFS_memfile_write victimsec=.text.memfile_write rtype=3 symidx=45 sh_info=35 addend=0x0 oob_shndx=0 oob_type=0 shndx=16 fixup=0
MBDBG oob bfd=imfs_memfile.c.59.o relaxsec=.text.IMFS_memfile_write victimsec=.text.IMFS_default_allocate_block rtype=5 symidx=37 sh_info=35 addend=0x0 oob_shndx=0 oob_type=8 shndx=16 fixup=0
MBDBG oob bfd=imfs_memfile.c.59.o relaxsec=.text.IMFS_memfile_write victimsec=.text.IMFS_default_allocate_block rtype=3 symidx=47 sh_info=35 addend=0x0 oob_shndx=0 oob_type=0 shndx=16 fixup=0
MBDBG oob bfd=imfs_memfile.c.59.o relaxsec=.text.IMFS_memfile_write victimsec=.text.IMFS_default_deallocate_block rtype=3 symidx=49 sh_info=35 addend=0x0 oob_shndx=0 oob_type=0 shndx=16 fixup=0
MBDBG oob bfd=imfs_memfile.c.59.o relaxsec=.text.IMFS_memfile_write victimsec=.text.IMFS_default_free_space rtype=3 symidx=51 sh_info=35 addend=0x0 oob_shndx=0 oob_type=0 shndx=16 fixup=0
MBDBG oob bfd=imfs_memfile.c.59.o relaxsec=.text.IMFS_default_allocate_block victimsec=.text.memfile_free_blocks_in_table rtype=5 symidx=35 sh_info=35 addend=0x0 oob_shndx=0 oob_type=1 shndx=20 fixup=0
MBDBG oob bfd=imfs_memfile.c.59.o relaxsec=.text.IMFS_default_allocate_block victimsec=.text.memfile_free_blocks_in_table rtype=5 symidx=35 sh_info=35 addend=0x0 oob_shndx=0 oob_type=1 shndx=20 fixup=0
MBDBG oob bfd=imfs_memfile.c.59.o relaxsec=.text.IMFS_default_allocate_block victimsec=.text.memfile_free_blocks_in_table rtype=5 symidx=36 sh_info=35 addend=0x0 oob_shndx=1281 oob_type=6 shndx=20 fixup=0
MBDBG oob bfd=imfs_memfile.c.59.o relaxsec=.text.IMFS_default_allocate_block victimsec=.text.memfile_free_blocks_in_table rtype=5 symidx=36 sh_info=35 addend=0x0 oob_shndx=1281 oob_type=6 shndx=20 fixup=0
MBDBG oob bfd=imfs_memfile.c.59.o relaxsec=.text.IMFS_default_allocate_block victimsec=.text.memfile_free_blocks_in_table rtype=5 symidx=36 sh_info=35 addend=0x0 oob_shndx=1281 oob_type=6 shndx=20 fixup=0
MBDBG oob bfd=imfs_memfile.c.59.o relaxsec=.text.IMFS_default_allocate_block victimsec=.text.memfile_free_blocks_in_table rtype=5 symidx=36 sh_info=35 addend=0x0 oob_shndx=1281 oob_type=6 shndx=20 fixup=0
MBDBG oob bfd=imfs_memfile.c.59.o relaxsec=.text.IMFS_default_allocate_block victimsec=.text.IMFS_memfile_destroy rtype=5 symidx=37 sh_info=35 addend=0x0 oob_shndx=0 oob_type=8 shndx=20 fixup=0
MBDBG oob bfd=imfs_memfile.c.59.o relaxsec=.text.IMFS_default_allocate_block victimsec=.text.IMFS_memfile_destroy rtype=4 symidx=38 sh_info=35 addend=0x0 oob_shndx=1952538476 oob_type=15 shndx=20 fixup=0
MBDBG oob bfd=imfs_memfile.c.59.o relaxsec=.text.IMFS_default_allocate_block victimsec=.text.IMFS_memfile_get_block_pointer rtype=5 symidx=37 sh_info=35 addend=0x0 oob_shndx=0 oob_type=8 shndx=20 fixup=0
MBDBG oob bfd=imfs_memfile.c.59.o relaxsec=.text.IMFS_default_allocate_block victimsec=.text.IMFS_memfile_get_block_pointer rtype=5 symidx=35 sh_info=35 addend=0x0 oob_shndx=0 oob_type=1 shndx=20 fixup=0
MBDBG oob bfd=imfs_memfile.c.59.o relaxsec=.text.IMFS_default_allocate_block victimsec=.text.IMFS_memfile_get_block_pointer rtype=5 symidx=36 sh_info=35 addend=0x0 oob_shndx=1281 oob_type=6 shndx=20 fixup=0
MBDBG oob bfd=imfs_memfile.c.59.o relaxsec=.text.IMFS_default_allocate_block victimsec=.text.IMFS_memfile_get_block_pointer rtype=5 symidx=36 sh_info=35 addend=0x0 oob_shndx=1281 oob_type=6 shndx=20 fixup=0
MBDBG oob bfd=imfs_memfile.c.59.o relaxsec=.text.IMFS_default_allocate_block victimsec=.text.IMFS_memfile_get_block_pointer rtype=5 symidx=35 sh_info=35 addend=0x0 oob_shndx=0 oob_type=1 shndx=20 fixup=0
MBDBG oob bfd=imfs_memfile.c.59.o relaxsec=.text.IMFS_default_allocate_block victimsec=.text.IMFS_memfile_get_block_pointer rtype=5 symidx=36 sh_info=35 addend=0x0 oob_shndx=1281 oob_type=6 shndx=20 fixup=0
MBDBG oob bfd=imfs_memfile.c.59.o relaxsec=.text.IMFS_default_allocate_block victimsec=.text.IMFS_memfile_get_block_pointer rtype=5 symidx=36 sh_info=35 addend=0x0 oob_shndx=1281 oob_type=6 shndx=20 fixup=0
MBDBG oob bfd=imfs_memfile.c.59.o relaxsec=.text.IMFS_default_allocate_block victimsec=.text.IMFS_memfile_get_block_pointer rtype=5 symidx=35 sh_info=35 addend=0x0 oob_shndx=0 oob_type=1 shndx=20 fixup=0
MBDBG oob bfd=imfs_memfile.c.59.o relaxsec=.text.IMFS_default_allocate_block victimsec=.text.IMFS_memfile_get_block_pointer rtype=5 symidx=36 sh_info=35 addend=0x0 oob_shndx=1281 oob_type=6 shndx=20 fixup=0
MBDBG oob bfd=imfs_memfile.c.59.o relaxsec=.text.IMFS_default_allocate_block victimsec=.text.IMFS_memfile_get_block_pointer rtype=5 symidx=36 sh_info=35 addend=0x0 oob_shndx=1281 oob_type=6 shndx=20 fixup=0
MBDBG oob bfd=imfs_memfile.c.59.o relaxsec=.text.IMFS_default_allocate_block victimsec=.text.IMFS_memfile_get_block_pointer rtype=5 symidx=35 sh_info=35 addend=0x0 oob_shndx=0 oob_type=1 shndx=20 fixup=0
MBDBG oob bfd=imfs_memfile.c.59.o relaxsec=.text.IMFS_default_allocate_block victimsec=.text.IMFS_memfile_get_block_pointer rtype=5 symidx=36 sh_info=35 addend=0x0 oob_shndx=1281 oob_type=6 shndx=20 fixup=0
MBDBG oob bfd=imfs_memfile.c.59.o relaxsec=.text.IMFS_default_allocate_block victimsec=.text.IMFS_memfile_get_block_pointer rtype=5 symidx=36 sh_info=35 addend=0x0 oob_shndx=1281 oob_type=6 shndx=20 fixup=0
MBDBG oob bfd=imfs_memfile.c.59.o relaxsec=.text.IMFS_default_allocate_block victimsec=.text.IMFS_memfile_get_block_pointer rtype=5 symidx=35 sh_info=35 addend=0x0 oob_shndx=0 oob_type=1 shndx=20 fixup=0
MBDBG oob bfd=imfs_memfile.c.59.o relaxsec=.text.IMFS_default_allocate_block victimsec=.text.IMFS_memfile_get_block_pointer rtype=5 symidx=36 sh_info=35 addend=0x0 oob_shndx=1281 oob_type=6 shndx=20 fixup=0
MBDBG oob bfd=imfs_memfile.c.59.o relaxsec=.text.IMFS_default_allocate_block victimsec=.text.IMFS_memfile_get_block_pointer rtype=5 symidx=36 sh_info=35 addend=0x0 oob_shndx=1281 oob_type=6 shndx=20 fixup=0
MBDBG oob bfd=imfs_memfile.c.59.o relaxsec=.text.IMFS_default_allocate_block victimsec=.text.IMFS_memfile_get_block_pointer rtype=5 symidx=35 sh_info=35 addend=0x0 oob_shndx=0 oob_type=1 shndx=20 fixup=0
MBDBG oob bfd=imfs_memfile.c.59.o relaxsec=.text.IMFS_default_allocate_block victimsec=.text.IMFS_memfile_get_block_pointer rtype=5 symidx=36 sh_info=35 addend=0x0 oob_shndx=1281 oob_type=6 shndx=20 fixup=0
MBDBG oob bfd=imfs_memfile.c.59.o relaxsec=.text.IMFS_default_allocate_block victimsec=.text.IMFS_memfile_get_block_pointer rtype=5 symidx=36 sh_info=35 addend=0x0 oob_shndx=1281 oob_type=6 shndx=20 fixup=0
MBDBG oob bfd=imfs_memfile.c.59.o relaxsec=.text.IMFS_default_allocate_block victimsec=.text.memfile_read rtype=5 symidx=37 sh_info=35 addend=0x0 oob_shndx=0 oob_type=8 shndx=20 fixup=0
MBDBG oob bfd=imfs_memfile.c.59.o relaxsec=.text.IMFS_default_allocate_block victimsec=.text.memfile_read rtype=3 symidx=39 sh_info=35 addend=0x0 oob_shndx=0 oob_type=0 shndx=20 fixup=0
MBDBG oob bfd=imfs_memfile.c.59.o relaxsec=.text.IMFS_default_allocate_block victimsec=.text.memfile_read rtype=3 symidx=40 sh_info=35 addend=0x0 oob_shndx=0 oob_type=0 shndx=20 fixup=0
MBDBG oob bfd=imfs_memfile.c.59.o relaxsec=.text.IMFS_default_allocate_block victimsec=.text.memfile_read rtype=3 symidx=41 sh_info=35 addend=0x0 oob_shndx=0 oob_type=0 shndx=20 fixup=0
MBDBG oob bfd=imfs_memfile.c.59.o relaxsec=.text.IMFS_default_allocate_block victimsec=.text.memfile_read rtype=3 symidx=41 sh_info=35 addend=0x0 oob_shndx=0 oob_type=0 shndx=20 fixup=0
MBDBG oob bfd=imfs_memfile.c.59.o relaxsec=.text.IMFS_default_allocate_block victimsec=.text.memfile_read rtype=4 symidx=42 sh_info=35 addend=0x0 oob_shndx=0 oob_type=0 shndx=20 fixup=0
MBDBG oob bfd=imfs_memfile.c.59.o relaxsec=.text.IMFS_default_allocate_block victimsec=.text.memfile_read rtype=3 symidx=41 sh_info=35 addend=0x0 oob_shndx=0 oob_type=0 shndx=20 fixup=0
MBDBG oob bfd=imfs_memfile.c.59.o relaxsec=.text.IMFS_default_allocate_block victimsec=.text.IMFS_memfile_extend rtype=5 symidx=37 sh_info=35 addend=0x0 oob_shndx=0 oob_type=8 shndx=20 fixup=0
MBDBG oob bfd=imfs_memfile.c.59.o relaxsec=.text.IMFS_default_allocate_block victimsec=.text.IMFS_memfile_extend rtype=3 symidx=40 sh_info=35 addend=0x0 oob_shndx=0 oob_type=0 shndx=20 fixup=0
MBDBG oob bfd=imfs_memfile.c.59.o relaxsec=.text.IMFS_default_allocate_block victimsec=.text.IMFS_memfile_extend rtype=5 symidx=35 sh_info=35 addend=0x0 oob_shndx=0 oob_type=1 shndx=20 fixup=0
MBDBG oob bfd=imfs_memfile.c.59.o relaxsec=.text.IMFS_default_allocate_block victimsec=.text.IMFS_memfile_extend rtype=4 symidx=42 sh_info=35 addend=0x0 oob_shndx=0 oob_type=0 shndx=20 fixup=0
MBDBG oob bfd=imfs_memfile.c.59.o relaxsec=.text.IMFS_default_allocate_block victimsec=.text.IMFS_memfile_extend rtype=5 symidx=36 sh_info=35 addend=0x0 oob_shndx=1281 oob_type=6 shndx=20 fixup=0
MBDBG oob bfd=imfs_memfile.c.59.o relaxsec=.text.IMFS_default_allocate_block victimsec=.text.IMFS_memfile_extend rtype=5 symidx=36 sh_info=35 addend=0x0 oob_shndx=1281 oob_type=6 shndx=20 fixup=0
MBDBG oob bfd=imfs_memfile.c.59.o relaxsec=.text.IMFS_default_allocate_block victimsec=.text.IMFS_memfile_extend rtype=3 symidx=43 sh_info=35 addend=0x0 oob_shndx=0 oob_type=0 shndx=20 fixup=0
MBDBG oob bfd=imfs_memfile.c.59.o relaxsec=.text.IMFS_default_allocate_block victimsec=.text.IMFS_memfile_extend rtype=5 symidx=35 sh_info=35 addend=0x0 oob_shndx=0 oob_type=1 shndx=20 fixup=0
MBDBG oob bfd=imfs_memfile.c.59.o relaxsec=.text.IMFS_default_allocate_block victimsec=.text.IMFS_memfile_extend rtype=5 symidx=36 sh_info=35 addend=0x0 oob_shndx=1281 oob_type=6 shndx=20 fixup=0
MBDBG oob bfd=imfs_memfile.c.59.o relaxsec=.text.IMFS_default_allocate_block victimsec=.text.IMFS_memfile_extend rtype=5 symidx=36 sh_info=35 addend=0x0 oob_shndx=1281 oob_type=6 shndx=20 fixup=0
MBDBG oob bfd=imfs_memfile.c.59.o relaxsec=.text.IMFS_default_allocate_block victimsec=.text.IMFS_memfile_extend rtype=5 symidx=35 sh_info=35 addend=0x4 oob_shndx=0 oob_type=1 shndx=20 fixup=0
MBDBG oob bfd=imfs_memfile.c.59.o relaxsec=.text.IMFS_default_allocate_block victimsec=.text.IMFS_memfile_extend rtype=5 symidx=36 sh_info=35 addend=0x0 oob_shndx=1281 oob_type=6 shndx=20 fixup=0
MBDBG oob bfd=imfs_memfile.c.59.o relaxsec=.text.IMFS_default_allocate_block victimsec=.text.IMFS_memfile_extend rtype=5 symidx=36 sh_info=35 addend=0x0 oob_shndx=1281 oob_type=6 shndx=20 fixup=0
MBDBG oob bfd=imfs_memfile.c.59.o relaxsec=.text.IMFS_default_allocate_block victimsec=.text.IMFS_memfile_extend rtype=3 symidx=44 sh_info=35 addend=0x0 oob_shndx=0 oob_type=0 shndx=20 fixup=0
MBDBG oob bfd=imfs_memfile.c.59.o relaxsec=.text.IMFS_default_allocate_block victimsec=.text.IMFS_memfile_extend rtype=3 symidx=44 sh_info=35 addend=0x0 oob_shndx=0 oob_type=0 shndx=20 fixup=0
MBDBG oob bfd=imfs_memfile.c.59.o relaxsec=.text.IMFS_default_allocate_block victimsec=.text.memfile_ftruncate rtype=4 symidx=42 sh_info=35 addend=0x0 oob_shndx=0 oob_type=0 shndx=20 fixup=0
MBDBG oob bfd=imfs_memfile.c.59.o relaxsec=.text.IMFS_default_allocate_block victimsec=.text.IMFS_memfile_write rtype=5 symidx=37 sh_info=35 addend=0x0 oob_shndx=0 oob_type=8 shndx=20 fixup=0
MBDBG oob bfd=imfs_memfile.c.59.o relaxsec=.text.IMFS_default_allocate_block victimsec=.text.IMFS_memfile_write rtype=3 symidx=39 sh_info=35 addend=0x0 oob_shndx=0 oob_type=0 shndx=20 fixup=0
MBDBG oob bfd=imfs_memfile.c.59.o relaxsec=.text.IMFS_default_allocate_block victimsec=.text.IMFS_memfile_write rtype=3 symidx=40 sh_info=35 addend=0x0 oob_shndx=0 oob_type=0 shndx=20 fixup=0
MBDBG oob bfd=imfs_memfile.c.59.o relaxsec=.text.IMFS_default_allocate_block victimsec=.text.IMFS_memfile_write rtype=3 symidx=41 sh_info=35 addend=0x0 oob_shndx=0 oob_type=0 shndx=20 fixup=0
MBDBG oob bfd=imfs_memfile.c.59.o relaxsec=.text.IMFS_default_allocate_block victimsec=.text.IMFS_memfile_write rtype=3 symidx=41 sh_info=35 addend=0x0 oob_shndx=0 oob_type=0 shndx=20 fixup=0
MBDBG oob bfd=imfs_memfile.c.59.o relaxsec=.text.IMFS_default_allocate_block victimsec=.text.IMFS_memfile_write rtype=4 symidx=42 sh_info=35 addend=0x0 oob_shndx=0 oob_type=0 shndx=20 fixup=0
MBDBG oob bfd=imfs_memfile.c.59.o relaxsec=.text.IMFS_default_allocate_block victimsec=.text.IMFS_memfile_write rtype=3 symidx=41 sh_info=35 addend=0x0 oob_shndx=0 oob_type=0 shndx=20 fixup=0
MBDBG oob bfd=imfs_memfile.c.59.o relaxsec=.text.IMFS_default_allocate_block victimsec=.text.memfile_write rtype=3 symidx=45 sh_info=35 addend=0x0 oob_shndx=0 oob_type=0 shndx=20 fixup=0
MBDBG oob bfd=imfs_memfile.c.59.o relaxsec=.text.IMFS_default_allocate_block victimsec=.text.IMFS_default_deallocate_block rtype=3 symidx=49 sh_info=35 addend=0x0 oob_shndx=0 oob_type=0 shndx=20 fixup=0
MBDBG oob bfd=imfs_memfile.c.59.o relaxsec=.text.IMFS_default_allocate_block victimsec=.text.IMFS_default_free_space rtype=3 symidx=51 sh_info=35 addend=0x0 oob_shndx=0 oob_type=0 shndx=20 fixup=0
MBDBG oob bfd=imfs_memfile.c.59.o relaxsec=.text.IMFS_default_deallocate_block victimsec=.text.memfile_free_blocks_in_table rtype=5 symidx=35 sh_info=35 addend=0x0 oob_shndx=0 oob_type=1 shndx=22 fixup=0
MBDBG oob bfd=imfs_memfile.c.59.o relaxsec=.text.IMFS_default_deallocate_block victimsec=.text.memfile_free_blocks_in_table rtype=5 symidx=35 sh_info=35 addend=0x0 oob_shndx=0 oob_type=1 shndx=22 fixup=0
MBDBG oob bfd=imfs_memfile.c.59.o relaxsec=.text.IMFS_default_deallocate_block victimsec=.text.memfile_free_blocks_in_table rtype=5 symidx=36 sh_info=35 addend=0x0 oob_shndx=1281 oob_type=6 shndx=22 fixup=0
MBDBG oob bfd=imfs_memfile.c.59.o relaxsec=.text.IMFS_default_deallocate_block victimsec=.text.memfile_free_blocks_in_table rtype=5 symidx=36 sh_info=35 addend=0x0 oob_shndx=1281 oob_type=6 shndx=22 fixup=0
MBDBG oob bfd=imfs_memfile.c.59.o relaxsec=.text.IMFS_default_deallocate_block victimsec=.text.memfile_free_blocks_in_table rtype=5 symidx=36 sh_info=35 addend=0x0 oob_shndx=1281 oob_type=6 shndx=22 fixup=0
MBDBG oob bfd=imfs_memfile.c.59.o relaxsec=.text.IMFS_default_deallocate_block victimsec=.text.memfile_free_blocks_in_table rtype=5 symidx=36 sh_info=35 addend=0x0 oob_shndx=1281 oob_type=6 shndx=22 fixup=0
MBDBG oob bfd=imfs_memfile.c.59.o relaxsec=.text.IMFS_default_deallocate_block victimsec=.text.IMFS_memfile_destroy rtype=5 symidx=37 sh_info=35 addend=0x0 oob_shndx=0 oob_type=8 shndx=22 fixup=0
MBDBG oob bfd=imfs_memfile.c.59.o relaxsec=.text.IMFS_default_deallocate_block victimsec=.text.IMFS_memfile_destroy rtype=4 symidx=38 sh_info=35 addend=0x0 oob_shndx=1952538476 oob_type=15 shndx=22 fixup=0
MBDBG oob bfd=imfs_memfile.c.59.o relaxsec=.text.IMFS_default_deallocate_block victimsec=.text.IMFS_memfile_get_block_pointer rtype=5 symidx=37 sh_info=35 addend=0x0 oob_shndx=0 oob_type=8 shndx=22 fixup=0
MBDBG oob bfd=imfs_memfile.c.59.o relaxsec=.text.IMFS_default_deallocate_block victimsec=.text.IMFS_memfile_get_block_pointer rtype=5 symidx=35 sh_info=35 addend=0x0 oob_shndx=0 oob_type=1 shndx=22 fixup=0
MBDBG oob bfd=imfs_memfile.c.59.o relaxsec=.text.IMFS_default_deallocate_block victimsec=.text.IMFS_memfile_get_block_pointer rtype=5 symidx=36 sh_info=35 addend=0x0 oob_shndx=1281 oob_type=6 shndx=22 fixup=0
MBDBG oob bfd=imfs_memfile.c.59.o relaxsec=.text.IMFS_default_deallocate_block victimsec=.text.IMFS_memfile_get_block_pointer rtype=5 symidx=36 sh_info=35 addend=0x0 oob_shndx=1281 oob_type=6 shndx=22 fixup=0
MBDBG oob bfd=imfs_memfile.c.59.o relaxsec=.text.IMFS_default_deallocate_block victimsec=.text.IMFS_memfile_get_block_pointer rtype=5 symidx=35 sh_info=35 addend=0x0 oob_shndx=0 oob_type=1 shndx=22 fixup=0
MBDBG oob bfd=imfs_memfile.c.59.o relaxsec=.text.IMFS_default_deallocate_block victimsec=.text.IMFS_memfile_get_block_pointer rtype=5 symidx=36 sh_info=35 addend=0x0 oob_shndx=1281 oob_type=6 shndx=22 fixup=0
MBDBG oob bfd=imfs_memfile.c.59.o relaxsec=.text.IMFS_default_deallocate_block victimsec=.text.IMFS_memfile_get_block_pointer rtype=5 symidx=36 sh_info=35 addend=0x0 oob_shndx=1281 oob_type=6 shndx=22 fixup=0
MBDBG oob bfd=imfs_memfile.c.59.o relaxsec=.text.IMFS_default_deallocate_block victimsec=.text.IMFS_memfile_get_block_pointer rtype=5 symidx=35 sh_info=35 addend=0x0 oob_shndx=0 oob_type=1 shndx=22 fixup=0
MBDBG oob bfd=imfs_memfile.c.59.o relaxsec=.text.IMFS_default_deallocate_block victimsec=.text.IMFS_memfile_get_block_pointer rtype=5 symidx=36 sh_info=35 addend=0x0 oob_shndx=1281 oob_type=6 shndx=22 fixup=0
MBDBG oob bfd=imfs_memfile.c.59.o relaxsec=.text.IMFS_default_deallocate_block victimsec=.text.IMFS_memfile_get_block_pointer rtype=5 symidx=36 sh_info=35 addend=0x0 oob_shndx=1281 oob_type=6 shndx=22 fixup=0
MBDBG oob bfd=imfs_memfile.c.59.o relaxsec=.text.IMFS_default_deallocate_block victimsec=.text.IMFS_memfile_get_block_pointer rtype=5 symidx=35 sh_info=35 addend=0x0 oob_shndx=0 oob_type=1 shndx=22 fixup=0
MBDBG oob bfd=imfs_memfile.c.59.o relaxsec=.text.IMFS_default_deallocate_block victimsec=.text.IMFS_memfile_get_block_pointer rtype=5 symidx=36 sh_info=35 addend=0x0 oob_shndx=1281 oob_type=6 shndx=22 fixup=0
MBDBG oob bfd=imfs_memfile.c.59.o relaxsec=.text.IMFS_default_deallocate_block victimsec=.text.IMFS_memfile_get_block_pointer rtype=5 symidx=36 sh_info=35 addend=0x0 oob_shndx=1281 oob_type=6 shndx=22 fixup=0
MBDBG oob bfd=imfs_memfile.c.59.o relaxsec=.text.IMFS_default_deallocate_block victimsec=.text.IMFS_memfile_get_block_pointer rtype=5 symidx=35 sh_info=35 addend=0x0 oob_shndx=0 oob_type=1 shndx=22 fixup=0
MBDBG oob bfd=imfs_memfile.c.59.o relaxsec=.text.IMFS_default_deallocate_block victimsec=.text.IMFS_memfile_get_block_pointer rtype=5 symidx=36 sh_info=35 addend=0x0 oob_shndx=1281 oob_type=6 shndx=22 fixup=0
MBDBG oob bfd=imfs_memfile.c.59.o relaxsec=.text.IMFS_default_deallocate_block victimsec=.text.IMFS_memfile_get_block_pointer rtype=5 symidx=36 sh_info=35 addend=0x0 oob_shndx=1281 oob_type=6 shndx=22 fixup=0
MBDBG oob bfd=imfs_memfile.c.59.o relaxsec=.text.IMFS_default_deallocate_block victimsec=.text.IMFS_memfile_get_block_pointer rtype=5 symidx=35 sh_info=35 addend=0x0 oob_shndx=0 oob_type=1 shndx=22 fixup=0
MBDBG oob bfd=imfs_memfile.c.59.o relaxsec=.text.IMFS_default_deallocate_block victimsec=.text.IMFS_memfile_get_block_pointer rtype=5 symidx=36 sh_info=35 addend=0x0 oob_shndx=1281 oob_type=6 shndx=22 fixup=0
MBDBG oob bfd=imfs_memfile.c.59.o relaxsec=.text.IMFS_default_deallocate_block victimsec=.text.IMFS_memfile_get_block_pointer rtype=5 symidx=36 sh_info=35 addend=0x0 oob_shndx=1281 oob_type=6 shndx=22 fixup=0
MBDBG oob bfd=imfs_memfile.c.59.o relaxsec=.text.IMFS_default_deallocate_block victimsec=.text.memfile_read rtype=5 symidx=37 sh_info=35 addend=0x0 oob_shndx=0 oob_type=8 shndx=22 fixup=0
MBDBG oob bfd=imfs_memfile.c.59.o relaxsec=.text.IMFS_default_deallocate_block victimsec=.text.memfile_read rtype=3 symidx=39 sh_info=35 addend=0x0 oob_shndx=0 oob_type=0 shndx=22 fixup=0
MBDBG oob bfd=imfs_memfile.c.59.o relaxsec=.text.IMFS_default_deallocate_block victimsec=.text.memfile_read rtype=3 symidx=40 sh_info=35 addend=0x0 oob_shndx=0 oob_type=0 shndx=22 fixup=0
MBDBG oob bfd=imfs_memfile.c.59.o relaxsec=.text.IMFS_default_deallocate_block victimsec=.text.memfile_read rtype=3 symidx=41 sh_info=35 addend=0x0 oob_shndx=0 oob_type=0 shndx=22 fixup=0
MBDBG oob bfd=imfs_memfile.c.59.o relaxsec=.text.IMFS_default_deallocate_block victimsec=.text.memfile_read rtype=3 symidx=41 sh_info=35 addend=0x0 oob_shndx=0 oob_type=0 shndx=22 fixup=0
MBDBG oob bfd=imfs_memfile.c.59.o relaxsec=.text.IMFS_default_deallocate_block victimsec=.text.memfile_read rtype=4 symidx=42 sh_info=35 addend=0x0 oob_shndx=0 oob_type=0 shndx=22 fixup=0
MBDBG oob bfd=imfs_memfile.c.59.o relaxsec=.text.IMFS_default_deallocate_block victimsec=.text.memfile_read rtype=3 symidx=41 sh_info=35 addend=0x0 oob_shndx=0 oob_type=0 shndx=22 fixup=0
MBDBG oob bfd=imfs_memfile.c.59.o relaxsec=.text.IMFS_default_deallocate_block victimsec=.text.IMFS_memfile_extend rtype=5 symidx=37 sh_info=35 addend=0x0 oob_shndx=0 oob_type=8 shndx=22 fixup=0
MBDBG oob bfd=imfs_memfile.c.59.o relaxsec=.text.IMFS_default_deallocate_block victimsec=.text.IMFS_memfile_extend rtype=3 symidx=40 sh_info=35 addend=0x0 oob_shndx=0 oob_type=0 shndx=22 fixup=0
MBDBG oob bfd=imfs_memfile.c.59.o relaxsec=.text.IMFS_default_deallocate_block victimsec=.text.IMFS_memfile_extend rtype=5 symidx=35 sh_info=35 addend=0x0 oob_shndx=0 oob_type=1 shndx=22 fixup=0
MBDBG oob bfd=imfs_memfile.c.59.o relaxsec=.text.IMFS_default_deallocate_block victimsec=.text.IMFS_memfile_extend rtype=4 symidx=42 sh_info=35 addend=0x0 oob_shndx=0 oob_type=0 shndx=22 fixup=0
MBDBG oob bfd=imfs_memfile.c.59.o relaxsec=.text.IMFS_default_deallocate_block victimsec=.text.IMFS_memfile_extend rtype=5 symidx=36 sh_info=35 addend=0x0 oob_shndx=1281 oob_type=6 shndx=22 fixup=0
MBDBG oob bfd=imfs_memfile.c.59.o relaxsec=.text.IMFS_default_deallocate_block victimsec=.text.IMFS_memfile_extend rtype=5 symidx=36 sh_info=35 addend=0x0 oob_shndx=1281 oob_type=6 shndx=22 fixup=0
MBDBG oob bfd=imfs_memfile.c.59.o relaxsec=.text.IMFS_default_deallocate_block victimsec=.text.IMFS_memfile_extend rtype=3 symidx=43 sh_info=35 addend=0x0 oob_shndx=0 oob_type=0 shndx=22 fixup=0
MBDBG oob bfd=imfs_memfile.c.59.o relaxsec=.text.IMFS_default_deallocate_block victimsec=.text.IMFS_memfile_extend rtype=5 symidx=35 sh_info=35 addend=0x0 oob_shndx=0 oob_type=1 shndx=22 fixup=0
MBDBG oob bfd=imfs_memfile.c.59.o relaxsec=.text.IMFS_default_deallocate_block victimsec=.text.IMFS_memfile_extend rtype=5 symidx=36 sh_info=35 addend=0x0 oob_shndx=1281 oob_type=6 shndx=22 fixup=0
MBDBG oob bfd=imfs_memfile.c.59.o relaxsec=.text.IMFS_default_deallocate_block victimsec=.text.IMFS_memfile_extend rtype=5 symidx=36 sh_info=35 addend=0x0 oob_shndx=1281 oob_type=6 shndx=22 fixup=0
MBDBG oob bfd=imfs_memfile.c.59.o relaxsec=.text.IMFS_default_deallocate_block victimsec=.text.IMFS_memfile_extend rtype=5 symidx=35 sh_info=35 addend=0x4 oob_shndx=0 oob_type=1 shndx=22 fixup=0
MBDBG oob bfd=imfs_memfile.c.59.o relaxsec=.text.IMFS_default_deallocate_block victimsec=.text.IMFS_memfile_extend rtype=5 symidx=36 sh_info=35 addend=0x0 oob_shndx=1281 oob_type=6 shndx=22 fixup=0
MBDBG oob bfd=imfs_memfile.c.59.o relaxsec=.text.IMFS_default_deallocate_block victimsec=.text.IMFS_memfile_extend rtype=5 symidx=36 sh_info=35 addend=0x0 oob_shndx=1281 oob_type=6 shndx=22 fixup=0
MBDBG oob bfd=imfs_memfile.c.59.o relaxsec=.text.IMFS_default_deallocate_block victimsec=.text.IMFS_memfile_extend rtype=3 symidx=44 sh_info=35 addend=0x0 oob_shndx=0 oob_type=0 shndx=22 fixup=0
MBDBG oob bfd=imfs_memfile.c.59.o relaxsec=.text.IMFS_default_deallocate_block victimsec=.text.IMFS_memfile_extend rtype=3 symidx=44 sh_info=35 addend=0x0 oob_shndx=0 oob_type=0 shndx=22 fixup=0
MBDBG oob bfd=imfs_memfile.c.59.o relaxsec=.text.IMFS_default_deallocate_block victimsec=.text.memfile_ftruncate rtype=4 symidx=42 sh_info=35 addend=0x0 oob_shndx=0 oob_type=0 shndx=22 fixup=0
MBDBG oob bfd=imfs_memfile.c.59.o relaxsec=.text.IMFS_default_deallocate_block victimsec=.text.IMFS_memfile_write rtype=5 symidx=37 sh_info=35 addend=0x0 oob_shndx=0 oob_type=8 shndx=22 fixup=0
MBDBG oob bfd=imfs_memfile.c.59.o relaxsec=.text.IMFS_default_deallocate_block victimsec=.text.IMFS_memfile_write rtype=3 symidx=39 sh_info=35 addend=0x0 oob_shndx=0 oob_type=0 shndx=22 fixup=0
MBDBG oob bfd=imfs_memfile.c.59.o relaxsec=.text.IMFS_default_deallocate_block victimsec=.text.IMFS_memfile_write rtype=3 symidx=40 sh_info=35 addend=0x0 oob_shndx=0 oob_type=0 shndx=22 fixup=0
MBDBG oob bfd=imfs_memfile.c.59.o relaxsec=.text.IMFS_default_deallocate_block victimsec=.text.IMFS_memfile_write rtype=3 symidx=41 sh_info=35 addend=0x0 oob_shndx=0 oob_type=0 shndx=22 fixup=0
MBDBG oob bfd=imfs_memfile.c.59.o relaxsec=.text.IMFS_default_deallocate_block victimsec=.text.IMFS_memfile_write rtype=3 symidx=41 sh_info=35 addend=0x0 oob_shndx=0 oob_type=0 shndx=22 fixup=0
MBDBG oob bfd=imfs_memfile.c.59.o relaxsec=.text.IMFS_default_deallocate_block victimsec=.text.IMFS_memfile_write rtype=4 symidx=42 sh_info=35 addend=0x0 oob_shndx=0 oob_type=0 shndx=22 fixup=0
MBDBG oob bfd=imfs_memfile.c.59.o relaxsec=.text.IMFS_default_deallocate_block victimsec=.text.IMFS_memfile_write rtype=3 symidx=41 sh_info=35 addend=0x0 oob_shndx=0 oob_type=0 shndx=22 fixup=0
MBDBG oob bfd=imfs_memfile.c.59.o relaxsec=.text.IMFS_default_deallocate_block victimsec=.text.memfile_write rtype=3 symidx=45 sh_info=35 addend=0x0 oob_shndx=0 oob_type=0 shndx=22 fixup=0
MBDBG oob bfd=imfs_memfile.c.59.o relaxsec=.text.IMFS_default_deallocate_block victimsec=.text.IMFS_default_allocate_block rtype=5 symidx=37 sh_info=35 addend=0x0 oob_shndx=0 oob_type=8 shndx=22 fixup=0
MBDBG oob bfd=imfs_memfile.c.59.o relaxsec=.text.IMFS_default_deallocate_block victimsec=.text.IMFS_default_allocate_block rtype=4 symidx=47 sh_info=35 addend=0x0 oob_shndx=0 oob_type=0 shndx=22 fixup=0
MBDBG oob bfd=imfs_memfile.c.59.o relaxsec=.text.IMFS_default_deallocate_block victimsec=.text.IMFS_default_free_space rtype=3 symidx=51 sh_info=35 addend=0x0 oob_shndx=0 oob_type=0 shndx=22 fixup=0
MBDBG oob bfd=imfs_memfile.c.59.o relaxsec=.text.IMFS_default_free_space victimsec=.text.memfile_free_blocks_in_table rtype=5 symidx=35 sh_info=35 addend=0x0 oob_shndx=0 oob_type=1 shndx=24 fixup=0
MBDBG oob bfd=imfs_memfile.c.59.o relaxsec=.text.IMFS_default_free_space victimsec=.text.memfile_free_blocks_in_table rtype=5 symidx=35 sh_info=35 addend=0x0 oob_shndx=0 oob_type=1 shndx=24 fixup=0
MBDBG oob bfd=imfs_memfile.c.59.o relaxsec=.text.IMFS_default_free_space victimsec=.text.memfile_free_blocks_in_table rtype=5 symidx=36 sh_info=35 addend=0x0 oob_shndx=1281 oob_type=6 shndx=24 fixup=0
MBDBG oob bfd=imfs_memfile.c.59.o relaxsec=.text.IMFS_default_free_space victimsec=.text.memfile_free_blocks_in_table rtype=5 symidx=36 sh_info=35 addend=0x0 oob_shndx=1281 oob_type=6 shndx=24 fixup=0
MBDBG oob bfd=imfs_memfile.c.59.o relaxsec=.text.IMFS_default_free_space victimsec=.text.memfile_free_blocks_in_table rtype=5 symidx=36 sh_info=35 addend=0x0 oob_shndx=1281 oob_type=6 shndx=24 fixup=0
MBDBG oob bfd=imfs_memfile.c.59.o relaxsec=.text.IMFS_default_free_space victimsec=.text.memfile_free_blocks_in_table rtype=5 symidx=36 sh_info=35 addend=0x0 oob_shndx=1281 oob_type=6 shndx=24 fixup=0
MBDBG oob bfd=imfs_memfile.c.59.o relaxsec=.text.IMFS_default_free_space victimsec=.text.IMFS_memfile_destroy rtype=5 symidx=37 sh_info=35 addend=0x0 oob_shndx=0 oob_type=8 shndx=24 fixup=0
MBDBG oob bfd=imfs_memfile.c.59.o relaxsec=.text.IMFS_default_free_space victimsec=.text.IMFS_memfile_destroy rtype=4 symidx=38 sh_info=35 addend=0x0 oob_shndx=1952538476 oob_type=15 shndx=24 fixup=0
MBDBG oob bfd=imfs_memfile.c.59.o relaxsec=.text.IMFS_default_free_space victimsec=.text.IMFS_memfile_get_block_pointer rtype=5 symidx=37 sh_info=35 addend=0x0 oob_shndx=0 oob_type=8 shndx=24 fixup=0
MBDBG oob bfd=imfs_memfile.c.59.o relaxsec=.text.IMFS_default_free_space victimsec=.text.IMFS_memfile_get_block_pointer rtype=5 symidx=35 sh_info=35 addend=0x0 oob_shndx=0 oob_type=1 shndx=24 fixup=0
MBDBG oob bfd=imfs_memfile.c.59.o relaxsec=.text.IMFS_default_free_space victimsec=.text.IMFS_memfile_get_block_pointer rtype=5 symidx=36 sh_info=35 addend=0x0 oob_shndx=1281 oob_type=6 shndx=24 fixup=0
MBDBG oob bfd=imfs_memfile.c.59.o relaxsec=.text.IMFS_default_free_space victimsec=.text.IMFS_memfile_get_block_pointer rtype=5 symidx=36 sh_info=35 addend=0x0 oob_shndx=1281 oob_type=6 shndx=24 fixup=0
MBDBG oob bfd=imfs_memfile.c.59.o relaxsec=.text.IMFS_default_free_space victimsec=.text.IMFS_memfile_get_block_pointer rtype=5 symidx=35 sh_info=35 addend=0x0 oob_shndx=0 oob_type=1 shndx=24 fixup=0
MBDBG oob bfd=imfs_memfile.c.59.o relaxsec=.text.IMFS_default_free_space victimsec=.text.IMFS_memfile_get_block_pointer rtype=5 symidx=36 sh_info=35 addend=0x0 oob_shndx=1281 oob_type=6 shndx=24 fixup=0
MBDBG oob bfd=imfs_memfile.c.59.o relaxsec=.text.IMFS_default_free_space victimsec=.text.IMFS_memfile_get_block_pointer rtype=5 symidx=36 sh_info=35 addend=0x0 oob_shndx=1281 oob_type=6 shndx=24 fixup=0
MBDBG oob bfd=imfs_memfile.c.59.o relaxsec=.text.IMFS_default_free_space victimsec=.text.IMFS_memfile_get_block_pointer rtype=5 symidx=35 sh_info=35 addend=0x0 oob_shndx=0 oob_type=1 shndx=24 fixup=0
MBDBG oob bfd=imfs_memfile.c.59.o relaxsec=.text.IMFS_default_free_space victimsec=.text.IMFS_memfile_get_block_pointer rtype=5 symidx=36 sh_info=35 addend=0x0 oob_shndx=1281 oob_type=6 shndx=24 fixup=0
MBDBG oob bfd=imfs_memfile.c.59.o relaxsec=.text.IMFS_default_free_space victimsec=.text.IMFS_memfile_get_block_pointer rtype=5 symidx=36 sh_info=35 addend=0x0 oob_shndx=1281 oob_type=6 shndx=24 fixup=0
MBDBG oob bfd=imfs_memfile.c.59.o relaxsec=.text.IMFS_default_free_space victimsec=.text.IMFS_memfile_get_block_pointer rtype=5 symidx=35 sh_info=35 addend=0x0 oob_shndx=0 oob_type=1 shndx=24 fixup=0
MBDBG oob bfd=imfs_memfile.c.59.o relaxsec=.text.IMFS_default_free_space victimsec=.text.IMFS_memfile_get_block_pointer rtype=5 symidx=36 sh_info=35 addend=0x0 oob_shndx=1281 oob_type=6 shndx=24 fixup=0
MBDBG oob bfd=imfs_memfile.c.59.o relaxsec=.text.IMFS_default_free_space victimsec=.text.IMFS_memfile_get_block_pointer rtype=5 symidx=36 sh_info=35 addend=0x0 oob_shndx=1281 oob_type=6 shndx=24 fixup=0
MBDBG oob bfd=imfs_memfile.c.59.o relaxsec=.text.IMFS_default_free_space victimsec=.text.IMFS_memfile_get_block_pointer rtype=5 symidx=35 sh_info=35 addend=0x0 oob_shndx=0 oob_type=1 shndx=24 fixup=0
MBDBG oob bfd=imfs_memfile.c.59.o relaxsec=.text.IMFS_default_free_space victimsec=.text.IMFS_memfile_get_block_pointer rtype=5 symidx=36 sh_info=35 addend=0x0 oob_shndx=1281 oob_type=6 shndx=24 fixup=0
MBDBG oob bfd=imfs_memfile.c.59.o relaxsec=.text.IMFS_default_free_space victimsec=.text.IMFS_memfile_get_block_pointer rtype=5 symidx=36 sh_info=35 addend=0x0 oob_shndx=1281 oob_type=6 shndx=24 fixup=0
MBDBG oob bfd=imfs_memfile.c.59.o relaxsec=.text.IMFS_default_free_space victimsec=.text.IMFS_memfile_get_block_pointer rtype=5 symidx=35 sh_info=35 addend=0x0 oob_shndx=0 oob_type=1 shndx=24 fixup=0
MBDBG oob bfd=imfs_memfile.c.59.o relaxsec=.text.IMFS_default_free_space victimsec=.text.IMFS_memfile_get_block_pointer rtype=5 symidx=36 sh_info=35 addend=0x0 oob_shndx=1281 oob_type=6 shndx=24 fixup=0
MBDBG oob bfd=imfs_memfile.c.59.o relaxsec=.text.IMFS_default_free_space victimsec=.text.IMFS_memfile_get_block_pointer rtype=5 symidx=36 sh_info=35 addend=0x0 oob_shndx=1281 oob_type=6 shndx=24 fixup=0
MBDBG oob bfd=imfs_memfile.c.59.o relaxsec=.text.IMFS_default_free_space victimsec=.text.memfile_read rtype=5 symidx=37 sh_info=35 addend=0x0 oob_shndx=0 oob_type=8 shndx=24 fixup=0
MBDBG oob bfd=imfs_memfile.c.59.o relaxsec=.text.IMFS_default_free_space victimsec=.text.memfile_read rtype=3 symidx=39 sh_info=35 addend=0x0 oob_shndx=0 oob_type=0 shndx=24 fixup=0
MBDBG oob bfd=imfs_memfile.c.59.o relaxsec=.text.IMFS_default_free_space victimsec=.text.memfile_read rtype=3 symidx=40 sh_info=35 addend=0x0 oob_shndx=0 oob_type=0 shndx=24 fixup=0
MBDBG oob bfd=imfs_memfile.c.59.o relaxsec=.text.IMFS_default_free_space victimsec=.text.memfile_read rtype=3 symidx=41 sh_info=35 addend=0x0 oob_shndx=0 oob_type=0 shndx=24 fixup=0
MBDBG oob bfd=imfs_memfile.c.59.o relaxsec=.text.IMFS_default_free_space victimsec=.text.memfile_read rtype=3 symidx=41 sh_info=35 addend=0x0 oob_shndx=0 oob_type=0 shndx=24 fixup=0
MBDBG oob bfd=imfs_memfile.c.59.o relaxsec=.text.IMFS_default_free_space victimsec=.text.memfile_read rtype=4 symidx=42 sh_info=35 addend=0x0 oob_shndx=0 oob_type=0 shndx=24 fixup=0
MBDBG oob bfd=imfs_memfile.c.59.o relaxsec=.text.IMFS_default_free_space victimsec=.text.memfile_read rtype=3 symidx=41 sh_info=35 addend=0x0 oob_shndx=0 oob_type=0 shndx=24 fixup=0
MBDBG oob bfd=imfs_memfile.c.59.o relaxsec=.text.IMFS_default_free_space victimsec=.text.IMFS_memfile_extend rtype=5 symidx=37 sh_info=35 addend=0x0 oob_shndx=0 oob_type=8 shndx=24 fixup=0
MBDBG oob bfd=imfs_memfile.c.59.o relaxsec=.text.IMFS_default_free_space victimsec=.text.IMFS_memfile_extend rtype=3 symidx=40 sh_info=35 addend=0x0 oob_shndx=0 oob_type=0 shndx=24 fixup=0
MBDBG oob bfd=imfs_memfile.c.59.o relaxsec=.text.IMFS_default_free_space victimsec=.text.IMFS_memfile_extend rtype=5 symidx=35 sh_info=35 addend=0x0 oob_shndx=0 oob_type=1 shndx=24 fixup=0
MBDBG oob bfd=imfs_memfile.c.59.o relaxsec=.text.IMFS_default_free_space victimsec=.text.IMFS_memfile_extend rtype=4 symidx=42 sh_info=35 addend=0x0 oob_shndx=0 oob_type=0 shndx=24 fixup=0
MBDBG oob bfd=imfs_memfile.c.59.o relaxsec=.text.IMFS_default_free_space victimsec=.text.IMFS_memfile_extend rtype=5 symidx=36 sh_info=35 addend=0x0 oob_shndx=1281 oob_type=6 shndx=24 fixup=0
MBDBG oob bfd=imfs_memfile.c.59.o relaxsec=.text.IMFS_default_free_space victimsec=.text.IMFS_memfile_extend rtype=5 symidx=36 sh_info=35 addend=0x0 oob_shndx=1281 oob_type=6 shndx=24 fixup=0
MBDBG oob bfd=imfs_memfile.c.59.o relaxsec=.text.IMFS_default_free_space victimsec=.text.IMFS_memfile_extend rtype=3 symidx=43 sh_info=35 addend=0x0 oob_shndx=0 oob_type=0 shndx=24 fixup=0
MBDBG oob bfd=imfs_memfile.c.59.o relaxsec=.text.IMFS_default_free_space victimsec=.text.IMFS_memfile_extend rtype=5 symidx=35 sh_info=35 addend=0x0 oob_shndx=0 oob_type=1 shndx=24 fixup=0
MBDBG oob bfd=imfs_memfile.c.59.o relaxsec=.text.IMFS_default_free_space victimsec=.text.IMFS_memfile_extend rtype=5 symidx=36 sh_info=35 addend=0x0 oob_shndx=1281 oob_type=6 shndx=24 fixup=0
MBDBG oob bfd=imfs_memfile.c.59.o relaxsec=.text.IMFS_default_free_space victimsec=.text.IMFS_memfile_extend rtype=5 symidx=36 sh_info=35 addend=0x0 oob_shndx=1281 oob_type=6 shndx=24 fixup=0
MBDBG oob bfd=imfs_memfile.c.59.o relaxsec=.text.IMFS_default_free_space victimsec=.text.IMFS_memfile_extend rtype=5 symidx=35 sh_info=35 addend=0x4 oob_shndx=0 oob_type=1 shndx=24 fixup=0
MBDBG oob bfd=imfs_memfile.c.59.o relaxsec=.text.IMFS_default_free_space victimsec=.text.IMFS_memfile_extend rtype=5 symidx=36 sh_info=35 addend=0x0 oob_shndx=1281 oob_type=6 shndx=24 fixup=0
MBDBG oob bfd=imfs_memfile.c.59.o relaxsec=.text.IMFS_default_free_space victimsec=.text.IMFS_memfile_extend rtype=5 symidx=36 sh_info=35 addend=0x0 oob_shndx=1281 oob_type=6 shndx=24 fixup=0
MBDBG oob bfd=imfs_memfile.c.59.o relaxsec=.text.IMFS_default_free_space victimsec=.text.IMFS_memfile_extend rtype=3 symidx=44 sh_info=35 addend=0x0 oob_shndx=0 oob_type=0 shndx=24 fixup=0
MBDBG oob bfd=imfs_memfile.c.59.o relaxsec=.text.IMFS_default_free_space victimsec=.text.IMFS_memfile_extend rtype=3 symidx=44 sh_info=35 addend=0x0 oob_shndx=0 oob_type=0 shndx=24 fixup=0
MBDBG oob bfd=imfs_memfile.c.59.o relaxsec=.text.IMFS_default_free_space victimsec=.text.memfile_ftruncate rtype=4 symidx=42 sh_info=35 addend=0x0 oob_shndx=0 oob_type=0 shndx=24 fixup=0
MBDBG oob bfd=imfs_memfile.c.59.o relaxsec=.text.IMFS_default_free_space victimsec=.text.IMFS_memfile_write rtype=5 symidx=37 sh_info=35 addend=0x0 oob_shndx=0 oob_type=8 shndx=24 fixup=0
MBDBG oob bfd=imfs_memfile.c.59.o relaxsec=.text.IMFS_default_free_space victimsec=.text.IMFS_memfile_write rtype=3 symidx=39 sh_info=35 addend=0x0 oob_shndx=0 oob_type=0 shndx=24 fixup=0
MBDBG oob bfd=imfs_memfile.c.59.o relaxsec=.text.IMFS_default_free_space victimsec=.text.IMFS_memfile_write rtype=3 symidx=40 sh_info=35 addend=0x0 oob_shndx=0 oob_type=0 shndx=24 fixup=0
MBDBG oob bfd=imfs_memfile.c.59.o relaxsec=.text.IMFS_default_free_space victimsec=.text.IMFS_memfile_write rtype=3 symidx=41 sh_info=35 addend=0x0 oob_shndx=0 oob_type=0 shndx=24 fixup=0
MBDBG oob bfd=imfs_memfile.c.59.o relaxsec=.text.IMFS_default_free_space victimsec=.text.IMFS_memfile_write rtype=3 symidx=41 sh_info=35 addend=0x0 oob_shndx=0 oob_type=0 shndx=24 fixup=0
MBDBG oob bfd=imfs_memfile.c.59.o relaxsec=.text.IMFS_default_free_space victimsec=.text.IMFS_memfile_write rtype=4 symidx=42 sh_info=35 addend=0x0 oob_shndx=0 oob_type=0 shndx=24 fixup=0
MBDBG oob bfd=imfs_memfile.c.59.o relaxsec=.text.IMFS_default_free_space victimsec=.text.IMFS_memfile_write rtype=3 symidx=41 sh_info=35 addend=0x0 oob_shndx=0 oob_type=0 shndx=24 fixup=0
MBDBG oob bfd=imfs_memfile.c.59.o relaxsec=.text.IMFS_default_free_space victimsec=.text.memfile_write rtype=3 symidx=45 sh_info=35 addend=0x0 oob_shndx=0 oob_type=0 shndx=24 fixup=0
MBDBG oob bfd=imfs_memfile.c.59.o relaxsec=.text.IMFS_default_free_space victimsec=.text.IMFS_default_allocate_block rtype=5 symidx=37 sh_info=35 addend=0x0 oob_shndx=0 oob_type=8 shndx=24 fixup=0
MBDBG oob bfd=imfs_memfile.c.59.o relaxsec=.text.IMFS_default_free_space victimsec=.text.IMFS_default_allocate_block rtype=4 symidx=47 sh_info=35 addend=0x0 oob_shndx=0 oob_type=0 shndx=24 fixup=0
MBDBG oob bfd=imfs_memfile.c.59.o relaxsec=.text.IMFS_default_free_space victimsec=.text.IMFS_default_deallocate_block rtype=4 symidx=49 sh_info=35 addend=0x0 oob_shndx=0 oob_type=0 shndx=24 fixup=0
MBDBG oob bfd=imfs_rename.c.59.o relaxsec=.text.IMFS_renamed_destroy victimsec=.text.IMFS_rename rtype=3 symidx=18 sh_info=16 addend=0x0 oob_shndx=2 oob_type=3 shndx=4 fixup=0
MBDBG oob bfd=imfs_rename.c.59.o relaxsec=.text.IMFS_renamed_destroy victimsec=.text.IMFS_rename rtype=3 symidx=19 sh_info=16 addend=0x0 oob_shndx=3 oob_type=3 shndx=4 fixup=0
MBDBG oob bfd=imfs_rename.c.59.o relaxsec=.text.IMFS_renamed_destroy victimsec=.text.IMFS_rename rtype=3 symidx=20 sh_info=16 addend=0x0 oob_shndx=4 oob_type=3 shndx=4 fixup=0  <<< GUARD PASSED - CORRUPTING
MBDBG oob bfd=imfs_rename.c.59.o relaxsec=.text.IMFS_renamed_destroy victimsec=.text.IMFS_rename rtype=3 symidx=16 sh_info=16 addend=0x0 oob_shndx=0 oob_type=0 shndx=4 fixup=0
MBDBG oob bfd=imfs_rename.c.59.o relaxsec=.text.IMFS_renamed_destroy victimsec=.text.IMFS_rename rtype=3 symidx=21 sh_info=16 addend=0x0 oob_shndx=6 oob_type=3 shndx=4 fixup=0
MBDBG oob bfd=imfs_rename.c.59.o relaxsec=.text.IMFS_renamed_destroy victimsec=.text.IMFS_rename rtype=3 symidx=21 sh_info=16 addend=0x0 oob_shndx=6 oob_type=3 shndx=4 fixup=0
MBDBG oob bfd=imfs_rename.c.59.o relaxsec=.text.IMFS_renamed_destroy victimsec=.text.IMFS_rename rtype=3 symidx=21 sh_info=16 addend=0x0 oob_shndx=6 oob_type=3 shndx=4 fixup=0
MBDBG oob bfd=imfs_rename.c.59.o relaxsec=.text.IMFS_rename victimsec=.text.IMFS_renamed_destroy rtype=4 symidx=16 sh_info=16 addend=0x0 oob_shndx=0 oob_type=0 shndx=6 fixup=0
MBDBG oob bfd=imfs_symlink.c.59.o relaxsec=.text.IMFS_symlink victimsec=.text.IMFS_node_initialize_sym_link rtype=3 symidx=23 sh_info=23 addend=0x0 oob_shndx=0 oob_type=0 shndx=8 fixup=0
MBDBG oob bfd=imfs_symlink.c.59.o relaxsec=.text.IMFS_symlink victimsec=.text.IMFS_stat_sym_link rtype=3 symidx=24 sh_info=23 addend=0x0 oob_shndx=1 oob_type=3 shndx=8 fixup=0
MBDBG oob bfd=imfs_symlink.c.59.o relaxsec=.text.IMFS_symlink victimsec=.text.IMFS_stat_sym_link rtype=3 symidx=25 sh_info=23 addend=0x0 oob_shndx=2 oob_type=3 shndx=8 fixup=0
MBDBG oob bfd=ratemoncancel.c.59.o relaxsec=.text._Rate_monotonic_Cancel victimsec=.text.rtems_rate_monotonic_cancel rtype=5 symidx=22 sh_info=15 addend=0x0 oob_shndx=10 oob_type=3 shndx=4 fixup=0
MBDBG oob bfd=ratemoncancel.c.59.o relaxsec=.text._Rate_monotonic_Cancel victimsec=.text.rtems_rate_monotonic_cancel rtype=3 symidx=23 sh_info=15 addend=0x0 oob_shndx=12 oob_type=3 shndx=4 fixup=0
MBDBG oob bfd=ratemoncancel.c.59.o relaxsec=.text._Rate_monotonic_Cancel victimsec=.text.rtems_rate_monotonic_cancel rtype=5 symidx=16 sh_info=15 addend=0x18 oob_shndx=1 oob_type=3 shndx=4 fixup=0
MBDBG oob bfd=ratemoncancel.c.59.o relaxsec=.text._Rate_monotonic_Cancel victimsec=.text.rtems_rate_monotonic_cancel rtype=3 symidx=15 sh_info=15 addend=0x0 oob_shndx=0 oob_type=0 shndx=4 fixup=0
MBDBG oob bfd=ratemoncancel.c.59.o relaxsec=.text.rtems_rate_monotonic_cancel victimsec=.text._Rate_monotonic_Cancel rtype=5 symidx=16 sh_info=15 addend=0x30 oob_shndx=1 oob_type=3 shndx=6 fixup=4
MBDBG oob bfd=ratemoncancel.c.59.o relaxsec=.text.rtems_rate_monotonic_cancel victimsec=.text._Rate_monotonic_Cancel rtype=4 symidx=17 sh_info=15 addend=0x0 oob_shndx=2 oob_type=3 shndx=6 fixup=0
MBDBG oob bfd=ratemoncancel.c.59.o relaxsec=.text.rtems_rate_monotonic_cancel victimsec=.text._Rate_monotonic_Cancel rtype=5 symidx=18 sh_info=15 addend=0x0 oob_shndx=3 oob_type=3 shndx=6 fixup=0
MBDBG oob bfd=ratemoncancel.c.59.o relaxsec=.text.rtems_rate_monotonic_cancel victimsec=.text._Rate_monotonic_Cancel rtype=5 symidx=16 sh_info=15 addend=0x0 oob_shndx=1 oob_type=3 shndx=6 fixup=0
MBDBG oob bfd=ratemoncancel.c.59.o relaxsec=.text.rtems_rate_monotonic_cancel victimsec=.text._Rate_monotonic_Cancel rtype=4 symidx=19 sh_info=15 addend=0x0 oob_shndx=4 oob_type=3 shndx=6 fixup=0
MBDBG oob bfd=ratemoncancel.c.59.o relaxsec=.text.rtems_rate_monotonic_cancel victimsec=.text._Rate_monotonic_Cancel rtype=4 symidx=20 sh_info=15 addend=0x0 oob_shndx=6 oob_type=3 shndx=6 fixup=0  <<< GUARD PASSED - CORRUPTING
MBDBG oob bfd=ratemoncreate.c.59.o relaxsec=.text._Rate_monotonic_Manager_initialization victimsec=.text.rtems_rate_monotonic_create rtype=5 symidx=17 sh_info=17 addend=0x0 oob_shndx=0 oob_type=0 shndx=4 fixup=0
MBDBG oob bfd=ratemoncreate.c.59.o relaxsec=.text._Rate_monotonic_Manager_initialization victimsec=.text.rtems_rate_monotonic_create rtype=3 symidx=20 sh_info=17 addend=0x0 oob_shndx=3 oob_type=3 shndx=4 fixup=0
MBDBG oob bfd=ratemoncreate.c.59.o relaxsec=.text._Rate_monotonic_Manager_initialization victimsec=.text.rtems_rate_monotonic_create rtype=5 symidx=21 sh_info=17 addend=0x18 oob_shndx=4 oob_type=3 shndx=4 fixup=4  <<< GUARD PASSED - CORRUPTING
MBDBG oob bfd=ratemoncreate.c.59.o relaxsec=.text._Rate_monotonic_Manager_initialization victimsec=.text.rtems_rate_monotonic_create rtype=5 symidx=22 sh_info=17 addend=0x0 oob_shndx=6 oob_type=3 shndx=4 fixup=0
MBDBG oob bfd=ratemoncreate.c.59.o relaxsec=.text._Rate_monotonic_Manager_initialization victimsec=.text.rtems_rate_monotonic_create rtype=3 symidx=23 sh_info=17 addend=0x0 oob_shndx=8 oob_type=3 shndx=4 fixup=0
MBDBG oob bfd=ratemoncreate.c.59.o relaxsec=.text._Rate_monotonic_Manager_initialization victimsec=.text.rtems_rate_monotonic_create rtype=5 symidx=17 sh_info=17 addend=0x4 oob_shndx=0 oob_type=0 shndx=4 fixup=0
MBDBG oob bfd=ratemoncreate.c.59.o relaxsec=.text._Rate_monotonic_Manager_initialization victimsec=.text.rtems_rate_monotonic_create rtype=3 symidx=24 sh_info=17 addend=0x0 oob_shndx=10 oob_type=3 shndx=4 fixup=0
MBDBG oob bfd=ratemoncreate.c.59.o relaxsec=.text._Rate_monotonic_Manager_initialization victimsec=.text.rtems_rate_monotonic_create rtype=3 symidx=24 sh_info=17 addend=0x0 oob_shndx=10 oob_type=3 shndx=4 fixup=0
MBDBG oob bfd=ratemoncreate.c.59.o relaxsec=.text.rtems_rate_monotonic_create victimsec=.text._Rate_monotonic_Manager_initialization rtype=5 symidx=17 sh_info=17 addend=0x0 oob_shndx=0 oob_type=0 shndx=6 fixup=0
MBDBG oob bfd=ratemoncreate.c.59.o relaxsec=.text.rtems_rate_monotonic_create victimsec=.text._Rate_monotonic_Manager_initialization rtype=4 symidx=18 sh_info=17 addend=0x0 oob_shndx=1 oob_type=3 shndx=6 fixup=0
MBDBG oob bfd=ratemonperiod.c.59.o relaxsec=.text._Rate_monotonic_Update_statistics victimsec=.text._Rate_monotonic_Block_while_expired rtype=5 symidx=22 sh_info=20 addend=0x0 oob_shndx=2 oob_type=3 shndx=4 fixup=0
MBDBG oob bfd=ratemonperiod.c.59.o relaxsec=.text._Rate_monotonic_Update_statistics victimsec=.text._Rate_monotonic_Block_while_expired rtype=5 symidx=23 sh_info=20 addend=0x0 oob_shndx=3 oob_type=3 shndx=4 fixup=0
MBDBG oob bfd=ratemonperiod.c.59.o relaxsec=.text._Rate_monotonic_Update_statistics victimsec=.text._Rate_monotonic_Block_while_expired rtype=3 symidx=24 sh_info=20 addend=0x0 oob_shndx=4 oob_type=3 shndx=4 fixup=0  <<< GUARD PASSED - CORRUPTING
MBDBG oob bfd=ratemonperiod.c.59.o relaxsec=.text._Rate_monotonic_Update_statistics victimsec=.text._Rate_monotonic_Block_while_expired rtype=3 symidx=25 sh_info=20 addend=0x0 oob_shndx=6 oob_type=3 shndx=4 fixup=0
MBDBG oob bfd=ratemonperiod.c.59.o relaxsec=.text._Rate_monotonic_Update_statistics victimsec=.text._Rate_monotonic_Get_status rtype=3 symidx=20 sh_info=20 addend=0x0 oob_shndx=0 oob_type=0 shndx=4 fixup=0
MBDBG oob bfd=ratemonperiod.c.59.o relaxsec=.text._Rate_monotonic_Update_statistics victimsec=.text._Rate_monotonic_Get_status rtype=3 symidx=21 sh_info=20 addend=0x0 oob_shndx=1 oob_type=3 shndx=4 fixup=0
MBDBG oob bfd=ratemonperiod.c.59.o relaxsec=.text._Rate_monotonic_Update_statistics victimsec=.text._Rate_monotonic_Restart rtype=3 symidx=20 sh_info=20 addend=0x0 oob_shndx=0 oob_type=0 shndx=4 fixup=0
MBDBG oob bfd=ratemonperiod.c.59.o relaxsec=.text._Rate_monotonic_Update_statistics victimsec=.text._Rate_monotonic_Restart rtype=5 symidx=23 sh_info=20 addend=0x0 oob_shndx=3 oob_type=3 shndx=4 fixup=0
MBDBG oob bfd=ratemonperiod.c.59.o relaxsec=.text._Rate_monotonic_Update_statistics victimsec=.text._Rate_monotonic_Restart rtype=3 symidx=21 sh_info=20 addend=0x0 oob_shndx=1 oob_type=3 shndx=4 fixup=0
MBDBG oob bfd=ratemonperiod.c.59.o relaxsec=.text._Rate_monotonic_Update_statistics victimsec=.text._Rate_monotonic_Restart rtype=3 symidx=28 sh_info=20 addend=0x0 oob_shndx=12 oob_type=3 shndx=4 fixup=0
MBDBG oob bfd=ratemonperiod.c.59.o relaxsec=.text._Rate_monotonic_Update_statistics victimsec=.text._Rate_monotonic_Restart rtype=5 symidx=22 sh_info=20 addend=0x0 oob_shndx=2 oob_type=3 shndx=4 fixup=0
MBDBG oob bfd=ratemonperiod.c.59.o relaxsec=.text._Rate_monotonic_Update_statistics victimsec=.text._Rate_monotonic_Restart rtype=3 symidx=24 sh_info=20 addend=0x0 oob_shndx=4 oob_type=3 shndx=4 fixup=0  <<< GUARD PASSED - CORRUPTING
MBDBG oob bfd=ratemonperiod.c.59.o relaxsec=.text._Rate_monotonic_Update_statistics victimsec=.text._Rate_monotonic_Restart rtype=3 symidx=29 sh_info=20 addend=0x0 oob_shndx=13 oob_type=3 shndx=4 fixup=0
MBDBG oob bfd=ratemonperiod.c.59.o relaxsec=.text._Rate_monotonic_Update_statistics victimsec=.text.rtems_rate_monotonic_period rtype=5 symidx=31 sh_info=20 addend=0x0 oob_shndx=17 oob_type=3 shndx=4 fixup=0
MBDBG oob bfd=ratemonperiod.c.59.o relaxsec=.text._Rate_monotonic_Update_statistics victimsec=.text.rtems_rate_monotonic_period rtype=3 symidx=32 sh_info=20 addend=0x0 oob_shndx=19 oob_type=3 shndx=4 fixup=0
MBDBG oob bfd=ratemonperiod.c.59.o relaxsec=.text._Rate_monotonic_Update_statistics victimsec=.text.rtems_rate_monotonic_period rtype=5 symidx=23 sh_info=20 addend=0x0 oob_shndx=3 oob_type=3 shndx=4 fixup=0
MBDBG oob bfd=ratemonperiod.c.59.o relaxsec=.text._Rate_monotonic_Update_statistics victimsec=.text.rtems_rate_monotonic_period rtype=3 symidx=33 sh_info=20 addend=0x0 oob_shndx=21 oob_type=3 shndx=4 fixup=0
MBDBG oob bfd=ratemonperiod.c.59.o relaxsec=.text._Rate_monotonic_Update_statistics victimsec=.text.rtems_rate_monotonic_period rtype=3 symidx=34 sh_info=20 addend=0x0 oob_shndx=22 oob_type=3 shndx=4 fixup=0
MBDBG oob bfd=ratemonperiod.c.59.o relaxsec=.text._Rate_monotonic_Update_statistics victimsec=.text.rtems_rate_monotonic_period rtype=5 symidx=23 sh_info=20 addend=0x0 oob_shndx=3 oob_type=3 shndx=4 fixup=0
MBDBG oob bfd=ratemonperiod.c.59.o relaxsec=.text._Rate_monotonic_Update_statistics victimsec=.text.rtems_rate_monotonic_period rtype=3 symidx=25 sh_info=20 addend=0x0 oob_shndx=6 oob_type=3 shndx=4 fixup=0
MBDBG oob bfd=ratemonperiod.c.59.o relaxsec=.text._Rate_monotonic_Update_statistics victimsec=.text.rtems_rate_monotonic_period rtype=3 symidx=27 sh_info=20 addend=0x0 oob_shndx=10 oob_type=3 shndx=4 fixup=0
MBDBG oob bfd=ratemonperiod.c.59.o relaxsec=.text._Rate_monotonic_Block_while_expired victimsec=.text._Rate_monotonic_Update_statistics rtype=4 symidx=20 sh_info=20 addend=0x0 oob_shndx=0 oob_type=0 shndx=6 fixup=0
MBDBG oob bfd=ratemonperiod.c.59.o relaxsec=.text._Rate_monotonic_Block_while_expired victimsec=.text._Rate_monotonic_Update_statistics rtype=4 symidx=21 sh_info=20 addend=0x0 oob_shndx=1 oob_type=3 shndx=6 fixup=0
MBDBG oob bfd=ratemonperiod.c.59.o relaxsec=.text._Rate_monotonic_Block_while_expired victimsec=.text._Rate_monotonic_Get_status rtype=3 symidx=20 sh_info=20 addend=0x0 oob_shndx=0 oob_type=0 shndx=6 fixup=0
MBDBG oob bfd=ratemonperiod.c.59.o relaxsec=.text._Rate_monotonic_Block_while_expired victimsec=.text._Rate_monotonic_Get_status rtype=3 symidx=21 sh_info=20 addend=0x0 oob_shndx=1 oob_type=3 shndx=6 fixup=0
MBDBG oob bfd=ratemonperiod.c.59.o relaxsec=.text._Rate_monotonic_Block_while_expired victimsec=.text._Rate_monotonic_Restart rtype=3 symidx=20 sh_info=20 addend=0x0 oob_shndx=0 oob_type=0 shndx=6 fixup=0
MBDBG oob bfd=ratemonperiod.c.59.o relaxsec=.text._Rate_monotonic_Block_while_expired victimsec=.text._Rate_monotonic_Restart rtype=5 symidx=23 sh_info=20 addend=0x0 oob_shndx=3 oob_type=3 shndx=6 fixup=0
MBDBG oob bfd=ratemonperiod.c.59.o relaxsec=.text._Rate_monotonic_Block_while_expired victimsec=.text._Rate_monotonic_Restart rtype=3 symidx=21 sh_info=20 addend=0x0 oob_shndx=1 oob_type=3 shndx=6 fixup=0
MBDBG oob bfd=ratemonperiod.c.59.o relaxsec=.text._Rate_monotonic_Block_while_expired victimsec=.text._Rate_monotonic_Restart rtype=3 symidx=28 sh_info=20 addend=0x0 oob_shndx=12 oob_type=3 shndx=6 fixup=0
MBDBG oob bfd=ratemonperiod.c.59.o relaxsec=.text._Rate_monotonic_Block_while_expired victimsec=.text._Rate_monotonic_Restart rtype=5 symidx=22 sh_info=20 addend=0x0 oob_shndx=2 oob_type=3 shndx=6 fixup=0
MBDBG oob bfd=ratemonperiod.c.59.o relaxsec=.text._Rate_monotonic_Block_while_expired victimsec=.text._Rate_monotonic_Restart rtype=3 symidx=24 sh_info=20 addend=0x0 oob_shndx=4 oob_type=3 shndx=6 fixup=0
MBDBG oob bfd=ratemonperiod.c.59.o relaxsec=.text._Rate_monotonic_Block_while_expired victimsec=.text._Rate_monotonic_Restart rtype=3 symidx=29 sh_info=20 addend=0x0 oob_shndx=13 oob_type=3 shndx=6 fixup=0
MBDBG oob bfd=ratemonperiod.c.59.o relaxsec=.text._Rate_monotonic_Block_while_expired victimsec=.text.rtems_rate_monotonic_period rtype=5 symidx=31 sh_info=20 addend=0x0 oob_shndx=17 oob_type=3 shndx=6 fixup=0
MBDBG oob bfd=ratemonperiod.c.59.o relaxsec=.text._Rate_monotonic_Block_while_expired victimsec=.text.rtems_rate_monotonic_period rtype=3 symidx=32 sh_info=20 addend=0x0 oob_shndx=19 oob_type=3 shndx=6 fixup=0
MBDBG oob bfd=ratemonperiod.c.59.o relaxsec=.text._Rate_monotonic_Block_while_expired victimsec=.text.rtems_rate_monotonic_period rtype=5 symidx=23 sh_info=20 addend=0x0 oob_shndx=3 oob_type=3 shndx=6 fixup=0
MBDBG oob bfd=ratemonperiod.c.59.o relaxsec=.text._Rate_monotonic_Block_while_expired victimsec=.text.rtems_rate_monotonic_period rtype=3 symidx=33 sh_info=20 addend=0x0 oob_shndx=21 oob_type=3 shndx=6 fixup=0
MBDBG oob bfd=ratemonperiod.c.59.o relaxsec=.text._Rate_monotonic_Block_while_expired victimsec=.text.rtems_rate_monotonic_period rtype=3 symidx=34 sh_info=20 addend=0x0 oob_shndx=22 oob_type=3 shndx=6 fixup=0
MBDBG oob bfd=ratemonperiod.c.59.o relaxsec=.text._Rate_monotonic_Block_while_expired victimsec=.text.rtems_rate_monotonic_period rtype=5 symidx=23 sh_info=20 addend=0x0 oob_shndx=3 oob_type=3 shndx=6 fixup=0
MBDBG oob bfd=ratemonperiod.c.59.o relaxsec=.text._Rate_monotonic_Block_while_expired victimsec=.text.rtems_rate_monotonic_period rtype=3 symidx=25 sh_info=20 addend=0x0 oob_shndx=6 oob_type=3 shndx=6 fixup=0  <<< GUARD PASSED - CORRUPTING
MBDBG oob bfd=ratemonperiod.c.59.o relaxsec=.text._Rate_monotonic_Block_while_expired victimsec=.text.rtems_rate_monotonic_period rtype=3 symidx=27 sh_info=20 addend=0x0 oob_shndx=10 oob_type=3 shndx=6 fixup=0
MBDBG oob bfd=ratemonperiod.c.59.o relaxsec=.text._Rate_monotonic_Get_status victimsec=.text._Rate_monotonic_Update_statistics rtype=4 symidx=20 sh_info=20 addend=0x0 oob_shndx=0 oob_type=0 shndx=8 fixup=0
MBDBG oob bfd=ratemonperiod.c.59.o relaxsec=.text._Rate_monotonic_Get_status victimsec=.text._Rate_monotonic_Update_statistics rtype=4 symidx=21 sh_info=20 addend=0x0 oob_shndx=1 oob_type=3 shndx=8 fixup=0
MBDBG oob bfd=ratemonperiod.c.59.o relaxsec=.text._Rate_monotonic_Get_status victimsec=.text._Rate_monotonic_Block_while_expired rtype=5 symidx=22 sh_info=20 addend=0x0 oob_shndx=2 oob_type=3 shndx=8 fixup=0
MBDBG oob bfd=ratemonperiod.c.59.o relaxsec=.text._Rate_monotonic_Get_status victimsec=.text._Rate_monotonic_Block_while_expired rtype=5 symidx=23 sh_info=20 addend=0x0 oob_shndx=3 oob_type=3 shndx=8 fixup=0
MBDBG oob bfd=ratemonperiod.c.59.o relaxsec=.text._Rate_monotonic_Get_status victimsec=.text._Rate_monotonic_Block_while_expired rtype=4 symidx=24 sh_info=20 addend=0x0 oob_shndx=4 oob_type=3 shndx=8 fixup=0
MBDBG oob bfd=ratemonperiod.c.59.o relaxsec=.text._Rate_monotonic_Get_status victimsec=.text._Rate_monotonic_Block_while_expired rtype=4 symidx=25 sh_info=20 addend=0x0 oob_shndx=6 oob_type=3 shndx=8 fixup=0
MBDBG oob bfd=ratemonperiod.c.59.o relaxsec=.text._Rate_monotonic_Get_status victimsec=.text._Rate_monotonic_Restart rtype=3 symidx=20 sh_info=20 addend=0x0 oob_shndx=0 oob_type=0 shndx=8 fixup=0
MBDBG oob bfd=ratemonperiod.c.59.o relaxsec=.text._Rate_monotonic_Get_status victimsec=.text._Rate_monotonic_Restart rtype=5 symidx=23 sh_info=20 addend=0x0 oob_shndx=3 oob_type=3 shndx=8 fixup=0
MBDBG oob bfd=ratemonperiod.c.59.o relaxsec=.text._Rate_monotonic_Get_status victimsec=.text._Rate_monotonic_Restart rtype=3 symidx=21 sh_info=20 addend=0x0 oob_shndx=1 oob_type=3 shndx=8 fixup=0
MBDBG oob bfd=ratemonperiod.c.59.o relaxsec=.text._Rate_monotonic_Get_status victimsec=.text._Rate_monotonic_Restart rtype=3 symidx=28 sh_info=20 addend=0x0 oob_shndx=12 oob_type=3 shndx=8 fixup=0
MBDBG oob bfd=ratemonperiod.c.59.o relaxsec=.text._Rate_monotonic_Get_status victimsec=.text._Rate_monotonic_Restart rtype=5 symidx=22 sh_info=20 addend=0x0 oob_shndx=2 oob_type=3 shndx=8 fixup=0
MBDBG oob bfd=ratemonperiod.c.59.o relaxsec=.text._Rate_monotonic_Get_status victimsec=.text._Rate_monotonic_Restart rtype=3 symidx=24 sh_info=20 addend=0x0 oob_shndx=4 oob_type=3 shndx=8 fixup=0
MBDBG oob bfd=ratemonperiod.c.59.o relaxsec=.text._Rate_monotonic_Get_status victimsec=.text._Rate_monotonic_Restart rtype=3 symidx=29 sh_info=20 addend=0x0 oob_shndx=13 oob_type=3 shndx=8 fixup=0
MBDBG oob bfd=ratemonperiod.c.59.o relaxsec=.text._Rate_monotonic_Get_status victimsec=.text.rtems_rate_monotonic_period rtype=5 symidx=31 sh_info=20 addend=0x0 oob_shndx=17 oob_type=3 shndx=8 fixup=0
MBDBG oob bfd=ratemonperiod.c.59.o relaxsec=.text._Rate_monotonic_Get_status victimsec=.text.rtems_rate_monotonic_period rtype=3 symidx=32 sh_info=20 addend=0x0 oob_shndx=19 oob_type=3 shndx=8 fixup=0
MBDBG oob bfd=ratemonperiod.c.59.o relaxsec=.text._Rate_monotonic_Get_status victimsec=.text.rtems_rate_monotonic_period rtype=5 symidx=23 sh_info=20 addend=0x0 oob_shndx=3 oob_type=3 shndx=8 fixup=0
MBDBG oob bfd=ratemonperiod.c.59.o relaxsec=.text._Rate_monotonic_Get_status victimsec=.text.rtems_rate_monotonic_period rtype=3 symidx=33 sh_info=20 addend=0x0 oob_shndx=21 oob_type=3 shndx=8 fixup=0
MBDBG oob bfd=ratemonperiod.c.59.o relaxsec=.text._Rate_monotonic_Get_status victimsec=.text.rtems_rate_monotonic_period rtype=3 symidx=34 sh_info=20 addend=0x0 oob_shndx=22 oob_type=3 shndx=8 fixup=0
MBDBG oob bfd=ratemonperiod.c.59.o relaxsec=.text._Rate_monotonic_Get_status victimsec=.text.rtems_rate_monotonic_period rtype=5 symidx=23 sh_info=20 addend=0x0 oob_shndx=3 oob_type=3 shndx=8 fixup=0
MBDBG oob bfd=ratemonperiod.c.59.o relaxsec=.text._Rate_monotonic_Get_status victimsec=.text.rtems_rate_monotonic_period rtype=3 symidx=25 sh_info=20 addend=0x0 oob_shndx=6 oob_type=3 shndx=8 fixup=0
MBDBG oob bfd=ratemonperiod.c.59.o relaxsec=.text._Rate_monotonic_Get_status victimsec=.text.rtems_rate_monotonic_period rtype=3 symidx=27 sh_info=20 addend=0x0 oob_shndx=10 oob_type=3 shndx=8 fixup=0
MBDBG oob bfd=ratemonperiod.c.59.o relaxsec=.text._Rate_monotonic_Restart victimsec=.text._Rate_monotonic_Update_statistics rtype=4 symidx=20 sh_info=20 addend=0x0 oob_shndx=0 oob_type=0 shndx=10 fixup=0
MBDBG oob bfd=ratemonperiod.c.59.o relaxsec=.text._Rate_monotonic_Restart victimsec=.text._Rate_monotonic_Update_statistics rtype=4 symidx=21 sh_info=20 addend=0x0 oob_shndx=1 oob_type=3 shndx=10 fixup=0
MBDBG oob bfd=ratemonperiod.c.59.o relaxsec=.text._Rate_monotonic_Restart victimsec=.text._Rate_monotonic_Block_while_expired rtype=5 symidx=22 sh_info=20 addend=0x0 oob_shndx=2 oob_type=3 shndx=10 fixup=0
MBDBG oob bfd=ratemonperiod.c.59.o relaxsec=.text._Rate_monotonic_Restart victimsec=.text._Rate_monotonic_Block_while_expired rtype=5 symidx=23 sh_info=20 addend=0x0 oob_shndx=3 oob_type=3 shndx=10 fixup=0
MBDBG oob bfd=ratemonperiod.c.59.o relaxsec=.text._Rate_monotonic_Restart victimsec=.text._Rate_monotonic_Block_while_expired rtype=4 symidx=24 sh_info=20 addend=0x0 oob_shndx=4 oob_type=3 shndx=10 fixup=0
MBDBG oob bfd=ratemonperiod.c.59.o relaxsec=.text._Rate_monotonic_Restart victimsec=.text._Rate_monotonic_Block_while_expired rtype=4 symidx=25 sh_info=20 addend=0x0 oob_shndx=6 oob_type=3 shndx=10 fixup=0
MBDBG oob bfd=ratemonperiod.c.59.o relaxsec=.text._Rate_monotonic_Restart victimsec=.text._Rate_monotonic_Get_status rtype=4 symidx=20 sh_info=20 addend=0x0 oob_shndx=0 oob_type=0 shndx=10 fixup=0
MBDBG oob bfd=ratemonperiod.c.59.o relaxsec=.text._Rate_monotonic_Restart victimsec=.text._Rate_monotonic_Get_status rtype=4 symidx=21 sh_info=20 addend=0x0 oob_shndx=1 oob_type=3 shndx=10 fixup=0
MBDBG oob bfd=ratemonperiod.c.59.o relaxsec=.text._Rate_monotonic_Restart victimsec=.text.rtems_rate_monotonic_period rtype=5 symidx=31 sh_info=20 addend=0x0 oob_shndx=17 oob_type=3 shndx=10 fixup=0
MBDBG oob bfd=ratemonperiod.c.59.o relaxsec=.text._Rate_monotonic_Restart victimsec=.text.rtems_rate_monotonic_period rtype=3 symidx=32 sh_info=20 addend=0x0 oob_shndx=19 oob_type=3 shndx=10 fixup=0
MBDBG oob bfd=ratemonperiod.c.59.o relaxsec=.text._Rate_monotonic_Restart victimsec=.text.rtems_rate_monotonic_period rtype=5 symidx=23 sh_info=20 addend=0x0 oob_shndx=3 oob_type=3 shndx=10 fixup=0
MBDBG oob bfd=ratemonperiod.c.59.o relaxsec=.text._Rate_monotonic_Restart victimsec=.text.rtems_rate_monotonic_period rtype=3 symidx=33 sh_info=20 addend=0x0 oob_shndx=21 oob_type=3 shndx=10 fixup=0
MBDBG oob bfd=ratemonperiod.c.59.o relaxsec=.text._Rate_monotonic_Restart victimsec=.text.rtems_rate_monotonic_period rtype=3 symidx=34 sh_info=20 addend=0x0 oob_shndx=22 oob_type=3 shndx=10 fixup=0
MBDBG oob bfd=ratemonperiod.c.59.o relaxsec=.text._Rate_monotonic_Restart victimsec=.text.rtems_rate_monotonic_period rtype=5 symidx=23 sh_info=20 addend=0x0 oob_shndx=3 oob_type=3 shndx=10 fixup=0
MBDBG oob bfd=ratemonperiod.c.59.o relaxsec=.text._Rate_monotonic_Restart victimsec=.text.rtems_rate_monotonic_period rtype=3 symidx=25 sh_info=20 addend=0x0 oob_shndx=6 oob_type=3 shndx=10 fixup=0
MBDBG oob bfd=ratemonperiod.c.59.o relaxsec=.text._Rate_monotonic_Restart victimsec=.text.rtems_rate_monotonic_period rtype=3 symidx=27 sh_info=20 addend=0x0 oob_shndx=10 oob_type=3 shndx=10 fixup=0  <<< GUARD PASSED - CORRUPTING
MBDBG oob bfd=ratemonperiod.c.59.o relaxsec=.text.rtems_rate_monotonic_period victimsec=.text._Rate_monotonic_Update_statistics rtype=4 symidx=20 sh_info=20 addend=0x0 oob_shndx=0 oob_type=0 shndx=12 fixup=0
MBDBG oob bfd=ratemonperiod.c.59.o relaxsec=.text.rtems_rate_monotonic_period victimsec=.text._Rate_monotonic_Update_statistics rtype=4 symidx=21 sh_info=20 addend=0x0 oob_shndx=1 oob_type=3 shndx=12 fixup=0
MBDBG oob bfd=ratemonperiod.c.59.o relaxsec=.text.rtems_rate_monotonic_period victimsec=.text._Rate_monotonic_Block_while_expired rtype=5 symidx=22 sh_info=20 addend=0x0 oob_shndx=2 oob_type=3 shndx=12 fixup=0
MBDBG oob bfd=ratemonperiod.c.59.o relaxsec=.text.rtems_rate_monotonic_period victimsec=.text._Rate_monotonic_Block_while_expired rtype=5 symidx=23 sh_info=20 addend=0x0 oob_shndx=3 oob_type=3 shndx=12 fixup=0
MBDBG oob bfd=ratemonperiod.c.59.o relaxsec=.text.rtems_rate_monotonic_period victimsec=.text._Rate_monotonic_Block_while_expired rtype=4 symidx=24 sh_info=20 addend=0x0 oob_shndx=4 oob_type=3 shndx=12 fixup=0
MBDBG oob bfd=ratemonperiod.c.59.o relaxsec=.text.rtems_rate_monotonic_period victimsec=.text._Rate_monotonic_Block_while_expired rtype=4 symidx=25 sh_info=20 addend=0x0 oob_shndx=6 oob_type=3 shndx=12 fixup=0
MBDBG oob bfd=ratemonperiod.c.59.o relaxsec=.text.rtems_rate_monotonic_period victimsec=.text._Rate_monotonic_Get_status rtype=4 symidx=20 sh_info=20 addend=0x0 oob_shndx=0 oob_type=0 shndx=12 fixup=0
MBDBG oob bfd=ratemonperiod.c.59.o relaxsec=.text.rtems_rate_monotonic_period victimsec=.text._Rate_monotonic_Get_status rtype=4 symidx=21 sh_info=20 addend=0x0 oob_shndx=1 oob_type=3 shndx=12 fixup=0
MBDBG oob bfd=ratemonperiod.c.59.o relaxsec=.text.rtems_rate_monotonic_period victimsec=.text._Rate_monotonic_Restart rtype=4 symidx=20 sh_info=20 addend=0x0 oob_shndx=0 oob_type=0 shndx=12 fixup=0
MBDBG oob bfd=ratemonperiod.c.59.o relaxsec=.text.rtems_rate_monotonic_period victimsec=.text._Rate_monotonic_Restart rtype=5 symidx=23 sh_info=20 addend=0x0 oob_shndx=3 oob_type=3 shndx=12 fixup=0
MBDBG oob bfd=ratemonperiod.c.59.o relaxsec=.text.rtems_rate_monotonic_period victimsec=.text._Rate_monotonic_Restart rtype=4 symidx=21 sh_info=20 addend=0x0 oob_shndx=1 oob_type=3 shndx=12 fixup=0
MBDBG oob bfd=ratemonperiod.c.59.o relaxsec=.text.rtems_rate_monotonic_period victimsec=.text._Rate_monotonic_Restart rtype=4 symidx=28 sh_info=20 addend=0x0 oob_shndx=12 oob_type=3 shndx=12 fixup=0  <<< GUARD PASSED - CORRUPTING
MBDBG oob bfd=ratemonperiod.c.59.o relaxsec=.text.rtems_rate_monotonic_period victimsec=.text._Rate_monotonic_Restart rtype=5 symidx=22 sh_info=20 addend=0x0 oob_shndx=2 oob_type=3 shndx=12 fixup=0
MBDBG oob bfd=ratemonperiod.c.59.o relaxsec=.text.rtems_rate_monotonic_period victimsec=.text._Rate_monotonic_Restart rtype=4 symidx=24 sh_info=20 addend=0x0 oob_shndx=4 oob_type=3 shndx=12 fixup=0
MBDBG oob bfd=ratemonperiod.c.59.o relaxsec=.text.rtems_rate_monotonic_period victimsec=.text._Rate_monotonic_Restart rtype=4 symidx=29 sh_info=20 addend=0x0 oob_shndx=13 oob_type=3 shndx=12 fixup=0
MBDBG oob bfd=allocatormutex.c.59.o relaxsec=.text._RTEMS_Lock_allocator victimsec=.text._RTEMS_Unlock_allocator rtype=3 symidx=21 sh_info=18 addend=0x0 oob_shndx=3 oob_type=3 shndx=4 fixup=0
MBDBG oob bfd=allocatormutex.c.59.o relaxsec=.text._RTEMS_Lock_allocator victimsec=.text._RTEMS_Allocator_is_owner rtype=3 symidx=23 sh_info=18 addend=0x0 oob_shndx=6 oob_type=3 shndx=4 fixup=0
MBDBG oob bfd=allocatormutex.c.59.o relaxsec=.text._RTEMS_Unlock_allocator victimsec=.text._RTEMS_Lock_allocator rtype=4 symidx=19 sh_info=18 addend=0x0 oob_shndx=1 oob_type=3 shndx=6 fixup=0
MBDBG oob bfd=allocatormutex.c.59.o relaxsec=.text._RTEMS_Unlock_allocator victimsec=.text._RTEMS_Allocator_is_owner rtype=3 symidx=23 sh_info=18 addend=0x0 oob_shndx=6 oob_type=3 shndx=6 fixup=0  <<< GUARD PASSED - CORRUPTING
MBDBG oob bfd=allocatormutex.c.59.o relaxsec=.text._RTEMS_Allocator_is_owner victimsec=.text._RTEMS_Lock_allocator rtype=4 symidx=19 sh_info=18 addend=0x0 oob_shndx=1 oob_type=3 shndx=8 fixup=0
MBDBG oob bfd=allocatormutex.c.59.o relaxsec=.text._RTEMS_Allocator_is_owner victimsec=.text._RTEMS_Unlock_allocator rtype=4 symidx=21 sh_info=18 addend=0x0 oob_shndx=3 oob_type=3 shndx=8 fixup=0
MBDBG oob bfd=interr.c.59.o relaxsec=.text._Terminate victimsec=.text._Internal_error rtype=3 symidx=16 sh_info=16 addend=0x0 oob_shndx=0 oob_type=0 shndx=4 fixup=0
MBDBG oob bfd=kern_tc.c.59.o relaxsec=.text._Timecounter_Tick_simple victimsec=.text._Timecounter_Windup rtype=5 symidx=61 sh_info=61 addend=0x0 oob_shndx=0 oob_type=0 shndx=62 fixup=0
MBDBG oob bfd=kern_tc.c.59.o relaxsec=.text._Timecounter_Tick_simple victimsec=.text._Timecounter_Windup rtype=3 symidx=62 sh_info=61 addend=0x0 oob_shndx=0 oob_type=0 shndx=62 fixup=0
MBDBG oob bfd=kern_tc.c.59.o relaxsec=.text._Timecounter_Tick_simple victimsec=.text._Timecounter_Windup rtype=3 symidx=62 sh_info=61 addend=0x0 oob_shndx=0 oob_type=0 shndx=62 fixup=0
MBDBG oob bfd=kern_tc.c.59.o relaxsec=.text._Timecounter_Tick_simple victimsec=.text._Timecounter_Windup rtype=3 symidx=63 sh_info=61 addend=0x0 oob_shndx=0 oob_type=0 shndx=62 fixup=0
MBDBG oob bfd=kern_tc.c.59.o relaxsec=.text._Timecounter_Tick_simple victimsec=.text._Timecounter_Windup rtype=3 symidx=63 sh_info=61 addend=0x0 oob_shndx=0 oob_type=0 shndx=62 fixup=0
MBDBG oob bfd=kern_tc.c.59.o relaxsec=.text._Timecounter_Tick_simple victimsec=.text._Timecounter_Windup rtype=3 symidx=62 sh_info=61 addend=0x0 oob_shndx=0 oob_type=0 shndx=62 fixup=0
MBDBG oob bfd=kern_tc.c.59.o relaxsec=.text._Timecounter_Tick_simple victimsec=.text._Timecounter_Windup rtype=3 symidx=62 sh_info=61 addend=0x0 oob_shndx=0 oob_type=0 shndx=62 fixup=0
MBDBG oob bfd=kern_tc.c.59.o relaxsec=.text._Timecounter_Tick_simple victimsec=.text._Timecounter_Windup rtype=3 symidx=62 sh_info=61 addend=0x0 oob_shndx=0 oob_type=0 shndx=62 fixup=0
MBDBG oob bfd=kern_tc.c.59.o relaxsec=.text._Timecounter_Tick_simple victimsec=.text._Timecounter_Windup rtype=3 symidx=63 sh_info=61 addend=0x0 oob_shndx=0 oob_type=0 shndx=62 fixup=0
MBDBG oob bfd=kern_tc.c.59.o relaxsec=.text._Timecounter_Tick_simple victimsec=.text._Timecounter_Windup rtype=3 symidx=63 sh_info=61 addend=0x0 oob_shndx=0 oob_type=0 shndx=62 fixup=0
MBDBG oob bfd=kern_tc.c.59.o relaxsec=.text._Timecounter_Tick_simple victimsec=.text._Timecounter_Windup rtype=5 symidx=64 sh_info=61 addend=0x0 oob_shndx=0 oob_type=0 shndx=62 fixup=0
MBDBG oob bfd=kern_tc.c.59.o relaxsec=.text._Timecounter_Tick_simple victimsec=.text._Timecounter_Windup rtype=5 symidx=64 sh_info=61 addend=0x4 oob_shndx=0 oob_type=0 shndx=62 fixup=0
MBDBG oob bfd=kern_tc.c.59.o relaxsec=.text._Timecounter_Tick_simple victimsec=.text._Timecounter_Windup rtype=5 symidx=65 sh_info=61 addend=0x0 oob_shndx=1 oob_type=3 shndx=62 fixup=0
MBDBG oob bfd=kern_tc.c.59.o relaxsec=.text._Timecounter_Tick_simple victimsec=.text._Timecounter_Windup rtype=5 symidx=65 sh_info=61 addend=0x4 oob_shndx=1 oob_type=3 shndx=62 fixup=0
MBDBG oob bfd=kern_tc.c.59.o relaxsec=.text._Timecounter_Tick_simple victimsec=.text._Timecounter_Windup rtype=3 symidx=62 sh_info=61 addend=0x0 oob_shndx=0 oob_type=0 shndx=62 fixup=0
MBDBG oob bfd=kern_tc.c.59.o relaxsec=.text._Timecounter_Tick_simple victimsec=.text._Timecounter_Windup rtype=3 symidx=62 sh_info=61 addend=0x0 oob_shndx=0 oob_type=0 shndx=62 fixup=0
MBDBG oob bfd=kern_tc.c.59.o relaxsec=.text._Timecounter_Tick_simple victimsec=.text._Timecounter_Binuptime rtype=3 symidx=62 sh_info=61 addend=0x0 oob_shndx=0 oob_type=0 shndx=62 fixup=0
MBDBG oob bfd=kern_tc.c.59.o relaxsec=.text._Timecounter_Tick_simple victimsec=.text._Timecounter_Binuptime rtype=3 symidx=62 sh_info=61 addend=0x0 oob_shndx=0 oob_type=0 shndx=62 fixup=0
MBDBG oob bfd=kern_tc.c.59.o relaxsec=.text._Timecounter_Tick_simple victimsec=.text._Timecounter_Binuptime rtype=3 symidx=62 sh_info=61 addend=0x0 oob_shndx=0 oob_type=0 shndx=62 fixup=0
MBDBG oob bfd=kern_tc.c.59.o relaxsec=.text._Timecounter_Tick_simple victimsec=.text._Timecounter_Sbinuptime rtype=3 symidx=62 sh_info=61 addend=0x0 oob_shndx=0 oob_type=0 shndx=62 fixup=0
MBDBG oob bfd=kern_tc.c.59.o relaxsec=.text._Timecounter_Tick_simple victimsec=.text._Timecounter_Sbinuptime rtype=3 symidx=62 sh_info=61 addend=0x0 oob_shndx=0 oob_type=0 shndx=62 fixup=0
MBDBG oob bfd=kern_tc.c.59.o relaxsec=.text._Timecounter_Tick_simple victimsec=.text._Timecounter_Nanouptime rtype=3 symidx=62 sh_info=61 addend=0x0 oob_shndx=0 oob_type=0 shndx=62 fixup=0
MBDBG oob bfd=kern_tc.c.59.o relaxsec=.text._Timecounter_Tick_simple victimsec=.text._Timecounter_Nanouptime rtype=3 symidx=62 sh_info=61 addend=0x0 oob_shndx=0 oob_type=0 shndx=62 fixup=0
MBDBG oob bfd=kern_tc.c.59.o relaxsec=.text._Timecounter_Tick_simple victimsec=.text._Timecounter_Nanouptime rtype=3 symidx=62 sh_info=61 addend=0x0 oob_shndx=0 oob_type=0 shndx=62 fixup=0
MBDBG oob bfd=kern_tc.c.59.o relaxsec=.text._Timecounter_Tick_simple victimsec=.text._Timecounter_Nanouptime rtype=3 symidx=62 sh_info=61 addend=0x0 oob_shndx=0 oob_type=0 shndx=62 fixup=0
MBDBG oob bfd=kern_tc.c.59.o relaxsec=.text._Timecounter_Tick_simple victimsec=.text._Timecounter_Microuptime rtype=3 symidx=62 sh_info=61 addend=0x0 oob_shndx=0 oob_type=0 shndx=62 fixup=0
MBDBG oob bfd=kern_tc.c.59.o relaxsec=.text._Timecounter_Tick_simple victimsec=.text._Timecounter_Microuptime rtype=3 symidx=62 sh_info=61 addend=0x0 oob_shndx=0 oob_type=0 shndx=62 fixup=0
MBDBG oob bfd=kern_tc.c.59.o relaxsec=.text._Timecounter_Tick_simple victimsec=.text._Timecounter_Microuptime rtype=3 symidx=62 sh_info=61 addend=0x0 oob_shndx=0 oob_type=0 shndx=62 fixup=0
MBDBG oob bfd=kern_tc.c.59.o relaxsec=.text._Timecounter_Tick_simple victimsec=.text._Timecounter_Microuptime rtype=3 symidx=62 sh_info=61 addend=0x0 oob_shndx=0 oob_type=0 shndx=62 fixup=0
MBDBG oob bfd=kern_tc.c.59.o relaxsec=.text._Timecounter_Tick_simple victimsec=.text._Timecounter_Bintime rtype=3 symidx=62 sh_info=61 addend=0x0 oob_shndx=0 oob_type=0 shndx=62 fixup=0
MBDBG oob bfd=kern_tc.c.59.o relaxsec=.text._Timecounter_Tick_simple victimsec=.text._Timecounter_Bintime rtype=3 symidx=62 sh_info=61 addend=0x0 oob_shndx=0 oob_type=0 shndx=62 fixup=0
MBDBG oob bfd=kern_tc.c.59.o relaxsec=.text._Timecounter_Tick_simple victimsec=.text._Timecounter_Bintime rtype=3 symidx=62 sh_info=61 addend=0x0 oob_shndx=0 oob_type=0 shndx=62 fixup=0
MBDBG oob bfd=kern_tc.c.59.o relaxsec=.text._Timecounter_Tick_simple victimsec=.text._Timecounter_Nanotime rtype=3 symidx=62 sh_info=61 addend=0x0 oob_shndx=0 oob_type=0 shndx=62 fixup=0
MBDBG oob bfd=kern_tc.c.59.o relaxsec=.text._Timecounter_Tick_simple victimsec=.text._Timecounter_Nanotime rtype=3 symidx=62 sh_info=61 addend=0x0 oob_shndx=0 oob_type=0 shndx=62 fixup=0
MBDBG oob bfd=kern_tc.c.59.o relaxsec=.text._Timecounter_Tick_simple victimsec=.text._Timecounter_Nanotime rtype=3 symidx=62 sh_info=61 addend=0x0 oob_shndx=0 oob_type=0 shndx=62 fixup=0
MBDBG oob bfd=kern_tc.c.59.o relaxsec=.text._Timecounter_Tick_simple victimsec=.text._Timecounter_Nanotime rtype=3 symidx=62 sh_info=61 addend=0x0 oob_shndx=0 oob_type=0 shndx=62 fixup=0
MBDBG oob bfd=kern_tc.c.59.o relaxsec=.text._Timecounter_Tick_simple victimsec=.text._Timecounter_Microtime rtype=3 symidx=62 sh_info=61 addend=0x0 oob_shndx=0 oob_type=0 shndx=62 fixup=0
MBDBG oob bfd=kern_tc.c.59.o relaxsec=.text._Timecounter_Tick_simple victimsec=.text._Timecounter_Microtime rtype=3 symidx=62 sh_info=61 addend=0x0 oob_shndx=0 oob_type=0 shndx=62 fixup=0
MBDBG oob bfd=kern_tc.c.59.o relaxsec=.text._Timecounter_Tick_simple victimsec=.text._Timecounter_Microtime rtype=3 symidx=62 sh_info=61 addend=0x0 oob_shndx=0 oob_type=0 shndx=62 fixup=0
MBDBG oob bfd=kern_tc.c.59.o relaxsec=.text._Timecounter_Tick_simple victimsec=.text._Timecounter_Microtime rtype=3 symidx=62 sh_info=61 addend=0x0 oob_shndx=0 oob_type=0 shndx=62 fixup=0
MBDBG oob bfd=kern_tc.c.59.o relaxsec=.text._Timecounter_Tick_simple victimsec=.text._Timecounter_Getnanouptime rtype=3 symidx=62 sh_info=61 addend=0x0 oob_shndx=0 oob_type=0 shndx=62 fixup=0
MBDBG oob bfd=kern_tc.c.59.o relaxsec=.text._Timecounter_Tick_simple victimsec=.text._Timecounter_Getmicrouptime rtype=3 symidx=62 sh_info=61 addend=0x0 oob_shndx=0 oob_type=0 shndx=62 fixup=0
MBDBG oob bfd=kern_tc.c.59.o relaxsec=.text._Timecounter_Tick_simple victimsec=.text.rtems_clock_get_boot_time rtype=3 symidx=62 sh_info=61 addend=0x0 oob_shndx=0 oob_type=0 shndx=62 fixup=0
MBDBG oob bfd=kern_tc.c.59.o relaxsec=.text._Timecounter_Tick_simple victimsec=.text._Timecounter_Getboottime rtype=3 symidx=62 sh_info=61 addend=0x0 oob_shndx=0 oob_type=0 shndx=62 fixup=0
MBDBG oob bfd=kern_tc.c.59.o relaxsec=.text._Timecounter_Tick_simple victimsec=.text._Timecounter_Install rtype=5 symidx=61 sh_info=61 addend=0x0 oob_shndx=0 oob_type=0 shndx=62 fixup=0
MBDBG oob bfd=kern_tc.c.59.o relaxsec=.text._Timecounter_Tick_simple victimsec=.text._Timecounter_Install rtype=5 symidx=61 sh_info=61 addend=0x0 oob_shndx=0 oob_type=0 shndx=62 fixup=0
MBDBG oob bfd=kern_tc.c.59.o relaxsec=.text._Timecounter_Tick_simple victimsec=.text._Timecounter_Set_clock rtype=3 symidx=62 sh_info=61 addend=0x0 oob_shndx=0 oob_type=0 shndx=62 fixup=0
MBDBG oob bfd=kern_tc.c.59.o relaxsec=.text._Timecounter_Tick_simple victimsec=.text._Timecounter_Set_clock rtype=3 symidx=62 sh_info=61 addend=0x0 oob_shndx=0 oob_type=0 shndx=62 fixup=0
MBDBG oob bfd=kern_tc.c.59.o relaxsec=.text._Timecounter_Tick_simple victimsec=.text._Timecounter_Set_clock rtype=3 symidx=62 sh_info=61 addend=0x0 oob_shndx=0 oob_type=0 shndx=62 fixup=0
MBDBG oob bfd=kern_tc.c.59.o relaxsec=.text._Timecounter_Tick_simple victimsec=.text.pps_event rtype=3 symidx=62 sh_info=61 addend=0x0 oob_shndx=0 oob_type=0 shndx=62 fixup=0
MBDBG oob bfd=kern_tc.c.59.o relaxsec=.text._Timecounter_Tick_simple victimsec=.text.pps_event rtype=3 symidx=62 sh_info=61 addend=0x0 oob_shndx=0 oob_type=0 shndx=62 fixup=0
MBDBG oob bfd=kern_tc.c.59.o relaxsec=.text._Timecounter_Tick_simple victimsec=.text.pps_event rtype=3 symidx=62 sh_info=61 addend=0x0 oob_shndx=0 oob_type=0 shndx=62 fixup=0
MBDBG oob bfd=kern_tc.c.59.o relaxsec=.text._Timecounter_Tick_simple victimsec=.text.pps_event rtype=3 symidx=63 sh_info=61 addend=0x0 oob_shndx=0 oob_type=0 shndx=62 fixup=0
MBDBG oob bfd=kern_tc.c.59.o relaxsec=.text._Timecounter_Tick_simple victimsec=.text.pps_event rtype=3 symidx=102 sh_info=61 addend=0x0 oob_shndx=51 oob_type=3 shndx=62 fixup=0
MBDBG oob bfd=kern_tc.c.59.o relaxsec=.text._Timecounter_Tick_simple victimsec=.text._Timecounter_Tick rtype=5 symidx=108 sh_info=61 addend=0x0 oob_shndx=0 oob_type=0 shndx=62 fixup=0
MBDBG oob bfd=kern_tc.c.59.o relaxsec=.text._Timecounter_Tick_simple victimsec=.text._Timecounter_Tick rtype=3 symidx=109 sh_info=61 addend=0x0 oob_shndx=0 oob_type=0 shndx=62 fixup=0
MBDBG oob bfd=mutex.c.59.o relaxsec=.text._Mutex_recursive_Acquire victimsec=.text._Mutex_Acquire rtype=5 symidx=22 sh_info=21 addend=0x18 oob_shndx=1 oob_type=3 shndx=12 fixup=0
MBDBG oob bfd=mutex.c.59.o relaxsec=.text._Mutex_recursive_Acquire victimsec=.text._Mutex_Acquire rtype=5 symidx=23 sh_info=21 addend=0x0 oob_shndx=2 oob_type=3 shndx=12 fixup=0
MBDBG oob bfd=mutex.c.59.o relaxsec=.text._Mutex_recursive_Acquire victimsec=.text._Mutex_Acquire rtype=5 symidx=24 sh_info=21 addend=0x0 oob_shndx=3 oob_type=3 shndx=12 fixup=0
MBDBG oob bfd=mutex.c.59.o relaxsec=.text._Mutex_recursive_Acquire victimsec=.text._Mutex_Acquire rtype=5 symidx=25 sh_info=21 addend=0x0 oob_shndx=4 oob_type=3 shndx=12 fixup=0
MBDBG oob bfd=mutex.c.59.o relaxsec=.text._Mutex_recursive_Acquire victimsec=.text._Mutex_Acquire rtype=3 symidx=26 sh_info=21 addend=0x0 oob_shndx=6 oob_type=3 shndx=12 fixup=0
MBDBG oob bfd=mutex.c.59.o relaxsec=.text._Mutex_recursive_Acquire victimsec=.text._Mutex_Acquire_timed rtype=5 symidx=22 sh_info=21 addend=0x18 oob_shndx=1 oob_type=3 shndx=12 fixup=0
MBDBG oob bfd=mutex.c.59.o relaxsec=.text._Mutex_recursive_Acquire victimsec=.text._Mutex_Acquire_timed rtype=5 symidx=28 sh_info=21 addend=0x0 oob_shndx=10 oob_type=3 shndx=12 fixup=0
MBDBG oob bfd=mutex.c.59.o relaxsec=.text._Mutex_recursive_Acquire victimsec=.text._Mutex_Acquire_timed rtype=5 symidx=25 sh_info=21 addend=0x0 oob_shndx=4 oob_type=3 shndx=12 fixup=0
MBDBG oob bfd=mutex.c.59.o relaxsec=.text._Mutex_recursive_Acquire victimsec=.text._Mutex_Acquire_timed rtype=5 symidx=24 sh_info=21 addend=0x0 oob_shndx=3 oob_type=3 shndx=12 fixup=0
MBDBG oob bfd=mutex.c.59.o relaxsec=.text._Mutex_recursive_Acquire victimsec=.text._Mutex_Acquire_timed rtype=3 symidx=26 sh_info=21 addend=0x0 oob_shndx=6 oob_type=3 shndx=12 fixup=0
MBDBG oob bfd=mutex.c.59.o relaxsec=.text._Mutex_recursive_Acquire victimsec=.text._Mutex_Try_acquire rtype=5 symidx=22 sh_info=21 addend=0x18 oob_shndx=1 oob_type=3 shndx=12 fixup=0
MBDBG oob bfd=mutex.c.59.o relaxsec=.text._Mutex_recursive_Acquire victimsec=.text._Mutex_Release rtype=5 symidx=22 sh_info=21 addend=0x18 oob_shndx=1 oob_type=3 shndx=12 fixup=0
MBDBG oob bfd=mutex.c.59.o relaxsec=.text._Mutex_recursive_Acquire victimsec=.text._Mutex_Release rtype=5 symidx=24 sh_info=21 addend=0x0 oob_shndx=3 oob_type=3 shndx=12 fixup=0
MBDBG oob bfd=mutex.c.59.o relaxsec=.text._Mutex_recursive_Acquire victimsec=.text._Mutex_Release rtype=3 symidx=31 sh_info=21 addend=0x0 oob_shndx=15 oob_type=3 shndx=12 fixup=0
MBDBG oob bfd=mutex.c.59.o relaxsec=.text._Mutex_recursive_Acquire victimsec=.text._Mutex_recursive_Acquire_timed rtype=5 symidx=22 sh_info=21 addend=0x18 oob_shndx=1 oob_type=3 shndx=12 fixup=0
MBDBG oob bfd=mutex.c.59.o relaxsec=.text._Mutex_recursive_Acquire victimsec=.text._Mutex_recursive_Acquire_timed rtype=5 symidx=28 sh_info=21 addend=0x0 oob_shndx=10 oob_type=3 shndx=12 fixup=0
MBDBG oob bfd=mutex.c.59.o relaxsec=.text._Mutex_recursive_Acquire victimsec=.text._Mutex_recursive_Acquire_timed rtype=5 symidx=25 sh_info=21 addend=0x0 oob_shndx=4 oob_type=3 shndx=12 fixup=0
MBDBG oob bfd=mutex.c.59.o relaxsec=.text._Mutex_recursive_Acquire victimsec=.text._Mutex_recursive_Acquire_timed rtype=5 symidx=24 sh_info=21 addend=0x0 oob_shndx=3 oob_type=3 shndx=12 fixup=0
MBDBG oob bfd=mutex.c.59.o relaxsec=.text._Mutex_recursive_Acquire victimsec=.text._Mutex_recursive_Acquire_timed rtype=3 symidx=26 sh_info=21 addend=0x0 oob_shndx=6 oob_type=3 shndx=12 fixup=0
MBDBG oob bfd=mutex.c.59.o relaxsec=.text._Mutex_recursive_Acquire victimsec=.text._Mutex_recursive_Try_acquire rtype=5 symidx=22 sh_info=21 addend=0x18 oob_shndx=1 oob_type=3 shndx=12 fixup=0
MBDBG oob bfd=mutex.c.59.o relaxsec=.text._Mutex_recursive_Acquire victimsec=.text._Mutex_recursive_Release rtype=5 symidx=22 sh_info=21 addend=0x18 oob_shndx=1 oob_type=3 shndx=12 fixup=0
MBDBG oob bfd=mutex.c.59.o relaxsec=.text._Mutex_recursive_Acquire victimsec=.text._Mutex_recursive_Release rtype=5 symidx=24 sh_info=21 addend=0x0 oob_shndx=3 oob_type=3 shndx=12 fixup=0
MBDBG oob bfd=mutex.c.59.o relaxsec=.text._Mutex_recursive_Acquire victimsec=.text._Mutex_recursive_Release rtype=3 symidx=31 sh_info=21 addend=0x0 oob_shndx=15 oob_type=3 shndx=12 fixup=0
MBDBG oob bfd=mutex.c.59.o relaxsec=.text._Mutex_recursive_Release victimsec=.text._Mutex_Acquire rtype=5 symidx=22 sh_info=21 addend=0x18 oob_shndx=1 oob_type=3 shndx=18 fixup=0
MBDBG oob bfd=mutex.c.59.o relaxsec=.text._Mutex_recursive_Release victimsec=.text._Mutex_Acquire rtype=5 symidx=23 sh_info=21 addend=0x0 oob_shndx=2 oob_type=3 shndx=18 fixup=0
MBDBG oob bfd=mutex.c.59.o relaxsec=.text._Mutex_recursive_Release victimsec=.text._Mutex_Acquire rtype=5 symidx=24 sh_info=21 addend=0x0 oob_shndx=3 oob_type=3 shndx=18 fixup=0
MBDBG oob bfd=mutex.c.59.o relaxsec=.text._Mutex_recursive_Release victimsec=.text._Mutex_Acquire rtype=5 symidx=25 sh_info=21 addend=0x0 oob_shndx=4 oob_type=3 shndx=18 fixup=0
MBDBG oob bfd=mutex.c.59.o relaxsec=.text._Mutex_recursive_Release victimsec=.text._Mutex_Acquire rtype=3 symidx=26 sh_info=21 addend=0x0 oob_shndx=6 oob_type=3 shndx=18 fixup=0
MBDBG oob bfd=mutex.c.59.o relaxsec=.text._Mutex_recursive_Release victimsec=.text._Mutex_Acquire_timed rtype=5 symidx=22 sh_info=21 addend=0x18 oob_shndx=1 oob_type=3 shndx=18 fixup=0
MBDBG oob bfd=mutex.c.59.o relaxsec=.text._Mutex_recursive_Release victimsec=.text._Mutex_Acquire_timed rtype=5 symidx=28 sh_info=21 addend=0x0 oob_shndx=10 oob_type=3 shndx=18 fixup=0
MBDBG oob bfd=mutex.c.59.o relaxsec=.text._Mutex_recursive_Release victimsec=.text._Mutex_Acquire_timed rtype=5 symidx=25 sh_info=21 addend=0x0 oob_shndx=4 oob_type=3 shndx=18 fixup=0
MBDBG oob bfd=mutex.c.59.o relaxsec=.text._Mutex_recursive_Release victimsec=.text._Mutex_Acquire_timed rtype=5 symidx=24 sh_info=21 addend=0x0 oob_shndx=3 oob_type=3 shndx=18 fixup=0
MBDBG oob bfd=mutex.c.59.o relaxsec=.text._Mutex_recursive_Release victimsec=.text._Mutex_Acquire_timed rtype=3 symidx=26 sh_info=21 addend=0x0 oob_shndx=6 oob_type=3 shndx=18 fixup=0
MBDBG oob bfd=mutex.c.59.o relaxsec=.text._Mutex_recursive_Release victimsec=.text._Mutex_Try_acquire rtype=5 symidx=22 sh_info=21 addend=0x18 oob_shndx=1 oob_type=3 shndx=18 fixup=0
MBDBG oob bfd=mutex.c.59.o relaxsec=.text._Mutex_recursive_Release victimsec=.text._Mutex_Release rtype=5 symidx=22 sh_info=21 addend=0x18 oob_shndx=1 oob_type=3 shndx=18 fixup=0
MBDBG oob bfd=mutex.c.59.o relaxsec=.text._Mutex_recursive_Release victimsec=.text._Mutex_Release rtype=5 symidx=24 sh_info=21 addend=0x0 oob_shndx=3 oob_type=3 shndx=18 fixup=0
MBDBG oob bfd=mutex.c.59.o relaxsec=.text._Mutex_recursive_Release victimsec=.text._Mutex_Release rtype=3 symidx=31 sh_info=21 addend=0x0 oob_shndx=15 oob_type=3 shndx=18 fixup=0
MBDBG oob bfd=mutex.c.59.o relaxsec=.text._Mutex_recursive_Release victimsec=.text._Mutex_recursive_Acquire rtype=5 symidx=22 sh_info=21 addend=0x18 oob_shndx=1 oob_type=3 shndx=18 fixup=0
MBDBG oob bfd=mutex.c.59.o relaxsec=.text._Mutex_recursive_Release victimsec=.text._Mutex_recursive_Acquire rtype=5 symidx=23 sh_info=21 addend=0x0 oob_shndx=2 oob_type=3 shndx=18 fixup=0
MBDBG oob bfd=mutex.c.59.o relaxsec=.text._Mutex_recursive_Release victimsec=.text._Mutex_recursive_Acquire rtype=5 symidx=24 sh_info=21 addend=0x0 oob_shndx=3 oob_type=3 shndx=18 fixup=0
MBDBG oob bfd=mutex.c.59.o relaxsec=.text._Mutex_recursive_Release victimsec=.text._Mutex_recursive_Acquire rtype=5 symidx=25 sh_info=21 addend=0x0 oob_shndx=4 oob_type=3 shndx=18 fixup=0
MBDBG oob bfd=mutex.c.59.o relaxsec=.text._Mutex_recursive_Release victimsec=.text._Mutex_recursive_Acquire rtype=4 symidx=26 sh_info=21 addend=0x0 oob_shndx=6 oob_type=3 shndx=18 fixup=0
MBDBG oob bfd=mutex.c.59.o relaxsec=.text._Mutex_recursive_Release victimsec=.text._Mutex_recursive_Acquire_timed rtype=5 symidx=22 sh_info=21 addend=0x18 oob_shndx=1 oob_type=3 shndx=18 fixup=0
MBDBG oob bfd=mutex.c.59.o relaxsec=.text._Mutex_recursive_Release victimsec=.text._Mutex_recursive_Acquire_timed rtype=5 symidx=28 sh_info=21 addend=0x0 oob_shndx=10 oob_type=3 shndx=18 fixup=0
MBDBG oob bfd=mutex.c.59.o relaxsec=.text._Mutex_recursive_Release victimsec=.text._Mutex_recursive_Acquire_timed rtype=5 symidx=25 sh_info=21 addend=0x0 oob_shndx=4 oob_type=3 shndx=18 fixup=0
MBDBG oob bfd=mutex.c.59.o relaxsec=.text._Mutex_recursive_Release victimsec=.text._Mutex_recursive_Acquire_timed rtype=5 symidx=24 sh_info=21 addend=0x0 oob_shndx=3 oob_type=3 shndx=18 fixup=0
MBDBG oob bfd=mutex.c.59.o relaxsec=.text._Mutex_recursive_Release victimsec=.text._Mutex_recursive_Acquire_timed rtype=3 symidx=26 sh_info=21 addend=0x0 oob_shndx=6 oob_type=3 shndx=18 fixup=0
MBDBG oob bfd=mutex.c.59.o relaxsec=.text._Mutex_recursive_Release victimsec=.text._Mutex_recursive_Try_acquire rtype=5 symidx=22 sh_info=21 addend=0x18 oob_shndx=1 oob_type=3 shndx=18 fixup=0
MBDBG oob bfd=threadchangepriority.c.59.o relaxsec=.text._Thread_Priority_do_perform_actions victimsec=.text._Thread_Priority_update rtype=5 symidx=28 sh_info=20 addend=0x0 oob_shndx=11 oob_type=3 shndx=4 fixup=0
MBDBG oob bfd=threaddispatch.c.59.o relaxsec=.text._Thread_Do_dispatch victimsec=.text._Thread_Dispatch_direct rtype=3 symidx=17 sh_info=17 addend=0x0 oob_shndx=0 oob_type=0 shndx=4 fixup=0
MBDBG oob bfd=threaddispatch.c.59.o relaxsec=.text._Thread_Do_dispatch victimsec=.text._Thread_Dispatch_direct rtype=3 symidx=22 sh_info=17 addend=0x0 oob_shndx=6 oob_type=3 shndx=4 fixup=0
MBDBG oob bfd=threaddispatch.c.59.o relaxsec=.text._Thread_Do_dispatch victimsec=.text._Thread_Dispatch_enable rtype=3 symidx=17 sh_info=17 addend=0x0 oob_shndx=0 oob_type=0 shndx=4 fixup=0
MBDBG oob bfd=threadqenqueue.c.59.o relaxsec=.text._Thread_queue_Enqueue victimsec=.text._Thread_queue_Deadlock_fatal rtype=3 symidx=25 sh_info=22 addend=0x0 oob_shndx=3 oob_type=3 shndx=8 fixup=0
MBDBG oob bfd=threadqenqueue.c.59.o relaxsec=.text._Thread_queue_Enqueue victimsec=.text._Thread_queue_Extract_locked rtype=5 symidx=33 sh_info=22 addend=0x0 oob_shndx=17 oob_type=3 shndx=8 fixup=0
MBDBG oob bfd=threadqenqueue.c.59.o relaxsec=.text._Thread_queue_Enqueue victimsec=.text._Thread_queue_Resume rtype=5 symidx=27 sh_info=22 addend=0x0 oob_shndx=6 oob_type=3 shndx=8 fixup=0
MBDBG oob bfd=threadqenqueue.c.59.o relaxsec=.text._Thread_queue_Enqueue victimsec=.text._Thread_queue_Resume rtype=5 symidx=33 sh_info=22 addend=0x0 oob_shndx=17 oob_type=3 shndx=8 fixup=0
MBDBG oob bfd=threadqenqueue.c.59.o relaxsec=.text._Thread_queue_Enqueue victimsec=.text._Thread_queue_Resume rtype=3 symidx=29 sh_info=22 addend=0x0 oob_shndx=10 oob_type=3 shndx=8 fixup=0
MBDBG oob bfd=threadqenqueue.c.59.o relaxsec=.text._Thread_queue_Enqueue victimsec=.text._Thread_queue_Resume rtype=3 symidx=30 sh_info=22 addend=0x0 oob_shndx=12 oob_type=3 shndx=8 fixup=0
MBDBG oob bfd=threadqenqueue.c.59.o relaxsec=.text._Thread_queue_Enqueue victimsec=.text._Thread_queue_Resume rtype=3 symidx=36 sh_info=22 addend=0x0 oob_shndx=23 oob_type=3 shndx=8 fixup=0
MBDBG oob bfd=threadqenqueue.c.59.o relaxsec=.text._Thread_queue_Enqueue victimsec=.text._Thread_queue_Resume rtype=5 symidx=33 sh_info=22 addend=0x0 oob_shndx=17 oob_type=3 shndx=8 fixup=0
MBDBG oob bfd=threadqenqueue.c.59.o relaxsec=.text._Thread_queue_Enqueue victimsec=.text._Thread_queue_Surrender rtype=5 symidx=27 sh_info=22 addend=0x0 oob_shndx=6 oob_type=3 shndx=8 fixup=0
MBDBG oob bfd=threadqenqueue.c.59.o relaxsec=.text._Thread_queue_Enqueue victimsec=.text._Thread_queue_Surrender rtype=5 symidx=33 sh_info=22 addend=0x0 oob_shndx=17 oob_type=3 shndx=8 fixup=0
MBDBG oob bfd=threadqenqueue.c.59.o relaxsec=.text._Thread_queue_Enqueue victimsec=.text._Thread_queue_Surrender rtype=3 symidx=31 sh_info=22 addend=0x0 oob_shndx=14 oob_type=3 shndx=8 fixup=0
MBDBG oob bfd=threadqenqueue.c.59.o relaxsec=.text._Thread_queue_Enqueue victimsec=.text._Thread_queue_Surrender rtype=3 symidx=29 sh_info=22 addend=0x0 oob_shndx=10 oob_type=3 shndx=8 fixup=0
MBDBG oob bfd=threadqenqueue.c.59.o relaxsec=.text._Thread_queue_Enqueue victimsec=.text._Thread_queue_Surrender rtype=3 symidx=30 sh_info=22 addend=0x0 oob_shndx=12 oob_type=3 shndx=8 fixup=0
MBDBG oob bfd=threadqenqueue.c.59.o relaxsec=.text._Thread_queue_Enqueue victimsec=.text._Thread_queue_Surrender rtype=3 symidx=36 sh_info=22 addend=0x0 oob_shndx=23 oob_type=3 shndx=8 fixup=0
MBDBG oob bfd=threadqenqueue.c.59.o relaxsec=.text._Thread_queue_Enqueue victimsec=.text._Thread_queue_Surrender_no_priority rtype=3 symidx=35 sh_info=22 addend=0x0 oob_shndx=21 oob_type=3 shndx=8 fixup=0
MBDBG oob bfd=threadqenqueue.c.59.o relaxsec=.text._Thread_queue_Enqueue victimsec=.text._Thread_queue_Surrender_priority_ceiling rtype=3 symidx=40 sh_info=22 addend=0x0 oob_shndx=1 oob_type=3 shndx=8 fixup=0
MBDBG oob bfd=threadqenqueue.c.59.o relaxsec=.text._Thread_queue_Enqueue victimsec=.text._Thread_queue_Surrender_priority_ceiling rtype=5 symidx=27 sh_info=22 addend=0x0 oob_shndx=6 oob_type=3 shndx=8 fixup=0
MBDBG oob bfd=threadqenqueue.c.59.o relaxsec=.text._Thread_queue_Enqueue victimsec=.text._Thread_queue_Surrender_priority_ceiling rtype=5 symidx=33 sh_info=22 addend=0x0 oob_shndx=17 oob_type=3 shndx=8 fixup=0
MBDBG oob bfd=threadqenqueue.c.59.o relaxsec=.text._Thread_queue_Enqueue victimsec=.text._Thread_queue_Surrender_priority_ceiling rtype=3 symidx=41 sh_info=22 addend=0x0 oob_shndx=2 oob_type=3 shndx=8 fixup=0
MBDBG oob bfd=threadqenqueue.c.59.o relaxsec=.text._Thread_queue_Enqueue victimsec=.text._Thread_queue_Surrender_priority_ceiling rtype=3 symidx=31 sh_info=22 addend=0x0 oob_shndx=14 oob_type=3 shndx=8 fixup=0
MBDBG oob bfd=threadqenqueue.c.59.o relaxsec=.text._Thread_queue_Enqueue victimsec=.text._Thread_queue_Surrender_priority_ceiling rtype=3 symidx=29 sh_info=22 addend=0x0 oob_shndx=10 oob_type=3 shndx=8 fixup=0
MBDBG oob bfd=threadqenqueue.c.59.o relaxsec=.text._Thread_queue_Enqueue victimsec=.text._Thread_queue_Surrender_priority_ceiling rtype=3 symidx=30 sh_info=22 addend=0x0 oob_shndx=12 oob_type=3 shndx=8 fixup=0
MBDBG oob bfd=threadqenqueue.c.59.o relaxsec=.text._Thread_queue_Enqueue victimsec=.text._Thread_queue_Surrender_priority_ceiling rtype=3 symidx=36 sh_info=22 addend=0x0 oob_shndx=23 oob_type=3 shndx=8 fixup=0
MBDBG oob bfd=threadqenqueue.c.59.o relaxsec=.text._Thread_queue_Enqueue victimsec=.text._Thread_queue_Surrender_priority_ceiling rtype=5 symidx=27 sh_info=22 addend=0x0 oob_shndx=6 oob_type=3 shndx=8 fixup=0
MBDBG oob bfd=threadqenqueue.c.59.o relaxsec=.text._Thread_queue_Enqueue victimsec=.text._Thread_queue_Surrender_priority_ceiling rtype=3 symidx=31 sh_info=22 addend=0x0 oob_shndx=14 oob_type=3 shndx=8 fixup=0
MBDBG oob bfd=threadqenqueue.c.59.o relaxsec=.text._Thread_queue_Enqueue victimsec=.text._Thread_queue_Surrender_priority_ceiling rtype=3 symidx=36 sh_info=22 addend=0x0 oob_shndx=23 oob_type=3 shndx=8 fixup=0
MBDBG oob bfd=threadqenqueue.c.59.o relaxsec=.text._Thread_queue_Surrender victimsec=.text._Thread_queue_Deadlock_fatal rtype=3 symidx=25 sh_info=22 addend=0x0 oob_shndx=3 oob_type=3 shndx=14 fixup=0
MBDBG oob bfd=threadqenqueue.c.59.o relaxsec=.text._Thread_queue_Surrender victimsec=.text._Thread_queue_Enqueue rtype=5 symidx=27 sh_info=22 addend=0x0 oob_shndx=6 oob_type=3 shndx=14 fixup=0
MBDBG oob bfd=threadqenqueue.c.59.o relaxsec=.text._Thread_queue_Surrender victimsec=.text._Thread_queue_Enqueue rtype=4 symidx=28 sh_info=22 addend=0x0 oob_shndx=8 oob_type=3 shndx=14 fixup=0
MBDBG oob bfd=threadqenqueue.c.59.o relaxsec=.text._Thread_queue_Surrender victimsec=.text._Thread_queue_Enqueue rtype=4 symidx=29 sh_info=22 addend=0x0 oob_shndx=10 oob_type=3 shndx=14 fixup=0
MBDBG oob bfd=threadqenqueue.c.59.o relaxsec=.text._Thread_queue_Surrender victimsec=.text._Thread_queue_Enqueue rtype=3 symidx=30 sh_info=22 addend=0x0 oob_shndx=12 oob_type=3 shndx=14 fixup=0
MBDBG oob bfd=threadqenqueue.c.59.o relaxsec=.text._Thread_queue_Surrender victimsec=.text._Thread_queue_Enqueue rtype=3 symidx=31 sh_info=22 addend=0x0 oob_shndx=14 oob_type=3 shndx=14 fixup=0  <<< GUARD PASSED - CORRUPTING
MBDBG oob bfd=threadqenqueue.c.59.o relaxsec=.text._Thread_queue_Surrender victimsec=.text._Thread_queue_Enqueue rtype=5 symidx=27 sh_info=22 addend=0x0 oob_shndx=6 oob_type=3 shndx=14 fixup=0
MBDBG oob bfd=threadqenqueue.c.59.o relaxsec=.text._Thread_queue_Surrender victimsec=.text._Thread_queue_Enqueue rtype=3 symidx=32 sh_info=22 addend=0x0 oob_shndx=16 oob_type=3 shndx=14 fixup=0
MBDBG oob bfd=threadqenqueue.c.59.o relaxsec=.text._Thread_queue_Surrender victimsec=.text._Thread_queue_Enqueue rtype=5 symidx=33 sh_info=22 addend=0x0 oob_shndx=17 oob_type=3 shndx=14 fixup=0
MBDBG oob bfd=threadqenqueue.c.59.o relaxsec=.text._Thread_queue_Surrender victimsec=.text._Thread_queue_Extract_locked rtype=5 symidx=33 sh_info=22 addend=0x0 oob_shndx=17 oob_type=3 shndx=14 fixup=0
MBDBG oob bfd=threadqenqueue.c.59.o relaxsec=.text._Thread_queue_Surrender victimsec=.text._Thread_queue_Resume rtype=5 symidx=27 sh_info=22 addend=0x0 oob_shndx=6 oob_type=3 shndx=14 fixup=0
MBDBG oob bfd=threadqenqueue.c.59.o relaxsec=.text._Thread_queue_Surrender victimsec=.text._Thread_queue_Resume rtype=5 symidx=33 sh_info=22 addend=0x0 oob_shndx=17 oob_type=3 shndx=14 fixup=0
MBDBG oob bfd=threadqenqueue.c.59.o relaxsec=.text._Thread_queue_Surrender victimsec=.text._Thread_queue_Resume rtype=3 symidx=29 sh_info=22 addend=0x0 oob_shndx=10 oob_type=3 shndx=14 fixup=0
MBDBG oob bfd=threadqenqueue.c.59.o relaxsec=.text._Thread_queue_Surrender victimsec=.text._Thread_queue_Resume rtype=3 symidx=30 sh_info=22 addend=0x0 oob_shndx=12 oob_type=3 shndx=14 fixup=0
MBDBG oob bfd=threadqenqueue.c.59.o relaxsec=.text._Thread_queue_Surrender victimsec=.text._Thread_queue_Resume rtype=3 symidx=36 sh_info=22 addend=0x0 oob_shndx=23 oob_type=3 shndx=14 fixup=0
MBDBG oob bfd=threadqenqueue.c.59.o relaxsec=.text._Thread_queue_Surrender victimsec=.text._Thread_queue_Resume rtype=5 symidx=33 sh_info=22 addend=0x0 oob_shndx=17 oob_type=3 shndx=14 fixup=0
MBDBG oob bfd=threadqenqueue.c.59.o relaxsec=.text._Thread_queue_Surrender victimsec=.text._Thread_queue_Surrender_no_priority rtype=3 symidx=35 sh_info=22 addend=0x0 oob_shndx=21 oob_type=3 shndx=14 fixup=0
MBDBG oob bfd=threadqenqueue.c.59.o relaxsec=.text._Thread_queue_Surrender victimsec=.text._Thread_queue_Surrender_priority_ceiling rtype=3 symidx=40 sh_info=22 addend=0x0 oob_shndx=1 oob_type=3 shndx=14 fixup=0
MBDBG oob bfd=threadqenqueue.c.59.o relaxsec=.text._Thread_queue_Surrender victimsec=.text._Thread_queue_Surrender_priority_ceiling rtype=5 symidx=27 sh_info=22 addend=0x0 oob_shndx=6 oob_type=3 shndx=14 fixup=0
MBDBG oob bfd=threadqenqueue.c.59.o relaxsec=.text._Thread_queue_Surrender victimsec=.text._Thread_queue_Surrender_priority_ceiling rtype=5 symidx=33 sh_info=22 addend=0x0 oob_shndx=17 oob_type=3 shndx=14 fixup=0
MBDBG oob bfd=threadqenqueue.c.59.o relaxsec=.text._Thread_queue_Surrender victimsec=.text._Thread_queue_Surrender_priority_ceiling rtype=3 symidx=41 sh_info=22 addend=0x0 oob_shndx=2 oob_type=3 shndx=14 fixup=0
MBDBG oob bfd=threadqenqueue.c.59.o relaxsec=.text._Thread_queue_Surrender victimsec=.text._Thread_queue_Surrender_priority_ceiling rtype=3 symidx=31 sh_info=22 addend=0x0 oob_shndx=14 oob_type=3 shndx=14 fixup=0  <<< GUARD PASSED - CORRUPTING
MBDBG oob bfd=threadqenqueue.c.59.o relaxsec=.text._Thread_queue_Surrender victimsec=.text._Thread_queue_Surrender_priority_ceiling rtype=3 symidx=29 sh_info=22 addend=0x0 oob_shndx=10 oob_type=3 shndx=14 fixup=0
MBDBG oob bfd=threadqenqueue.c.59.o relaxsec=.text._Thread_queue_Surrender victimsec=.text._Thread_queue_Surrender_priority_ceiling rtype=3 symidx=30 sh_info=22 addend=0x0 oob_shndx=12 oob_type=3 shndx=14 fixup=0
MBDBG oob bfd=threadqenqueue.c.59.o relaxsec=.text._Thread_queue_Surrender victimsec=.text._Thread_queue_Surrender_priority_ceiling rtype=3 symidx=36 sh_info=22 addend=0x0 oob_shndx=23 oob_type=3 shndx=14 fixup=0
MBDBG oob bfd=threadqenqueue.c.59.o relaxsec=.text._Thread_queue_Surrender victimsec=.text._Thread_queue_Surrender_priority_ceiling rtype=5 symidx=27 sh_info=22 addend=0x0 oob_shndx=6 oob_type=3 shndx=14 fixup=0
MBDBG oob bfd=threadqenqueue.c.59.o relaxsec=.text._Thread_queue_Surrender victimsec=.text._Thread_queue_Surrender_priority_ceiling rtype=3 symidx=31 sh_info=22 addend=0x0 oob_shndx=14 oob_type=3 shndx=14 fixup=0  <<< GUARD PASSED - CORRUPTING
MBDBG oob bfd=threadqenqueue.c.59.o relaxsec=.text._Thread_queue_Surrender victimsec=.text._Thread_queue_Surrender_priority_ceiling rtype=3 symidx=36 sh_info=22 addend=0x0 oob_shndx=23 oob_type=3 shndx=14 fixup=0
MBDBG oob bfd=threadqops.c.59.o relaxsec=.text._Thread_queue_Priority_first victimsec=.text._Thread_queue_Priority_priority_actions rtype=3 symidx=43 sh_info=40 addend=0x0 oob_shndx=0 oob_type=0 shndx=6 fixup=0
MBDBG oob bfd=threadqops.c.59.o relaxsec=.text._Thread_queue_Priority_first victimsec=.text._Thread_queue_Priority_priority_actions rtype=3 symidx=44 sh_info=40 addend=0x0 oob_shndx=0 oob_type=0 shndx=6 fixup=0
MBDBG oob bfd=threadqops.c.59.o relaxsec=.text._Thread_queue_Priority_first victimsec=.text._Thread_queue_Priority_inherit_priority_actions rtype=3 symidx=43 sh_info=40 addend=0x0 oob_shndx=0 oob_type=0 shndx=6 fixup=0
MBDBG oob bfd=threadqops.c.59.o relaxsec=.text._Thread_queue_Priority_first victimsec=.text._Thread_queue_Priority_inherit_priority_actions rtype=3 symidx=44 sh_info=40 addend=0x0 oob_shndx=0 oob_type=0 shndx=6 fixup=0
MBDBG oob bfd=threadqops.c.59.o relaxsec=.text._Thread_queue_Priority_first victimsec=.text._Thread_queue_Priority_inherit_priority_actions rtype=3 symidx=42 sh_info=40 addend=0x0 oob_shndx=0 oob_type=0 shndx=6 fixup=0
MBDBG oob bfd=threadqops.c.59.o relaxsec=.text._Thread_queue_Priority_first victimsec=.text._Thread_queue_Priority_extract rtype=3 symidx=43 sh_info=40 addend=0x0 oob_shndx=0 oob_type=0 shndx=6 fixup=0
MBDBG oob bfd=threadqops.c.59.o relaxsec=.text._Thread_queue_Priority_first victimsec=.text._Thread_queue_Priority_inherit_extract rtype=3 symidx=43 sh_info=40 addend=0x0 oob_shndx=0 oob_type=0 shndx=6 fixup=0
MBDBG oob bfd=threadqops.c.59.o relaxsec=.text._Thread_queue_Priority_first victimsec=.text._Thread_queue_Priority_inherit_extract rtype=3 symidx=42 sh_info=40 addend=0x0 oob_shndx=0 oob_type=0 shndx=6 fixup=0
MBDBG oob bfd=threadqops.c.59.o relaxsec=.text._Thread_queue_Priority_first victimsec=.text._Thread_queue_Priority_inherit_extract rtype=3 symidx=46 sh_info=40 addend=0x0 oob_shndx=0 oob_type=0 shndx=6 fixup=0
MBDBG oob bfd=threadqops.c.59.o relaxsec=.text._Thread_queue_Priority_first victimsec=.text._Thread_queue_Priority_inherit_extract rtype=3 symidx=46 sh_info=40 addend=0x0 oob_shndx=0 oob_type=0 shndx=6 fixup=0
MBDBG oob bfd=threadqops.c.59.o relaxsec=.text._Thread_queue_Priority_first victimsec=.text._Thread_queue_Priority_surrender rtype=3 symidx=42 sh_info=40 addend=0x0 oob_shndx=0 oob_type=0 shndx=6 fixup=0
MBDBG oob bfd=threadqops.c.59.o relaxsec=.text._Thread_queue_Priority_first victimsec=.text._Thread_queue_Priority_surrender rtype=3 symidx=43 sh_info=40 addend=0x0 oob_shndx=0 oob_type=0 shndx=6 fixup=0
MBDBG oob bfd=threadqops.c.59.o relaxsec=.text._Thread_queue_Priority_first victimsec=.text._Thread_queue_Priority_inherit_surrender rtype=3 symidx=42 sh_info=40 addend=0x0 oob_shndx=0 oob_type=0 shndx=6 fixup=0
MBDBG oob bfd=threadqops.c.59.o relaxsec=.text._Thread_queue_Priority_first victimsec=.text._Thread_queue_Priority_inherit_surrender rtype=3 symidx=43 sh_info=40 addend=0x0 oob_shndx=0 oob_type=0 shndx=6 fixup=0
MBDBG oob bfd=threadqops.c.59.o relaxsec=.text._Thread_queue_Priority_first victimsec=.text._Thread_queue_Priority_inherit_surrender rtype=3 symidx=42 sh_info=40 addend=0x0 oob_shndx=0 oob_type=0 shndx=6 fixup=0
MBDBG oob bfd=threadqops.c.59.o relaxsec=.text._Thread_queue_Priority_first victimsec=.text._Thread_queue_Priority_inherit_surrender rtype=3 symidx=43 sh_info=40 addend=0x0 oob_shndx=0 oob_type=0 shndx=6 fixup=0
MBDBG oob bfd=threadqops.c.59.o relaxsec=.text._Thread_queue_Priority_first victimsec=.text._Thread_queue_Priority_inherit_surrender rtype=3 symidx=42 sh_info=40 addend=0x0 oob_shndx=0 oob_type=0 shndx=6 fixup=0
MBDBG oob bfd=threadqops.c.59.o relaxsec=.text._Thread_queue_Priority_first victimsec=.text._Thread_queue_Priority_inherit_surrender rtype=3 symidx=44 sh_info=40 addend=0x0 oob_shndx=0 oob_type=0 shndx=6 fixup=0
MBDBG oob bfd=threadqops.c.59.o relaxsec=.text._Thread_queue_Priority_first victimsec=.text._Thread_queue_Priority_inherit_surrender rtype=3 symidx=44 sh_info=40 addend=0x0 oob_shndx=0 oob_type=0 shndx=6 fixup=0
MBDBG oob bfd=threadqops.c.59.o relaxsec=.text._Thread_queue_Priority_first victimsec=.text._Thread_queue_Priority_inherit_enqueue rtype=3 symidx=44 sh_info=40 addend=0x0 oob_shndx=0 oob_type=0 shndx=6 fixup=0
MBDBG oob bfd=threadqops.c.59.o relaxsec=.text._Thread_queue_Priority_first victimsec=.text._Thread_queue_Priority_inherit_enqueue rtype=3 symidx=44 sh_info=40 addend=0x0 oob_shndx=0 oob_type=0 shndx=6 fixup=0
MBDBG oob bfd=threadqops.c.59.o relaxsec=.text._Thread_queue_Priority_first victimsec=.text._Thread_queue_Priority_inherit_enqueue rtype=3 symidx=46 sh_info=40 addend=0x0 oob_shndx=0 oob_type=0 shndx=6 fixup=0
MBDBG oob bfd=threadqops.c.59.o relaxsec=.text._Thread_queue_Priority_first victimsec=.text._Thread_queue_Priority_inherit_enqueue rtype=3 symidx=46 sh_info=40 addend=0x0 oob_shndx=0 oob_type=0 shndx=6 fixup=0
MBDBG oob bfd=threadqops.c.59.o relaxsec=.text._Thread_queue_Priority_first victimsec=.text._Thread_queue_Priority_enqueue rtype=3 symidx=44 sh_info=40 addend=0x0 oob_shndx=0 oob_type=0 shndx=6 fixup=0
MBDBG oob bfd=threadqops.c.59.o relaxsec=.text._Thread_queue_Priority_inherit_priority_actions victimsec=.text._Thread_queue_Priority_first rtype=4 symidx=42 sh_info=40 addend=0x0 oob_shndx=0 oob_type=0 shndx=10 fixup=0
MBDBG oob bfd=threadqops.c.59.o relaxsec=.text._Thread_queue_Priority_inherit_priority_actions victimsec=.text._Thread_queue_Priority_priority_actions rtype=3 symidx=43 sh_info=40 addend=0x0 oob_shndx=0 oob_type=0 shndx=10 fixup=0
MBDBG oob bfd=threadqops.c.59.o relaxsec=.text._Thread_queue_Priority_inherit_priority_actions victimsec=.text._Thread_queue_Priority_priority_actions rtype=3 symidx=44 sh_info=40 addend=0x0 oob_shndx=0 oob_type=0 shndx=10 fixup=0
MBDBG oob bfd=threadqops.c.59.o relaxsec=.text._Thread_queue_Priority_inherit_priority_actions victimsec=.text._Thread_queue_Priority_extract rtype=3 symidx=43 sh_info=40 addend=0x0 oob_shndx=0 oob_type=0 shndx=10 fixup=0
MBDBG oob bfd=threadqops.c.59.o relaxsec=.text._Thread_queue_Priority_inherit_priority_actions victimsec=.text._Thread_queue_Priority_inherit_extract rtype=3 symidx=43 sh_info=40 addend=0x0 oob_shndx=0 oob_type=0 shndx=10 fixup=0
MBDBG oob bfd=threadqops.c.59.o relaxsec=.text._Thread_queue_Priority_inherit_priority_actions victimsec=.text._Thread_queue_Priority_inherit_extract rtype=3 symidx=42 sh_info=40 addend=0x0 oob_shndx=0 oob_type=0 shndx=10 fixup=0
MBDBG oob bfd=threadqops.c.59.o relaxsec=.text._Thread_queue_Priority_inherit_priority_actions victimsec=.text._Thread_queue_Priority_inherit_extract rtype=3 symidx=46 sh_info=40 addend=0x0 oob_shndx=0 oob_type=0 shndx=10 fixup=0
MBDBG oob bfd=threadqops.c.59.o relaxsec=.text._Thread_queue_Priority_inherit_priority_actions victimsec=.text._Thread_queue_Priority_inherit_extract rtype=3 symidx=46 sh_info=40 addend=0x0 oob_shndx=0 oob_type=0 shndx=10 fixup=0
MBDBG oob bfd=threadqops.c.59.o relaxsec=.text._Thread_queue_Priority_inherit_priority_actions victimsec=.text._Thread_queue_Priority_surrender rtype=3 symidx=42 sh_info=40 addend=0x0 oob_shndx=0 oob_type=0 shndx=10 fixup=0
MBDBG oob bfd=threadqops.c.59.o relaxsec=.text._Thread_queue_Priority_inherit_priority_actions victimsec=.text._Thread_queue_Priority_surrender rtype=3 symidx=43 sh_info=40 addend=0x0 oob_shndx=0 oob_type=0 shndx=10 fixup=0
MBDBG oob bfd=threadqops.c.59.o relaxsec=.text._Thread_queue_Priority_inherit_priority_actions victimsec=.text._Thread_queue_Priority_inherit_surrender rtype=3 symidx=42 sh_info=40 addend=0x0 oob_shndx=0 oob_type=0 shndx=10 fixup=0
MBDBG oob bfd=threadqops.c.59.o relaxsec=.text._Thread_queue_Priority_inherit_priority_actions victimsec=.text._Thread_queue_Priority_inherit_surrender rtype=3 symidx=43 sh_info=40 addend=0x0 oob_shndx=0 oob_type=0 shndx=10 fixup=0
MBDBG oob bfd=threadqops.c.59.o relaxsec=.text._Thread_queue_Priority_inherit_priority_actions victimsec=.text._Thread_queue_Priority_inherit_surrender rtype=3 symidx=42 sh_info=40 addend=0x0 oob_shndx=0 oob_type=0 shndx=10 fixup=0
MBDBG oob bfd=threadqops.c.59.o relaxsec=.text._Thread_queue_Priority_inherit_priority_actions victimsec=.text._Thread_queue_Priority_inherit_surrender rtype=3 symidx=43 sh_info=40 addend=0x0 oob_shndx=0 oob_type=0 shndx=10 fixup=0
MBDBG oob bfd=threadqops.c.59.o relaxsec=.text._Thread_queue_Priority_inherit_priority_actions victimsec=.text._Thread_queue_Priority_inherit_surrender rtype=3 symidx=42 sh_info=40 addend=0x0 oob_shndx=0 oob_type=0 shndx=10 fixup=0
MBDBG oob bfd=threadqops.c.59.o relaxsec=.text._Thread_queue_Priority_inherit_priority_actions victimsec=.text._Thread_queue_Priority_inherit_surrender rtype=3 symidx=44 sh_info=40 addend=0x0 oob_shndx=0 oob_type=0 shndx=10 fixup=0
MBDBG oob bfd=threadqops.c.59.o relaxsec=.text._Thread_queue_Priority_inherit_priority_actions victimsec=.text._Thread_queue_Priority_inherit_surrender rtype=3 symidx=44 sh_info=40 addend=0x0 oob_shndx=0 oob_type=0 shndx=10 fixup=0
MBDBG oob bfd=threadqops.c.59.o relaxsec=.text._Thread_queue_Priority_inherit_priority_actions victimsec=.text._Thread_queue_Priority_inherit_enqueue rtype=3 symidx=44 sh_info=40 addend=0x0 oob_shndx=0 oob_type=0 shndx=10 fixup=0
MBDBG oob bfd=threadqops.c.59.o relaxsec=.text._Thread_queue_Priority_inherit_priority_actions victimsec=.text._Thread_queue_Priority_inherit_enqueue rtype=3 symidx=44 sh_info=40 addend=0x0 oob_shndx=0 oob_type=0 shndx=10 fixup=0
MBDBG oob bfd=threadqops.c.59.o relaxsec=.text._Thread_queue_Priority_inherit_priority_actions victimsec=.text._Thread_queue_Priority_inherit_enqueue rtype=3 symidx=46 sh_info=40 addend=0x0 oob_shndx=0 oob_type=0 shndx=10 fixup=0
MBDBG oob bfd=threadqops.c.59.o relaxsec=.text._Thread_queue_Priority_inherit_priority_actions victimsec=.text._Thread_queue_Priority_inherit_enqueue rtype=3 symidx=46 sh_info=40 addend=0x0 oob_shndx=0 oob_type=0 shndx=10 fixup=0
MBDBG oob bfd=threadqops.c.59.o relaxsec=.text._Thread_queue_Priority_inherit_priority_actions victimsec=.text._Thread_queue_Priority_enqueue rtype=3 symidx=44 sh_info=40 addend=0x0 oob_shndx=0 oob_type=0 shndx=10 fixup=0
MBDBG oob bfd=threadqops.c.59.o relaxsec=.text._Thread_queue_Priority_inherit_extract victimsec=.text._Thread_queue_Priority_first rtype=4 symidx=42 sh_info=40 addend=0x0 oob_shndx=0 oob_type=0 shndx=16 fixup=0
MBDBG oob bfd=threadqops.c.59.o relaxsec=.text._Thread_queue_Priority_inherit_extract victimsec=.text._Thread_queue_Priority_priority_actions rtype=3 symidx=43 sh_info=40 addend=0x0 oob_shndx=0 oob_type=0 shndx=16 fixup=0
MBDBG oob bfd=threadqops.c.59.o relaxsec=.text._Thread_queue_Priority_inherit_extract victimsec=.text._Thread_queue_Priority_priority_actions rtype=3 symidx=44 sh_info=40 addend=0x0 oob_shndx=0 oob_type=0 shndx=16 fixup=0
MBDBG oob bfd=threadqops.c.59.o relaxsec=.text._Thread_queue_Priority_inherit_extract victimsec=.text._Thread_queue_Priority_inherit_priority_actions rtype=4 symidx=43 sh_info=40 addend=0x0 oob_shndx=0 oob_type=0 shndx=16 fixup=0
MBDBG oob bfd=threadqops.c.59.o relaxsec=.text._Thread_queue_Priority_inherit_extract victimsec=.text._Thread_queue_Priority_inherit_priority_actions rtype=4 symidx=44 sh_info=40 addend=0x0 oob_shndx=0 oob_type=0 shndx=16 fixup=0
MBDBG oob bfd=threadqops.c.59.o relaxsec=.text._Thread_queue_Priority_inherit_extract victimsec=.text._Thread_queue_Priority_inherit_priority_actions rtype=4 symidx=42 sh_info=40 addend=0x0 oob_shndx=0 oob_type=0 shndx=16 fixup=0
MBDBG oob bfd=threadqops.c.59.o relaxsec=.text._Thread_queue_Priority_inherit_extract victimsec=.text._Thread_queue_Priority_extract rtype=3 symidx=43 sh_info=40 addend=0x0 oob_shndx=0 oob_type=0 shndx=16 fixup=0
MBDBG oob bfd=threadqops.c.59.o relaxsec=.text._Thread_queue_Priority_inherit_extract victimsec=.text._Thread_queue_Priority_surrender rtype=3 symidx=42 sh_info=40 addend=0x0 oob_shndx=0 oob_type=0 shndx=16 fixup=0
MBDBG oob bfd=threadqops.c.59.o relaxsec=.text._Thread_queue_Priority_inherit_extract victimsec=.text._Thread_queue_Priority_surrender rtype=3 symidx=43 sh_info=40 addend=0x0 oob_shndx=0 oob_type=0 shndx=16 fixup=0
MBDBG oob bfd=threadqops.c.59.o relaxsec=.text._Thread_queue_Priority_inherit_extract victimsec=.text._Thread_queue_Priority_inherit_surrender rtype=3 symidx=42 sh_info=40 addend=0x0 oob_shndx=0 oob_type=0 shndx=16 fixup=0
MBDBG oob bfd=threadqops.c.59.o relaxsec=.text._Thread_queue_Priority_inherit_extract victimsec=.text._Thread_queue_Priority_inherit_surrender rtype=3 symidx=43 sh_info=40 addend=0x0 oob_shndx=0 oob_type=0 shndx=16 fixup=0
MBDBG oob bfd=threadqops.c.59.o relaxsec=.text._Thread_queue_Priority_inherit_extract victimsec=.text._Thread_queue_Priority_inherit_surrender rtype=3 symidx=42 sh_info=40 addend=0x0 oob_shndx=0 oob_type=0 shndx=16 fixup=0
MBDBG oob bfd=threadqops.c.59.o relaxsec=.text._Thread_queue_Priority_inherit_extract victimsec=.text._Thread_queue_Priority_inherit_surrender rtype=3 symidx=43 sh_info=40 addend=0x0 oob_shndx=0 oob_type=0 shndx=16 fixup=0
MBDBG oob bfd=threadqops.c.59.o relaxsec=.text._Thread_queue_Priority_inherit_extract victimsec=.text._Thread_queue_Priority_inherit_surrender rtype=3 symidx=42 sh_info=40 addend=0x0 oob_shndx=0 oob_type=0 shndx=16 fixup=0
MBDBG oob bfd=threadqops.c.59.o relaxsec=.text._Thread_queue_Priority_inherit_extract victimsec=.text._Thread_queue_Priority_inherit_surrender rtype=3 symidx=44 sh_info=40 addend=0x0 oob_shndx=0 oob_type=0 shndx=16 fixup=0
MBDBG oob bfd=threadqops.c.59.o relaxsec=.text._Thread_queue_Priority_inherit_extract victimsec=.text._Thread_queue_Priority_inherit_surrender rtype=3 symidx=44 sh_info=40 addend=0x0 oob_shndx=0 oob_type=0 shndx=16 fixup=0
MBDBG oob bfd=threadqops.c.59.o relaxsec=.text._Thread_queue_Priority_inherit_extract victimsec=.text._Thread_queue_Priority_inherit_enqueue rtype=3 symidx=44 sh_info=40 addend=0x0 oob_shndx=0 oob_type=0 shndx=16 fixup=0
MBDBG oob bfd=threadqops.c.59.o relaxsec=.text._Thread_queue_Priority_inherit_extract victimsec=.text._Thread_queue_Priority_inherit_enqueue rtype=3 symidx=44 sh_info=40 addend=0x0 oob_shndx=0 oob_type=0 shndx=16 fixup=0
MBDBG oob bfd=threadqops.c.59.o relaxsec=.text._Thread_queue_Priority_inherit_extract victimsec=.text._Thread_queue_Priority_inherit_enqueue rtype=3 symidx=46 sh_info=40 addend=0x0 oob_shndx=0 oob_type=0 shndx=16 fixup=0
MBDBG oob bfd=threadqops.c.59.o relaxsec=.text._Thread_queue_Priority_inherit_extract victimsec=.text._Thread_queue_Priority_inherit_enqueue rtype=3 symidx=46 sh_info=40 addend=0x0 oob_shndx=0 oob_type=0 shndx=16 fixup=0
MBDBG oob bfd=threadqops.c.59.o relaxsec=.text._Thread_queue_Priority_inherit_extract victimsec=.text._Thread_queue_Priority_enqueue rtype=3 symidx=44 sh_info=40 addend=0x0 oob_shndx=0 oob_type=0 shndx=16 fixup=0
MBDBG oob bfd=threadqops.c.59.o relaxsec=.text._Thread_queue_Priority_inherit_surrender victimsec=.text._Thread_queue_Priority_first rtype=4 symidx=42 sh_info=40 addend=0x0 oob_shndx=0 oob_type=0 shndx=22 fixup=0
MBDBG oob bfd=threadqops.c.59.o relaxsec=.text._Thread_queue_Priority_inherit_surrender victimsec=.text._Thread_queue_Priority_priority_actions rtype=3 symidx=43 sh_info=40 addend=0x0 oob_shndx=0 oob_type=0 shndx=22 fixup=0
MBDBG oob bfd=threadqops.c.59.o relaxsec=.text._Thread_queue_Priority_inherit_surrender victimsec=.text._Thread_queue_Priority_priority_actions rtype=3 symidx=44 sh_info=40 addend=0x0 oob_shndx=0 oob_type=0 shndx=22 fixup=0
MBDBG oob bfd=threadqops.c.59.o relaxsec=.text._Thread_queue_Priority_inherit_surrender victimsec=.text._Thread_queue_Priority_inherit_priority_actions rtype=4 symidx=43 sh_info=40 addend=0x0 oob_shndx=0 oob_type=0 shndx=22 fixup=0
MBDBG oob bfd=threadqops.c.59.o relaxsec=.text._Thread_queue_Priority_inherit_surrender victimsec=.text._Thread_queue_Priority_inherit_priority_actions rtype=4 symidx=44 sh_info=40 addend=0x0 oob_shndx=0 oob_type=0 shndx=22 fixup=0
MBDBG oob bfd=threadqops.c.59.o relaxsec=.text._Thread_queue_Priority_inherit_surrender victimsec=.text._Thread_queue_Priority_inherit_priority_actions rtype=4 symidx=42 sh_info=40 addend=0x0 oob_shndx=0 oob_type=0 shndx=22 fixup=0
MBDBG oob bfd=threadqops.c.59.o relaxsec=.text._Thread_queue_Priority_inherit_surrender victimsec=.text._Thread_queue_Priority_extract rtype=3 symidx=43 sh_info=40 addend=0x0 oob_shndx=0 oob_type=0 shndx=22 fixup=0
MBDBG oob bfd=threadqops.c.59.o relaxsec=.text._Thread_queue_Priority_inherit_surrender victimsec=.text._Thread_queue_Priority_inherit_extract rtype=4 symidx=43 sh_info=40 addend=0x0 oob_shndx=0 oob_type=0 shndx=22 fixup=0
MBDBG oob bfd=threadqops.c.59.o relaxsec=.text._Thread_queue_Priority_inherit_surrender victimsec=.text._Thread_queue_Priority_inherit_extract rtype=4 symidx=42 sh_info=40 addend=0x0 oob_shndx=0 oob_type=0 shndx=22 fixup=0
MBDBG oob bfd=threadqops.c.59.o relaxsec=.text._Thread_queue_Priority_inherit_surrender victimsec=.text._Thread_queue_Priority_inherit_extract rtype=3 symidx=46 sh_info=40 addend=0x0 oob_shndx=0 oob_type=0 shndx=22 fixup=0
MBDBG oob bfd=threadqops.c.59.o relaxsec=.text._Thread_queue_Priority_inherit_surrender victimsec=.text._Thread_queue_Priority_inherit_extract rtype=3 symidx=46 sh_info=40 addend=0x0 oob_shndx=0 oob_type=0 shndx=22 fixup=0
MBDBG oob bfd=threadqops.c.59.o relaxsec=.text._Thread_queue_Priority_inherit_surrender victimsec=.text._Thread_queue_Priority_surrender rtype=3 symidx=42 sh_info=40 addend=0x0 oob_shndx=0 oob_type=0 shndx=22 fixup=0
MBDBG oob bfd=threadqops.c.59.o relaxsec=.text._Thread_queue_Priority_inherit_surrender victimsec=.text._Thread_queue_Priority_surrender rtype=3 symidx=43 sh_info=40 addend=0x0 oob_shndx=0 oob_type=0 shndx=22 fixup=0
MBDBG oob bfd=threadqops.c.59.o relaxsec=.text._Thread_queue_Priority_inherit_surrender victimsec=.text._Thread_queue_Priority_inherit_enqueue rtype=3 symidx=44 sh_info=40 addend=0x0 oob_shndx=0 oob_type=0 shndx=22 fixup=0
MBDBG oob bfd=threadqops.c.59.o relaxsec=.text._Thread_queue_Priority_inherit_surrender victimsec=.text._Thread_queue_Priority_inherit_enqueue rtype=3 symidx=44 sh_info=40 addend=0x0 oob_shndx=0 oob_type=0 shndx=22 fixup=0
MBDBG oob bfd=threadqops.c.59.o relaxsec=.text._Thread_queue_Priority_inherit_surrender victimsec=.text._Thread_queue_Priority_inherit_enqueue rtype=3 symidx=46 sh_info=40 addend=0x0 oob_shndx=0 oob_type=0 shndx=22 fixup=0
MBDBG oob bfd=threadqops.c.59.o relaxsec=.text._Thread_queue_Priority_inherit_surrender victimsec=.text._Thread_queue_Priority_inherit_enqueue rtype=3 symidx=46 sh_info=40 addend=0x0 oob_shndx=0 oob_type=0 shndx=22 fixup=0
MBDBG oob bfd=threadqops.c.59.o relaxsec=.text._Thread_queue_Priority_inherit_surrender victimsec=.text._Thread_queue_Priority_enqueue rtype=3 symidx=44 sh_info=40 addend=0x0 oob_shndx=0 oob_type=0 shndx=22 fixup=0
MBDBG oob bfd=threadqops.c.59.o relaxsec=.text._Thread_queue_Priority_inherit_enqueue victimsec=.text._Thread_queue_Priority_first rtype=4 symidx=42 sh_info=40 addend=0x0 oob_shndx=0 oob_type=0 shndx=26 fixup=0
MBDBG oob bfd=threadqops.c.59.o relaxsec=.text._Thread_queue_Priority_inherit_enqueue victimsec=.text._Thread_queue_Priority_priority_actions rtype=3 symidx=43 sh_info=40 addend=0x0 oob_shndx=0 oob_type=0 shndx=26 fixup=0
MBDBG oob bfd=threadqops.c.59.o relaxsec=.text._Thread_queue_Priority_inherit_enqueue victimsec=.text._Thread_queue_Priority_priority_actions rtype=3 symidx=44 sh_info=40 addend=0x0 oob_shndx=0 oob_type=0 shndx=26 fixup=0
MBDBG oob bfd=threadqops.c.59.o relaxsec=.text._Thread_queue_Priority_inherit_enqueue victimsec=.text._Thread_queue_Priority_inherit_priority_actions rtype=4 symidx=43 sh_info=40 addend=0x0 oob_shndx=0 oob_type=0 shndx=26 fixup=0
MBDBG oob bfd=threadqops.c.59.o relaxsec=.text._Thread_queue_Priority_inherit_enqueue victimsec=.text._Thread_queue_Priority_inherit_priority_actions rtype=4 symidx=44 sh_info=40 addend=0x0 oob_shndx=0 oob_type=0 shndx=26 fixup=0
MBDBG oob bfd=threadqops.c.59.o relaxsec=.text._Thread_queue_Priority_inherit_enqueue victimsec=.text._Thread_queue_Priority_inherit_priority_actions rtype=4 symidx=42 sh_info=40 addend=0x0 oob_shndx=0 oob_type=0 shndx=26 fixup=0
MBDBG oob bfd=threadqops.c.59.o relaxsec=.text._Thread_queue_Priority_inherit_enqueue victimsec=.text._Thread_queue_Priority_extract rtype=3 symidx=43 sh_info=40 addend=0x0 oob_shndx=0 oob_type=0 shndx=26 fixup=0
MBDBG oob bfd=threadqops.c.59.o relaxsec=.text._Thread_queue_Priority_inherit_enqueue victimsec=.text._Thread_queue_Priority_inherit_extract rtype=4 symidx=43 sh_info=40 addend=0x0 oob_shndx=0 oob_type=0 shndx=26 fixup=0
MBDBG oob bfd=threadqops.c.59.o relaxsec=.text._Thread_queue_Priority_inherit_enqueue victimsec=.text._Thread_queue_Priority_inherit_extract rtype=4 symidx=42 sh_info=40 addend=0x0 oob_shndx=0 oob_type=0 shndx=26 fixup=0
MBDBG oob bfd=threadqops.c.59.o relaxsec=.text._Thread_queue_Priority_inherit_enqueue victimsec=.text._Thread_queue_Priority_inherit_extract rtype=3 symidx=46 sh_info=40 addend=0x0 oob_shndx=0 oob_type=0 shndx=26 fixup=0
MBDBG oob bfd=threadqops.c.59.o relaxsec=.text._Thread_queue_Priority_inherit_enqueue victimsec=.text._Thread_queue_Priority_inherit_extract rtype=3 symidx=46 sh_info=40 addend=0x0 oob_shndx=0 oob_type=0 shndx=26 fixup=0
MBDBG oob bfd=threadqops.c.59.o relaxsec=.text._Thread_queue_Priority_inherit_enqueue victimsec=.text._Thread_queue_Priority_surrender rtype=3 symidx=42 sh_info=40 addend=0x0 oob_shndx=0 oob_type=0 shndx=26 fixup=0
MBDBG oob bfd=threadqops.c.59.o relaxsec=.text._Thread_queue_Priority_inherit_enqueue victimsec=.text._Thread_queue_Priority_surrender rtype=3 symidx=43 sh_info=40 addend=0x0 oob_shndx=0 oob_type=0 shndx=26 fixup=0
MBDBG oob bfd=threadqops.c.59.o relaxsec=.text._Thread_queue_Priority_inherit_enqueue victimsec=.text._Thread_queue_Priority_inherit_surrender rtype=4 symidx=42 sh_info=40 addend=0x0 oob_shndx=0 oob_type=0 shndx=26 fixup=0
MBDBG oob bfd=threadqops.c.59.o relaxsec=.text._Thread_queue_Priority_inherit_enqueue victimsec=.text._Thread_queue_Priority_inherit_surrender rtype=4 symidx=43 sh_info=40 addend=0x0 oob_shndx=0 oob_type=0 shndx=26 fixup=0
MBDBG oob bfd=threadqops.c.59.o relaxsec=.text._Thread_queue_Priority_inherit_enqueue victimsec=.text._Thread_queue_Priority_inherit_surrender rtype=4 symidx=42 sh_info=40 addend=0x0 oob_shndx=0 oob_type=0 shndx=26 fixup=0
MBDBG oob bfd=threadqops.c.59.o relaxsec=.text._Thread_queue_Priority_inherit_enqueue victimsec=.text._Thread_queue_Priority_inherit_surrender rtype=4 symidx=43 sh_info=40 addend=0x0 oob_shndx=0 oob_type=0 shndx=26 fixup=0
MBDBG oob bfd=threadqops.c.59.o relaxsec=.text._Thread_queue_Priority_inherit_enqueue victimsec=.text._Thread_queue_Priority_inherit_surrender rtype=4 symidx=42 sh_info=40 addend=0x0 oob_shndx=0 oob_type=0 shndx=26 fixup=0
MBDBG oob bfd=threadqops.c.59.o relaxsec=.text._Thread_queue_Priority_inherit_enqueue victimsec=.text._Thread_queue_Priority_inherit_surrender rtype=4 symidx=44 sh_info=40 addend=0x0 oob_shndx=0 oob_type=0 shndx=26 fixup=0
MBDBG oob bfd=threadqops.c.59.o relaxsec=.text._Thread_queue_Priority_inherit_enqueue victimsec=.text._Thread_queue_Priority_inherit_surrender rtype=4 symidx=44 sh_info=40 addend=0x0 oob_shndx=0 oob_type=0 shndx=26 fixup=0
MBDBG oob bfd=threadqops.c.59.o relaxsec=.text._Thread_queue_Priority_inherit_enqueue victimsec=.text._Thread_queue_Priority_enqueue rtype=3 symidx=44 sh_info=40 addend=0x0 oob_shndx=0 oob_type=0 shndx=26 fixup=0
MBDBG oob bfd=threadrestart.c.59.o relaxsec=.text._Thread_Make_zombie victimsec=.text._Thread_Clear_waiting_for_join_at_exit rtype=3 symidx=34 sh_info=34 addend=0x0 oob_shndx=5177347 oob_type=0 shndx=11 fixup=0
MBDBG oob bfd=threadrestart.c.59.o relaxsec=.text._Thread_Make_zombie victimsec=.text._Thread_Change_life_locked rtype=5 symidx=35 sh_info=34 addend=0x14 oob_shndx=5439491 oob_type=0 shndx=11 fixup=0
MBDBG oob bfd=threadrestart.c.59.o relaxsec=.text._Thread_Make_zombie victimsec=.text._Thread_Try_life_change_request rtype=3 symidx=36 sh_info=34 addend=0x0 oob_shndx=5701635 oob_type=0 shndx=11 fixup=0
MBDBG oob bfd=threadrestart.c.59.o relaxsec=.text._Thread_Make_zombie victimsec=.text._Thread_Try_life_change_request rtype=3 symidx=37 sh_info=34 addend=0x0 oob_shndx=2305 oob_type=6 shndx=11 fixup=0
MBDBG oob bfd=threadrestart.c.59.o relaxsec=.text._Thread_Make_zombie victimsec=.text._Thread_Try_life_change_request rtype=3 symidx=38 sh_info=34 addend=0x0 oob_shndx=7535 oob_type=8 shndx=11 fixup=0
MBDBG oob bfd=threadrestart.c.59.o relaxsec=.text._Thread_Make_zombie victimsec=.text._Thread_Try_life_change_request rtype=3 symidx=39 sh_info=34 addend=0x0 oob_shndx=433 oob_type=1 shndx=11 fixup=0
MBDBG oob bfd=threadrestart.c.59.o relaxsec=.text._Thread_Make_zombie victimsec=.text._Thread_Try_life_change_request rtype=3 symidx=38 sh_info=34 addend=0x0 oob_shndx=7535 oob_type=8 shndx=11 fixup=0
MBDBG oob bfd=threadrestart.c.59.o relaxsec=.text._Thread_Make_zombie victimsec=.text._Thread_Life_action_handler rtype=5 symidx=46 sh_info=34 addend=0x0 oob_shndx=0 oob_type=0 shndx=11 fixup=0
MBDBG oob bfd=threadrestart.c.59.o relaxsec=.text._Thread_Make_zombie victimsec=.text._Thread_Life_action_handler rtype=5 symidx=35 sh_info=34 addend=0x0 oob_shndx=5439491 oob_type=0 shndx=11 fixup=0
MBDBG oob bfd=threadrestart.c.59.o relaxsec=.text._Thread_Make_zombie victimsec=.text._Thread_Life_action_handler rtype=3 symidx=47 sh_info=34 addend=0x0 oob_shndx=0 oob_type=0 shndx=11 fixup=0
MBDBG oob bfd=threadrestart.c.59.o relaxsec=.text._Thread_Make_zombie victimsec=.text._Thread_Life_action_handler rtype=5 symidx=35 sh_info=34 addend=0x0 oob_shndx=5439491 oob_type=0 shndx=11 fixup=0
MBDBG oob bfd=threadrestart.c.59.o relaxsec=.text._Thread_Make_zombie victimsec=.text._Thread_Life_action_handler rtype=3 symidx=48 sh_info=34 addend=0x0 oob_shndx=0 oob_type=1 shndx=11 fixup=0
MBDBG oob bfd=threadrestart.c.59.o relaxsec=.text._Thread_Make_zombie victimsec=.text._Thread_Life_action_handler rtype=5 symidx=49 sh_info=34 addend=0x0 oob_shndx=0 oob_type=13 shndx=11 fixup=0
MBDBG oob bfd=threadrestart.c.59.o relaxsec=.text._Thread_Make_zombie victimsec=.text._Thread_Life_action_handler rtype=3 symidx=47 sh_info=34 addend=0x0 oob_shndx=0 oob_type=0 shndx=11 fixup=0
MBDBG oob bfd=threadrestart.c.59.o relaxsec=.text._Thread_Make_zombie victimsec=.text._Thread_Life_action_handler rtype=5 symidx=35 sh_info=34 addend=0x0 oob_shndx=5439491 oob_type=0 shndx=11 fixup=0
MBDBG oob bfd=threadrestart.c.59.o relaxsec=.text._Thread_Make_zombie victimsec=.text._Thread_Life_action_handler rtype=3 symidx=50 sh_info=34 addend=0x0 oob_shndx=0 oob_type=6 shndx=11 fixup=0
MBDBG oob bfd=threadrestart.c.59.o relaxsec=.text._Thread_Make_zombie victimsec=.text._Thread_Life_action_handler rtype=3 symidx=51 sh_info=34 addend=0x0 oob_shndx=0 oob_type=1 shndx=11 fixup=0
MBDBG oob bfd=threadrestart.c.59.o relaxsec=.text._Thread_Make_zombie victimsec=.text._Thread_Life_action_handler rtype=3 symidx=39 sh_info=34 addend=0x0 oob_shndx=433 oob_type=1 shndx=11 fixup=0
MBDBG oob bfd=threadrestart.c.59.o relaxsec=.text._Thread_Make_zombie victimsec=.text._Thread_Life_action_handler rtype=3 symidx=52 sh_info=34 addend=0x0 oob_shndx=0 oob_type=7 shndx=11 fixup=0
MBDBG oob bfd=threadrestart.c.59.o relaxsec=.text._Thread_Make_zombie victimsec=.text._Thread_Kill_zombies rtype=5 symidx=43 sh_info=34 addend=0x0 oob_shndx=0 oob_type=0 shndx=11 fixup=0
MBDBG oob bfd=threadrestart.c.59.o relaxsec=.text._Thread_Make_zombie victimsec=.text._Thread_Kill_zombies rtype=5 symidx=40 sh_info=34 addend=0x0 oob_shndx=3329 oob_type=15 shndx=11 fixup=0
MBDBG oob bfd=threadrestart.c.59.o relaxsec=.text._Thread_Make_zombie victimsec=.text._Thread_Kill_zombies rtype=3 symidx=54 sh_info=34 addend=0x0 oob_shndx=0 oob_type=1 shndx=11 fixup=0
MBDBG oob bfd=threadrestart.c.59.o relaxsec=.text._Thread_Make_zombie victimsec=.text._Thread_Join rtype=5 symidx=56 sh_info=34 addend=0x0 oob_shndx=0 oob_type=13 shndx=11 fixup=0
MBDBG oob bfd=threadrestart.c.59.o relaxsec=.text._Thread_Make_zombie victimsec=.text._Thread_Join rtype=5 symidx=44 sh_info=34 addend=0x0 oob_shndx=0 oob_type=0 shndx=11 fixup=0
MBDBG oob bfd=threadrestart.c.59.o relaxsec=.text._Thread_Make_zombie victimsec=.text._Thread_Join rtype=3 symidx=57 sh_info=34 addend=0x0 oob_shndx=0 oob_type=1 shndx=11 fixup=0
MBDBG oob bfd=threadrestart.c.59.o relaxsec=.text._Thread_Make_zombie victimsec=.text._Thread_Cancel rtype=5 symidx=35 sh_info=34 addend=0x14 oob_shndx=5439491 oob_type=0 shndx=11 fixup=0
MBDBG oob bfd=threadrestart.c.59.o relaxsec=.text._Thread_Make_zombie victimsec=.text._Thread_Close rtype=5 symidx=35 sh_info=34 addend=0x0 oob_shndx=5439491 oob_type=0 shndx=11 fixup=0
MBDBG oob bfd=threadrestart.c.59.o relaxsec=.text._Thread_Make_zombie victimsec=.text._Thread_Close rtype=3 symidx=58 sh_info=34 addend=0x0 oob_shndx=0 oob_type=3 shndx=11 fixup=0
MBDBG oob bfd=threadrestart.c.59.o relaxsec=.text._Thread_Make_zombie victimsec=.text._Thread_Close rtype=5 symidx=44 sh_info=34 addend=0x0 oob_shndx=0 oob_type=0 shndx=11 fixup=0
MBDBG oob bfd=threadrestart.c.59.o relaxsec=.text._Thread_Make_zombie victimsec=.text._Thread_Close rtype=5 symidx=56 sh_info=34 addend=0x0 oob_shndx=0 oob_type=13 shndx=11 fixup=0
MBDBG oob bfd=threadrestart.c.59.o relaxsec=.text._Thread_Make_zombie victimsec=.text._Thread_Close rtype=3 symidx=57 sh_info=34 addend=0x0 oob_shndx=0 oob_type=1 shndx=11 fixup=0
MBDBG oob bfd=threadrestart.c.59.o relaxsec=.text._Thread_Make_zombie victimsec=.text._Thread_Close rtype=3 symidx=60 sh_info=34 addend=0x0 oob_shndx=0 oob_type=1 shndx=11 fixup=0
MBDBG oob bfd=threadrestart.c.59.o relaxsec=.text._Thread_Make_zombie victimsec=.text._Thread_Exit rtype=5 symidx=35 sh_info=34 addend=0x0 oob_shndx=5439491 oob_type=0 shndx=11 fixup=0
MBDBG oob bfd=threadrestart.c.59.o relaxsec=.text._Thread_Make_zombie victimsec=.text._Thread_Exit rtype=3 symidx=48 sh_info=34 addend=0x0 oob_shndx=0 oob_type=1 shndx=11 fixup=0
MBDBG oob bfd=threadrestart.c.59.o relaxsec=.text._Thread_Make_zombie victimsec=.text._Thread_Restart rtype=5 symidx=35 sh_info=34 addend=0x0 oob_shndx=5439491 oob_type=0 shndx=11 fixup=0
MBDBG oob bfd=threadrestart.c.59.o relaxsec=.text._Thread_Make_zombie victimsec=.text._Thread_Restart rtype=3 symidx=63 sh_info=34 addend=0x0 oob_shndx=0 oob_type=1 shndx=11 fixup=0
MBDBG oob bfd=threadrestart.c.59.o relaxsec=.text._Thread_Make_zombie victimsec=.text._Thread_Restart rtype=3 symidx=64 sh_info=34 addend=0x0 oob_shndx=0 oob_type=15 shndx=11 fixup=0
MBDBG oob bfd=threadrestart.c.59.o relaxsec=.text._Thread_Make_zombie victimsec=.text._Thread_Restart rtype=5 symidx=35 sh_info=34 addend=0x0 oob_shndx=5439491 oob_type=0 shndx=11 fixup=0
MBDBG oob bfd=threadrestart.c.59.o relaxsec=.text._Thread_Make_zombie victimsec=.text._Thread_Restart rtype=3 symidx=60 sh_info=34 addend=0x0 oob_shndx=0 oob_type=1 shndx=11 fixup=0
MBDBG oob bfd=threadrestart.c.59.o relaxsec=.text._Thread_Make_zombie victimsec=.text._Thread_Restart rtype=3 symidx=48 sh_info=34 addend=0x0 oob_shndx=0 oob_type=1 shndx=11 fixup=0
MBDBG oob bfd=threadrestart.c.59.o relaxsec=.text._Thread_Make_zombie victimsec=.text._Thread_Change_life rtype=5 symidx=35 sh_info=34 addend=0x0 oob_shndx=5439491 oob_type=0 shndx=11 fixup=0
MBDBG oob bfd=threadrestart.c.59.o relaxsec=.text._Thread_Make_zombie victimsec=.text._Thread_Change_life rtype=5 symidx=35 sh_info=34 addend=0x0 oob_shndx=5439491 oob_type=0 shndx=11 fixup=0
MBDBG oob bfd=threadrestart.c.59.o relaxsec=.text._Thread_Make_zombie victimsec=.text._Thread_Change_life rtype=3 symidx=60 sh_info=34 addend=0x0 oob_shndx=0 oob_type=1 shndx=11 fixup=0
MBDBG oob bfd=threadrestart.c.59.o relaxsec=.text._Thread_Make_zombie victimsec=.text._Thread_Set_life_protection rtype=5 symidx=35 sh_info=34 addend=0x0 oob_shndx=5439491 oob_type=0 shndx=11 fixup=0
MBDBG oob bfd=threadrestart.c.59.o relaxsec=.text._Thread_Make_zombie victimsec=.text._Thread_Set_life_protection rtype=5 symidx=35 sh_info=34 addend=0x0 oob_shndx=5439491 oob_type=0 shndx=11 fixup=0
MBDBG oob bfd=threadrestart.c.59.o relaxsec=.text._Thread_Make_zombie victimsec=.text._Thread_Set_life_protection rtype=3 symidx=60 sh_info=34 addend=0x0 oob_shndx=0 oob_type=1 shndx=11 fixup=0
MBDBG oob bfd=threadrestart.c.59.o relaxsec=.text._Thread_Life_action_handler victimsec=.text._Thread_Clear_waiting_for_join_at_exit rtype=3 symidx=34 sh_info=34 addend=0x0 oob_shndx=5177347 oob_type=0 shndx=13 fixup=0
MBDBG oob bfd=threadrestart.c.59.o relaxsec=.text._Thread_Life_action_handler victimsec=.text._Thread_Change_life_locked rtype=5 symidx=35 sh_info=34 addend=0x14 oob_shndx=5439491 oob_type=0 shndx=13 fixup=0
MBDBG oob bfd=threadrestart.c.59.o relaxsec=.text._Thread_Life_action_handler victimsec=.text._Thread_Try_life_change_request rtype=3 symidx=36 sh_info=34 addend=0x0 oob_shndx=5701635 oob_type=0 shndx=13 fixup=0
MBDBG oob bfd=threadrestart.c.59.o relaxsec=.text._Thread_Life_action_handler victimsec=.text._Thread_Try_life_change_request rtype=3 symidx=37 sh_info=34 addend=0x0 oob_shndx=2305 oob_type=6 shndx=13 fixup=0
MBDBG oob bfd=threadrestart.c.59.o relaxsec=.text._Thread_Life_action_handler victimsec=.text._Thread_Try_life_change_request rtype=3 symidx=38 sh_info=34 addend=0x0 oob_shndx=7535 oob_type=8 shndx=13 fixup=0
MBDBG oob bfd=threadrestart.c.59.o relaxsec=.text._Thread_Life_action_handler victimsec=.text._Thread_Try_life_change_request rtype=3 symidx=39 sh_info=34 addend=0x0 oob_shndx=433 oob_type=1 shndx=13 fixup=0
MBDBG oob bfd=threadrestart.c.59.o relaxsec=.text._Thread_Life_action_handler victimsec=.text._Thread_Try_life_change_request rtype=3 symidx=38 sh_info=34 addend=0x0 oob_shndx=7535 oob_type=8 shndx=13 fixup=0
MBDBG oob bfd=threadrestart.c.59.o relaxsec=.text._Thread_Life_action_handler victimsec=.text._Thread_Make_zombie rtype=5 symidx=40 sh_info=34 addend=0x0 oob_shndx=3329 oob_type=15 shndx=13 fixup=0
MBDBG oob bfd=threadrestart.c.59.o relaxsec=.text._Thread_Life_action_handler victimsec=.text._Thread_Make_zombie rtype=4 symidx=41 sh_info=34 addend=0x0 oob_shndx=0 oob_type=6 shndx=13 fixup=0
MBDBG oob bfd=threadrestart.c.59.o relaxsec=.text._Thread_Life_action_handler victimsec=.text._Thread_Make_zombie rtype=4 symidx=42 sh_info=34 addend=0x0 oob_shndx=0 oob_type=0 shndx=13 fixup=0
MBDBG oob bfd=threadrestart.c.59.o relaxsec=.text._Thread_Life_action_handler victimsec=.text._Thread_Make_zombie rtype=4 symidx=36 sh_info=34 addend=0x0 oob_shndx=5701635 oob_type=0 shndx=13 fixup=0
MBDBG oob bfd=threadrestart.c.59.o relaxsec=.text._Thread_Life_action_handler victimsec=.text._Thread_Make_zombie rtype=4 symidx=37 sh_info=34 addend=0x0 oob_shndx=2305 oob_type=6 shndx=13 fixup=0
MBDBG oob bfd=threadrestart.c.59.o relaxsec=.text._Thread_Life_action_handler victimsec=.text._Thread_Make_zombie rtype=5 symidx=43 sh_info=34 addend=0x0 oob_shndx=0 oob_type=0 shndx=13 fixup=0
MBDBG oob bfd=threadrestart.c.59.o relaxsec=.text._Thread_Life_action_handler victimsec=.text._Thread_Make_zombie rtype=5 symidx=44 sh_info=34 addend=0x0 oob_shndx=0 oob_type=0 shndx=13 fixup=0
MBDBG oob bfd=threadrestart.c.59.o relaxsec=.text._Thread_Life_action_handler victimsec=.text._Thread_Make_zombie rtype=4 symidx=45 sh_info=34 addend=0x0 oob_shndx=0 oob_type=0 shndx=13 fixup=0
MBDBG oob bfd=threadrestart.c.59.o relaxsec=.text._Thread_Life_action_handler victimsec=.text._Thread_Kill_zombies rtype=5 symidx=43 sh_info=34 addend=0x0 oob_shndx=0 oob_type=0 shndx=13 fixup=0
MBDBG oob bfd=threadrestart.c.59.o relaxsec=.text._Thread_Life_action_handler victimsec=.text._Thread_Kill_zombies rtype=5 symidx=40 sh_info=34 addend=0x0 oob_shndx=3329 oob_type=15 shndx=13 fixup=0
MBDBG oob bfd=threadrestart.c.59.o relaxsec=.text._Thread_Life_action_handler victimsec=.text._Thread_Kill_zombies rtype=3 symidx=54 sh_info=34 addend=0x0 oob_shndx=0 oob_type=1 shndx=13 fixup=0
MBDBG oob bfd=threadrestart.c.59.o relaxsec=.text._Thread_Life_action_handler victimsec=.text._Thread_Join rtype=5 symidx=56 sh_info=34 addend=0x0 oob_shndx=0 oob_type=13 shndx=13 fixup=0
MBDBG oob bfd=threadrestart.c.59.o relaxsec=.text._Thread_Life_action_handler victimsec=.text._Thread_Join rtype=5 symidx=44 sh_info=34 addend=0x0 oob_shndx=0 oob_type=0 shndx=13 fixup=0
MBDBG oob bfd=threadrestart.c.59.o relaxsec=.text._Thread_Life_action_handler victimsec=.text._Thread_Join rtype=3 symidx=57 sh_info=34 addend=0x0 oob_shndx=0 oob_type=1 shndx=13 fixup=0
MBDBG oob bfd=threadrestart.c.59.o relaxsec=.text._Thread_Life_action_handler victimsec=.text._Thread_Cancel rtype=5 symidx=35 sh_info=34 addend=0x14 oob_shndx=5439491 oob_type=0 shndx=13 fixup=0
MBDBG oob bfd=threadrestart.c.59.o relaxsec=.text._Thread_Life_action_handler victimsec=.text._Thread_Close rtype=5 symidx=35 sh_info=34 addend=0x0 oob_shndx=5439491 oob_type=0 shndx=13 fixup=0
MBDBG oob bfd=threadrestart.c.59.o relaxsec=.text._Thread_Life_action_handler victimsec=.text._Thread_Close rtype=3 symidx=58 sh_info=34 addend=0x0 oob_shndx=0 oob_type=3 shndx=13 fixup=0
MBDBG oob bfd=threadrestart.c.59.o relaxsec=.text._Thread_Life_action_handler victimsec=.text._Thread_Close rtype=5 symidx=44 sh_info=34 addend=0x0 oob_shndx=0 oob_type=0 shndx=13 fixup=0
MBDBG oob bfd=threadrestart.c.59.o relaxsec=.text._Thread_Life_action_handler victimsec=.text._Thread_Close rtype=5 symidx=56 sh_info=34 addend=0x0 oob_shndx=0 oob_type=13 shndx=13 fixup=0
MBDBG oob bfd=threadrestart.c.59.o relaxsec=.text._Thread_Life_action_handler victimsec=.text._Thread_Close rtype=3 symidx=57 sh_info=34 addend=0x0 oob_shndx=0 oob_type=1 shndx=13 fixup=0
MBDBG oob bfd=threadrestart.c.59.o relaxsec=.text._Thread_Life_action_handler victimsec=.text._Thread_Close rtype=3 symidx=60 sh_info=34 addend=0x0 oob_shndx=0 oob_type=1 shndx=13 fixup=0
MBDBG oob bfd=threadrestart.c.59.o relaxsec=.text._Thread_Life_action_handler victimsec=.text._Thread_Exit rtype=5 symidx=35 sh_info=34 addend=0x0 oob_shndx=5439491 oob_type=0 shndx=13 fixup=0
MBDBG oob bfd=threadrestart.c.59.o relaxsec=.text._Thread_Life_action_handler victimsec=.text._Thread_Exit rtype=3 symidx=48 sh_info=34 addend=0x0 oob_shndx=0 oob_type=1 shndx=13 fixup=0
MBDBG oob bfd=threadrestart.c.59.o relaxsec=.text._Thread_Life_action_handler victimsec=.text._Thread_Restart rtype=5 symidx=35 sh_info=34 addend=0x0 oob_shndx=5439491 oob_type=0 shndx=13 fixup=0
MBDBG oob bfd=threadrestart.c.59.o relaxsec=.text._Thread_Life_action_handler victimsec=.text._Thread_Restart rtype=3 symidx=63 sh_info=34 addend=0x0 oob_shndx=0 oob_type=1 shndx=13 fixup=0
MBDBG oob bfd=threadrestart.c.59.o relaxsec=.text._Thread_Life_action_handler victimsec=.text._Thread_Restart rtype=3 symidx=64 sh_info=34 addend=0x0 oob_shndx=0 oob_type=15 shndx=13 fixup=0
MBDBG oob bfd=threadrestart.c.59.o relaxsec=.text._Thread_Life_action_handler victimsec=.text._Thread_Restart rtype=5 symidx=35 sh_info=34 addend=0x0 oob_shndx=5439491 oob_type=0 shndx=13 fixup=0
MBDBG oob bfd=threadrestart.c.59.o relaxsec=.text._Thread_Life_action_handler victimsec=.text._Thread_Restart rtype=3 symidx=60 sh_info=34 addend=0x0 oob_shndx=0 oob_type=1 shndx=13 fixup=0
MBDBG oob bfd=threadrestart.c.59.o relaxsec=.text._Thread_Life_action_handler victimsec=.text._Thread_Restart rtype=3 symidx=48 sh_info=34 addend=0x0 oob_shndx=0 oob_type=1 shndx=13 fixup=0
MBDBG oob bfd=threadrestart.c.59.o relaxsec=.text._Thread_Life_action_handler victimsec=.text._Thread_Change_life rtype=5 symidx=35 sh_info=34 addend=0x0 oob_shndx=5439491 oob_type=0 shndx=13 fixup=0
MBDBG oob bfd=threadrestart.c.59.o relaxsec=.text._Thread_Life_action_handler victimsec=.text._Thread_Change_life rtype=5 symidx=35 sh_info=34 addend=0x0 oob_shndx=5439491 oob_type=0 shndx=13 fixup=0
MBDBG oob bfd=threadrestart.c.59.o relaxsec=.text._Thread_Life_action_handler victimsec=.text._Thread_Change_life rtype=3 symidx=60 sh_info=34 addend=0x0 oob_shndx=0 oob_type=1 shndx=13 fixup=0
MBDBG oob bfd=threadrestart.c.59.o relaxsec=.text._Thread_Life_action_handler victimsec=.text._Thread_Set_life_protection rtype=5 symidx=35 sh_info=34 addend=0x0 oob_shndx=5439491 oob_type=0 shndx=13 fixup=0
MBDBG oob bfd=threadrestart.c.59.o relaxsec=.text._Thread_Life_action_handler victimsec=.text._Thread_Set_life_protection rtype=5 symidx=35 sh_info=34 addend=0x0 oob_shndx=5439491 oob_type=0 shndx=13 fixup=0
MBDBG oob bfd=threadrestart.c.59.o relaxsec=.text._Thread_Life_action_handler victimsec=.text._Thread_Set_life_protection rtype=3 symidx=60 sh_info=34 addend=0x0 oob_shndx=0 oob_type=1 shndx=13 fixup=0
MBDBG oob bfd=threadrestart.c.59.o relaxsec=.text._Thread_Kill_zombies victimsec=.text._Thread_Clear_waiting_for_join_at_exit rtype=3 symidx=34 sh_info=34 addend=0x0 oob_shndx=5177347 oob_type=0 shndx=15 fixup=0
MBDBG oob bfd=threadrestart.c.59.o relaxsec=.text._Thread_Kill_zombies victimsec=.text._Thread_Change_life_locked rtype=5 symidx=35 sh_info=34 addend=0x14 oob_shndx=5439491 oob_type=0 shndx=15 fixup=0
MBDBG oob bfd=threadrestart.c.59.o relaxsec=.text._Thread_Kill_zombies victimsec=.text._Thread_Try_life_change_request rtype=3 symidx=36 sh_info=34 addend=0x0 oob_shndx=5701635 oob_type=0 shndx=15 fixup=0
MBDBG oob bfd=threadrestart.c.59.o relaxsec=.text._Thread_Kill_zombies victimsec=.text._Thread_Try_life_change_request rtype=3 symidx=37 sh_info=34 addend=0x0 oob_shndx=2305 oob_type=6 shndx=15 fixup=0
MBDBG oob bfd=threadrestart.c.59.o relaxsec=.text._Thread_Kill_zombies victimsec=.text._Thread_Try_life_change_request rtype=3 symidx=38 sh_info=34 addend=0x0 oob_shndx=7535 oob_type=8 shndx=15 fixup=0
MBDBG oob bfd=threadrestart.c.59.o relaxsec=.text._Thread_Kill_zombies victimsec=.text._Thread_Try_life_change_request rtype=3 symidx=39 sh_info=34 addend=0x0 oob_shndx=433 oob_type=1 shndx=15 fixup=0
MBDBG oob bfd=threadrestart.c.59.o relaxsec=.text._Thread_Kill_zombies victimsec=.text._Thread_Try_life_change_request rtype=3 symidx=38 sh_info=34 addend=0x0 oob_shndx=7535 oob_type=8 shndx=15 fixup=0
MBDBG oob bfd=threadrestart.c.59.o relaxsec=.text._Thread_Kill_zombies victimsec=.text._Thread_Make_zombie rtype=5 symidx=40 sh_info=34 addend=0x0 oob_shndx=3329 oob_type=15 shndx=15 fixup=0
MBDBG oob bfd=threadrestart.c.59.o relaxsec=.text._Thread_Kill_zombies victimsec=.text._Thread_Make_zombie rtype=4 symidx=41 sh_info=34 addend=0x0 oob_shndx=0 oob_type=6 shndx=15 fixup=0
MBDBG oob bfd=threadrestart.c.59.o relaxsec=.text._Thread_Kill_zombies victimsec=.text._Thread_Make_zombie rtype=4 symidx=42 sh_info=34 addend=0x0 oob_shndx=0 oob_type=0 shndx=15 fixup=0
MBDBG oob bfd=threadrestart.c.59.o relaxsec=.text._Thread_Kill_zombies victimsec=.text._Thread_Make_zombie rtype=4 symidx=36 sh_info=34 addend=0x0 oob_shndx=5701635 oob_type=0 shndx=15 fixup=0
MBDBG oob bfd=threadrestart.c.59.o relaxsec=.text._Thread_Kill_zombies victimsec=.text._Thread_Make_zombie rtype=4 symidx=37 sh_info=34 addend=0x0 oob_shndx=2305 oob_type=6 shndx=15 fixup=0
MBDBG oob bfd=threadrestart.c.59.o relaxsec=.text._Thread_Kill_zombies victimsec=.text._Thread_Make_zombie rtype=5 symidx=43 sh_info=34 addend=0x0 oob_shndx=0 oob_type=0 shndx=15 fixup=0
MBDBG oob bfd=threadrestart.c.59.o relaxsec=.text._Thread_Kill_zombies victimsec=.text._Thread_Make_zombie rtype=5 symidx=44 sh_info=34 addend=0x0 oob_shndx=0 oob_type=0 shndx=15 fixup=0
MBDBG oob bfd=threadrestart.c.59.o relaxsec=.text._Thread_Kill_zombies victimsec=.text._Thread_Make_zombie rtype=4 symidx=45 sh_info=34 addend=0x0 oob_shndx=0 oob_type=0 shndx=15 fixup=0
MBDBG oob bfd=threadrestart.c.59.o relaxsec=.text._Thread_Kill_zombies victimsec=.text._Thread_Life_action_handler rtype=5 symidx=46 sh_info=34 addend=0x0 oob_shndx=0 oob_type=0 shndx=15 fixup=0
MBDBG oob bfd=threadrestart.c.59.o relaxsec=.text._Thread_Kill_zombies victimsec=.text._Thread_Life_action_handler rtype=5 symidx=35 sh_info=34 addend=0x0 oob_shndx=5439491 oob_type=0 shndx=15 fixup=0
MBDBG oob bfd=threadrestart.c.59.o relaxsec=.text._Thread_Kill_zombies victimsec=.text._Thread_Life_action_handler rtype=4 symidx=47 sh_info=34 addend=0x0 oob_shndx=0 oob_type=0 shndx=15 fixup=0
MBDBG oob bfd=threadrestart.c.59.o relaxsec=.text._Thread_Kill_zombies victimsec=.text._Thread_Life_action_handler rtype=5 symidx=35 sh_info=34 addend=0x0 oob_shndx=5439491 oob_type=0 shndx=15 fixup=0
MBDBG oob bfd=threadrestart.c.59.o relaxsec=.text._Thread_Kill_zombies victimsec=.text._Thread_Life_action_handler rtype=3 symidx=48 sh_info=34 addend=0x0 oob_shndx=0 oob_type=1 shndx=15 fixup=0
MBDBG oob bfd=threadrestart.c.59.o relaxsec=.text._Thread_Kill_zombies victimsec=.text._Thread_Life_action_handler rtype=5 symidx=49 sh_info=34 addend=0x0 oob_shndx=0 oob_type=13 shndx=15 fixup=0
MBDBG oob bfd=threadrestart.c.59.o relaxsec=.text._Thread_Kill_zombies victimsec=.text._Thread_Life_action_handler rtype=4 symidx=47 sh_info=34 addend=0x0 oob_shndx=0 oob_type=0 shndx=15 fixup=0
MBDBG oob bfd=threadrestart.c.59.o relaxsec=.text._Thread_Kill_zombies victimsec=.text._Thread_Life_action_handler rtype=5 symidx=35 sh_info=34 addend=0x0 oob_shndx=5439491 oob_type=0 shndx=15 fixup=0
MBDBG oob bfd=threadrestart.c.59.o relaxsec=.text._Thread_Kill_zombies victimsec=.text._Thread_Life_action_handler rtype=4 symidx=50 sh_info=34 addend=0x0 oob_shndx=0 oob_type=6 shndx=15 fixup=0
MBDBG oob bfd=threadrestart.c.59.o relaxsec=.text._Thread_Kill_zombies victimsec=.text._Thread_Life_action_handler rtype=4 symidx=51 sh_info=34 addend=0x0 oob_shndx=0 oob_type=1 shndx=15 fixup=0
MBDBG oob bfd=threadrestart.c.59.o relaxsec=.text._Thread_Kill_zombies victimsec=.text._Thread_Life_action_handler rtype=4 symidx=39 sh_info=34 addend=0x0 oob_shndx=433 oob_type=1 shndx=15 fixup=0
MBDBG oob bfd=threadrestart.c.59.o relaxsec=.text._Thread_Kill_zombies victimsec=.text._Thread_Life_action_handler rtype=3 symidx=52 sh_info=34 addend=0x0 oob_shndx=0 oob_type=7 shndx=15 fixup=0
MBDBG oob bfd=threadrestart.c.59.o relaxsec=.text._Thread_Kill_zombies victimsec=.text._Thread_Join rtype=5 symidx=56 sh_info=34 addend=0x0 oob_shndx=0 oob_type=13 shndx=15 fixup=0
MBDBG oob bfd=threadrestart.c.59.o relaxsec=.text._Thread_Kill_zombies victimsec=.text._Thread_Join rtype=5 symidx=44 sh_info=34 addend=0x0 oob_shndx=0 oob_type=0 shndx=15 fixup=0
MBDBG oob bfd=threadrestart.c.59.o relaxsec=.text._Thread_Kill_zombies victimsec=.text._Thread_Join rtype=3 symidx=57 sh_info=34 addend=0x0 oob_shndx=0 oob_type=1 shndx=15 fixup=0
MBDBG oob bfd=threadrestart.c.59.o relaxsec=.text._Thread_Kill_zombies victimsec=.text._Thread_Cancel rtype=5 symidx=35 sh_info=34 addend=0x14 oob_shndx=5439491 oob_type=0 shndx=15 fixup=0
MBDBG oob bfd=threadrestart.c.59.o relaxsec=.text._Thread_Kill_zombies victimsec=.text._Thread_Close rtype=5 symidx=35 sh_info=34 addend=0x0 oob_shndx=5439491 oob_type=0 shndx=15 fixup=0
MBDBG oob bfd=threadrestart.c.59.o relaxsec=.text._Thread_Kill_zombies victimsec=.text._Thread_Close rtype=3 symidx=58 sh_info=34 addend=0x0 oob_shndx=0 oob_type=3 shndx=15 fixup=0
MBDBG oob bfd=threadrestart.c.59.o relaxsec=.text._Thread_Kill_zombies victimsec=.text._Thread_Close rtype=5 symidx=44 sh_info=34 addend=0x0 oob_shndx=0 oob_type=0 shndx=15 fixup=0
MBDBG oob bfd=threadrestart.c.59.o relaxsec=.text._Thread_Kill_zombies victimsec=.text._Thread_Close rtype=5 symidx=56 sh_info=34 addend=0x0 oob_shndx=0 oob_type=13 shndx=15 fixup=0
MBDBG oob bfd=threadrestart.c.59.o relaxsec=.text._Thread_Kill_zombies victimsec=.text._Thread_Close rtype=3 symidx=57 sh_info=34 addend=0x0 oob_shndx=0 oob_type=1 shndx=15 fixup=0
MBDBG oob bfd=threadrestart.c.59.o relaxsec=.text._Thread_Kill_zombies victimsec=.text._Thread_Close rtype=3 symidx=60 sh_info=34 addend=0x0 oob_shndx=0 oob_type=1 shndx=15 fixup=0
MBDBG oob bfd=threadrestart.c.59.o relaxsec=.text._Thread_Kill_zombies victimsec=.text._Thread_Exit rtype=5 symidx=35 sh_info=34 addend=0x0 oob_shndx=5439491 oob_type=0 shndx=15 fixup=0
MBDBG oob bfd=threadrestart.c.59.o relaxsec=.text._Thread_Kill_zombies victimsec=.text._Thread_Exit rtype=3 symidx=48 sh_info=34 addend=0x0 oob_shndx=0 oob_type=1 shndx=15 fixup=0
MBDBG oob bfd=threadrestart.c.59.o relaxsec=.text._Thread_Kill_zombies victimsec=.text._Thread_Restart rtype=5 symidx=35 sh_info=34 addend=0x0 oob_shndx=5439491 oob_type=0 shndx=15 fixup=0
MBDBG oob bfd=threadrestart.c.59.o relaxsec=.text._Thread_Kill_zombies victimsec=.text._Thread_Restart rtype=3 symidx=63 sh_info=34 addend=0x0 oob_shndx=0 oob_type=1 shndx=15 fixup=0
MBDBG oob bfd=threadrestart.c.59.o relaxsec=.text._Thread_Kill_zombies victimsec=.text._Thread_Restart rtype=3 symidx=64 sh_info=34 addend=0x0 oob_shndx=0 oob_type=15 shndx=15 fixup=0
MBDBG oob bfd=threadrestart.c.59.o relaxsec=.text._Thread_Kill_zombies victimsec=.text._Thread_Restart rtype=5 symidx=35 sh_info=34 addend=0x0 oob_shndx=5439491 oob_type=0 shndx=15 fixup=0
MBDBG oob bfd=threadrestart.c.59.o relaxsec=.text._Thread_Kill_zombies victimsec=.text._Thread_Restart rtype=3 symidx=60 sh_info=34 addend=0x0 oob_shndx=0 oob_type=1 shndx=15 fixup=0
MBDBG oob bfd=threadrestart.c.59.o relaxsec=.text._Thread_Kill_zombies victimsec=.text._Thread_Restart rtype=3 symidx=48 sh_info=34 addend=0x0 oob_shndx=0 oob_type=1 shndx=15 fixup=0
MBDBG oob bfd=threadrestart.c.59.o relaxsec=.text._Thread_Kill_zombies victimsec=.text._Thread_Change_life rtype=5 symidx=35 sh_info=34 addend=0x0 oob_shndx=5439491 oob_type=0 shndx=15 fixup=0
MBDBG oob bfd=threadrestart.c.59.o relaxsec=.text._Thread_Kill_zombies victimsec=.text._Thread_Change_life rtype=5 symidx=35 sh_info=34 addend=0x0 oob_shndx=5439491 oob_type=0 shndx=15 fixup=0
MBDBG oob bfd=threadrestart.c.59.o relaxsec=.text._Thread_Kill_zombies victimsec=.text._Thread_Change_life rtype=3 symidx=60 sh_info=34 addend=0x0 oob_shndx=0 oob_type=1 shndx=15 fixup=0
MBDBG oob bfd=threadrestart.c.59.o relaxsec=.text._Thread_Kill_zombies victimsec=.text._Thread_Set_life_protection rtype=5 symidx=35 sh_info=34 addend=0x0 oob_shndx=5439491 oob_type=0 shndx=15 fixup=0
MBDBG oob bfd=threadrestart.c.59.o relaxsec=.text._Thread_Kill_zombies victimsec=.text._Thread_Set_life_protection rtype=5 symidx=35 sh_info=34 addend=0x0 oob_shndx=5439491 oob_type=0 shndx=15 fixup=0
MBDBG oob bfd=threadrestart.c.59.o relaxsec=.text._Thread_Kill_zombies victimsec=.text._Thread_Set_life_protection rtype=3 symidx=60 sh_info=34 addend=0x0 oob_shndx=0 oob_type=1 shndx=15 fixup=0
MBDBG oob bfd=watchdogtick.c.59.o relaxsec=.text._Watchdog_Do_tickle victimsec=.text._Watchdog_Tick rtype=5 symidx=18 sh_info=15 addend=0x0 oob_shndx=3 oob_type=3 shndx=4 fixup=0
MBDBG oob bfd=watchdogtick.c.59.o relaxsec=.text._Watchdog_Do_tickle victimsec=.text._Watchdog_Tick rtype=5 symidx=18 sh_info=15 addend=0x0 oob_shndx=3 oob_type=3 shndx=4 fixup=0
MBDBG oob bfd=watchdogtick.c.59.o relaxsec=.text._Watchdog_Do_tickle victimsec=.text._Watchdog_Tick rtype=3 symidx=15 sh_info=15 addend=0x0 oob_shndx=0 oob_type=0 shndx=4 fixup=0
MBDBG oob bfd=watchdogtick.c.59.o relaxsec=.text._Watchdog_Do_tickle victimsec=.text._Watchdog_Tick rtype=3 symidx=19 sh_info=15 addend=0x0 oob_shndx=4 oob_type=3 shndx=4 fixup=0  <<< GUARD PASSED - CORRUPTING
MBDBG oob bfd=watchdogtick.c.59.o relaxsec=.text._Watchdog_Do_tickle victimsec=.text._Watchdog_Tick rtype=3 symidx=15 sh_info=15 addend=0x0 oob_shndx=0 oob_type=0 shndx=4 fixup=0
MBDBG oob bfd=watchdogtick.c.59.o relaxsec=.text._Watchdog_Do_tickle victimsec=.text._Watchdog_Tick rtype=3 symidx=20 sh_info=15 addend=0x0 oob_shndx=6 oob_type=3 shndx=4 fixup=0
MBDBG oob bfd=watchdogtick.c.59.o relaxsec=.text._Watchdog_Do_tickle victimsec=.text._Watchdog_Tick rtype=3 symidx=15 sh_info=15 addend=0x0 oob_shndx=0 oob_type=0 shndx=4 fixup=0
MBDBG oob bfd=cpu.c.45.o relaxsec=.text._CPU_Exception_frame_print victimsec=.text._CPU_Context_Initialize rtype=3 symidx=31 sh_info=29 addend=0x0 oob_shndx=2 oob_type=3 shndx=8 fixup=0
MBDBG oob bfd=cpu.c.45.o relaxsec=.text._CPU_Exception_frame_print victimsec=.text._CPU_Context_Initialize rtype=5 symidx=32 sh_info=29 addend=0x0 oob_shndx=3 oob_type=3 shndx=8 fixup=0
MBDBG oob bfd=cpu.c.45.o relaxsec=.text._CPU_Exception_frame_print victimsec=.text._CPU_Context_Initialize rtype=3 symidx=33 sh_info=29 addend=0x0 oob_shndx=4 oob_type=3 shndx=8 fixup=0
MBDBG oob bfd=cpu.c.45.o relaxsec=.text._CPU_Exception_frame_print victimsec=.text._CPU_Context_Initialize rtype=3 symidx=31 sh_info=29 addend=0x0 oob_shndx=2 oob_type=3 shndx=8 fixup=0
MBDBG oob bfd=cpu.c.45.o relaxsec=.text._CPU_Exception_frame_print victimsec=.text._CPU_ISR_install_vector rtype=5 symidx=39 sh_info=29 addend=0x0 oob_shndx=14 oob_type=3 shndx=8 fixup=0
MBDBG oob bfd=cpu.c.45.o relaxsec=.text._CPU_Exception_frame_print victimsec=.text._MicroBlaze_Exception_install_handler rtype=5 symidx=42 sh_info=29 addend=0x0 oob_shndx=20 oob_type=3 shndx=8 fixup=0
MBDBG oob bfd=cpu.c.45.o relaxsec=.text._CPU_Exception_frame_print victimsec=.text._MicroBlaze_Exception_install_handler rtype=5 symidx=42 sh_info=29 addend=0x0 oob_shndx=20 oob_type=3 shndx=8 fixup=0
MBDBG oob bfd=cpu.c.45.o relaxsec=.text._CPU_Exception_frame_print victimsec=.text._MicroBlaze_Exception_handle rtype=5 symidx=42 sh_info=29 addend=0x0 oob_shndx=20 oob_type=3 shndx=8 fixup=0
MBDBG oob bfd=cpu.c.45.o relaxsec=.text._CPU_Exception_frame_print victimsec=.text._MicroBlaze_Exception_handle rtype=3 symidx=44 sh_info=29 addend=0x0 oob_shndx=23 oob_type=3 shndx=8 fixup=0
MBDBG oob bfd=cpu.c.45.o relaxsec=.text._CPU_Exception_frame_print victimsec=.text._MicroBlaze_Debug_install_handler rtype=5 symidx=46 sh_info=29 addend=0x0 oob_shndx=1 oob_type=3 shndx=8 fixup=0
MBDBG oob bfd=cpu.c.45.o relaxsec=.text._CPU_Exception_frame_print victimsec=.text._MicroBlaze_Debug_install_handler rtype=5 symidx=46 sh_info=29 addend=0x0 oob_shndx=1 oob_type=3 shndx=8 fixup=0
MBDBG oob bfd=cpu.c.45.o relaxsec=.text._CPU_Exception_frame_print victimsec=.text._MicroBlaze_Debug_handle rtype=5 symidx=46 sh_info=29 addend=0x0 oob_shndx=1 oob_type=3 shndx=8 fixup=0
MBDBG oob bfd=cpu.c.45.o relaxsec=.text._CPU_Exception_frame_print victimsec=.text._MicroBlaze_Debug_handle rtype=3 symidx=44 sh_info=29 addend=0x0 oob_shndx=23 oob_type=3 shndx=8 fixup=0
MBDBG oob bfd=free.c.59.o relaxsec=.text.free victimsec=.text._Malloc_Process_deferred_frees rtype=3 symidx=17 sh_info=17 addend=0x0 oob_shndx=0 oob_type=0 shndx=4 fixup=0
MBDBG oob bfd=malloc.c.59.o relaxsec=.text.malloc victimsec=.text.malloc_usable_size rtype=3 symidx=19 sh_info=15 addend=0x0 oob_shndx=4 oob_type=3 shndx=4 fixup=0  <<< GUARD PASSED - CORRUPTING
MBDBG oob bfd=malloc.c.59.o relaxsec=.text.malloc victimsec=.text.malloc_usable_size rtype=5 symidx=20 sh_info=15 addend=0x0 oob_shndx=6 oob_type=3 shndx=4 fixup=0
MBDBG oob bfd=malloc.c.59.o relaxsec=.text.malloc victimsec=.text.malloc_usable_size rtype=3 symidx=21 sh_info=15 addend=0x0 oob_shndx=8 oob_type=3 shndx=4 fixup=0
MBDBG oob bfd=malloc.c.59.o relaxsec=.text.malloc victimsec=.text.malloc_usable_size rtype=5 symidx=20 sh_info=15 addend=0x0 oob_shndx=6 oob_type=3 shndx=4 fixup=0
MBDBG oob bfd=malloc.c.59.o relaxsec=.text.malloc victimsec=.text.malloc_usable_size rtype=3 symidx=22 sh_info=15 addend=0x0 oob_shndx=10 oob_type=3 shndx=4 fixup=0
MBDBG oob bfd=malloc_deferred.c.59.o relaxsec=.text.rtems_heap_allocate_aligned_with_boundary victimsec=.text._Malloc_System_state rtype=5 symidx=18 sh_info=17 addend=0x0 oob_shndx=1 oob_type=3 shndx=7 fixup=0
MBDBG oob bfd=malloc_deferred.c.59.o relaxsec=.text.rtems_heap_allocate_aligned_with_boundary victimsec=.text._Malloc_System_state rtype=5 symidx=19 sh_info=17 addend=0x10 oob_shndx=2 oob_type=3 shndx=7 fixup=0
MBDBG oob bfd=malloc_deferred.c.59.o relaxsec=.text.rtems_heap_allocate_aligned_with_boundary victimsec=.text.rtems_malloc rtype=3 symidx=21 sh_info=17 addend=0x0 oob_shndx=4 oob_type=3 shndx=7 fixup=0
MBDBG oob bfd=open.c.59.o relaxsec=.text.open victimsec=.text._open_r rtype=3 symidx=15 sh_info=15 addend=0x0 oob_shndx=0 oob_type=0 shndx=4 fixup=0
MBDBG oob bfd=deviceio.c.59.o relaxsec=.text.device_open victimsec=.text.device_close rtype=3 symidx=22 sh_info=19 addend=0x0 oob_shndx=3 oob_type=3 shndx=4 fixup=0
MBDBG oob bfd=deviceio.c.59.o relaxsec=.text.device_open victimsec=.text.device_read rtype=3 symidx=24 sh_info=19 addend=0x0 oob_shndx=6 oob_type=3 shndx=4 fixup=0
MBDBG oob bfd=deviceio.c.59.o relaxsec=.text.device_open victimsec=.text.device_write rtype=3 symidx=26 sh_info=19 addend=0x0 oob_shndx=10 oob_type=3 shndx=4 fixup=0
MBDBG oob bfd=deviceio.c.59.o relaxsec=.text.device_open victimsec=.text.device_ioctl rtype=3 symidx=28 sh_info=19 addend=0x0 oob_shndx=14 oob_type=3 shndx=4 fixup=0
MBDBG oob bfd=deviceio.c.59.o relaxsec=.text.device_close victimsec=.text.device_open rtype=4 symidx=20 sh_info=19 addend=0x0 oob_shndx=1 oob_type=3 shndx=6 fixup=0
MBDBG oob bfd=deviceio.c.59.o relaxsec=.text.device_close victimsec=.text.device_read rtype=3 symidx=24 sh_info=19 addend=0x0 oob_shndx=6 oob_type=3 shndx=6 fixup=0  <<< GUARD PASSED - CORRUPTING
MBDBG oob bfd=deviceio.c.59.o relaxsec=.text.device_close victimsec=.text.device_write rtype=3 symidx=26 sh_info=19 addend=0x0 oob_shndx=10 oob_type=3 shndx=6 fixup=0
MBDBG oob bfd=deviceio.c.59.o relaxsec=.text.device_close victimsec=.text.device_ioctl rtype=3 symidx=28 sh_info=19 addend=0x0 oob_shndx=14 oob_type=3 shndx=6 fixup=0
MBDBG oob bfd=deviceio.c.59.o relaxsec=.text.device_read victimsec=.text.device_open rtype=4 symidx=20 sh_info=19 addend=0x0 oob_shndx=1 oob_type=3 shndx=8 fixup=0
MBDBG oob bfd=deviceio.c.59.o relaxsec=.text.device_read victimsec=.text.device_close rtype=4 symidx=22 sh_info=19 addend=0x0 oob_shndx=3 oob_type=3 shndx=8 fixup=0
MBDBG oob bfd=deviceio.c.59.o relaxsec=.text.device_read victimsec=.text.device_write rtype=3 symidx=26 sh_info=19 addend=0x0 oob_shndx=10 oob_type=3 shndx=8 fixup=0
MBDBG oob bfd=deviceio.c.59.o relaxsec=.text.device_read victimsec=.text.device_ioctl rtype=3 symidx=28 sh_info=19 addend=0x0 oob_shndx=14 oob_type=3 shndx=8 fixup=0
MBDBG oob bfd=deviceio.c.59.o relaxsec=.text.device_write victimsec=.text.device_open rtype=4 symidx=20 sh_info=19 addend=0x0 oob_shndx=1 oob_type=3 shndx=10 fixup=0
MBDBG oob bfd=deviceio.c.59.o relaxsec=.text.device_write victimsec=.text.device_close rtype=4 symidx=22 sh_info=19 addend=0x0 oob_shndx=3 oob_type=3 shndx=10 fixup=0
MBDBG oob bfd=deviceio.c.59.o relaxsec=.text.device_write victimsec=.text.device_read rtype=4 symidx=24 sh_info=19 addend=0x0 oob_shndx=6 oob_type=3 shndx=10 fixup=0
MBDBG oob bfd=deviceio.c.59.o relaxsec=.text.device_write victimsec=.text.device_ioctl rtype=3 symidx=28 sh_info=19 addend=0x0 oob_shndx=14 oob_type=3 shndx=10 fixup=0
MBDBG oob bfd=deviceio.c.59.o relaxsec=.text.device_ioctl victimsec=.text.device_open rtype=4 symidx=20 sh_info=19 addend=0x0 oob_shndx=1 oob_type=3 shndx=12 fixup=0
MBDBG oob bfd=deviceio.c.59.o relaxsec=.text.device_ioctl victimsec=.text.device_close rtype=4 symidx=22 sh_info=19 addend=0x0 oob_shndx=3 oob_type=3 shndx=12 fixup=0
MBDBG oob bfd=deviceio.c.59.o relaxsec=.text.device_ioctl victimsec=.text.device_read rtype=4 symidx=24 sh_info=19 addend=0x0 oob_shndx=6 oob_type=3 shndx=12 fixup=0
MBDBG oob bfd=deviceio.c.59.o relaxsec=.text.device_ioctl victimsec=.text.device_write rtype=4 symidx=26 sh_info=19 addend=0x0 oob_shndx=10 oob_type=3 shndx=12 fixup=0
MBDBG oob bfd=taskcreate.c.59.o relaxsec=.text._RTEMS_tasks_Allocate_and_prepare_stack victimsec=.text.rtems_task_create rtype=3 symidx=21 sh_info=16 addend=0x0 oob_shndx=6 oob_type=3 shndx=4 fixup=0
MBDBG oob bfd=taskcreate.c.59.o relaxsec=.text.rtems_task_create victimsec=.text._RTEMS_tasks_Allocate_and_prepare_stack rtype=5 symidx=16 sh_info=16 addend=0x0 oob_shndx=0 oob_type=0 shndx=6 fixup=0
MBDBG oob bfd=taskcreate.c.59.o relaxsec=.text.rtems_task_create victimsec=.text._RTEMS_tasks_Allocate_and_prepare_stack rtype=5 symidx=17 sh_info=16 addend=0x0 oob_shndx=1 oob_type=3 shndx=6 fixup=0
MBDBG oob bfd=taskcreate.c.59.o relaxsec=.text.rtems_task_create victimsec=.text._RTEMS_tasks_Allocate_and_prepare_stack rtype=4 symidx=18 sh_info=16 addend=0x0 oob_shndx=2 oob_type=3 shndx=6 fixup=0
MBDBG oob bfd=taskcreate.c.59.o relaxsec=.text.rtems_task_create victimsec=.text._RTEMS_tasks_Allocate_and_prepare_stack rtype=4 symidx=19 sh_info=16 addend=0x0 oob_shndx=3 oob_type=3 shndx=6 fixup=0
MBDBG oob bfd=taskcreate.c.59.o relaxsec=.text.rtems_task_create victimsec=.text._RTEMS_tasks_Allocate_and_prepare_stack rtype=4 symidx=19 sh_info=16 addend=0x0 oob_shndx=3 oob_type=3 shndx=6 fixup=0
MBDBG oob bfd=exinit.c.59.o relaxsec=.text.rtems_initialize_data_structures victimsec=.text.rtems_initialize_executive rtype=5 symidx=35 sh_info=29 addend=0x0 oob_shndx=10 oob_type=3 shndx=5 fixup=0
MBDBG oob bfd=exinit.c.59.o relaxsec=.text.rtems_initialize_data_structures victimsec=.text.rtems_initialize_executive rtype=5 symidx=36 sh_info=29 addend=0x0 oob_shndx=5 oob_type=3 shndx=5 fixup=0  <<< GUARD PASSED - CORRUPTING
MBDBG oob bfd=exinit.c.59.o relaxsec=.text.rtems_initialize_data_structures victimsec=.text.rtems_initialize_executive rtype=5 symidx=37 sh_info=29 addend=0x0 oob_shndx=7 oob_type=3 shndx=5 fixup=0
MBDBG oob bfd=exinit.c.59.o relaxsec=.text.rtems_initialize_data_structures victimsec=.text.rtems_initialize_executive rtype=3 symidx=38 sh_info=29 addend=0x0 oob_shndx=13 oob_type=3 shndx=5 fixup=0
MBDBG oob bfd=exinit.c.59.o relaxsec=.text.rtems_initialize_executive victimsec=.text.rtems_initialize_data_structures rtype=3 symidx=29 sh_info=29 addend=0x0 oob_shndx=0 oob_type=0 shndx=7 fixup=0
MBDBG oob bfd=exinit.c.59.o relaxsec=.text.rtems_initialize_executive victimsec=.text.rtems_initialize_data_structures rtype=5 symidx=30 sh_info=29 addend=0x10 oob_shndx=1 oob_type=3 shndx=7 fixup=0
MBDBG oob bfd=exinit.c.59.o relaxsec=.text.rtems_initialize_executive victimsec=.text.rtems_initialize_data_structures rtype=4 symidx=31 sh_info=29 addend=0x0 oob_shndx=3 oob_type=3 shndx=7 fixup=0
MBDBG oob bfd=exinit.c.59.o relaxsec=.text.rtems_initialize_executive victimsec=.text.rtems_initialize_data_structures rtype=4 symidx=32 sh_info=29 addend=0x0 oob_shndx=4 oob_type=3 shndx=7 fixup=0
MBDBG oob bfd=exinit.c.59.o relaxsec=.text.rtems_initialize_executive victimsec=.text.rtems_initialize_data_structures rtype=4 symidx=33 sh_info=29 addend=0x0 oob_shndx=1 oob_type=0 shndx=7 fixup=0
MBDBG oob bfd=threadinitialize.c.59.o relaxsec=.text._Thread_Initialize victimsec=.text._Thread_Free rtype=5 symidx=16 sh_info=15 addend=0x0 oob_shndx=1 oob_type=3 shndx=6 fixup=0
MBDBG oob bfd=threadinitialize.c.59.o relaxsec=.text._Thread_Initialize victimsec=.text._Thread_Free rtype=3 symidx=17 sh_info=15 addend=0x0 oob_shndx=2 oob_type=3 shndx=6 fixup=0
MBDBG oob bfd=threadinitialize.c.59.o relaxsec=.text._Thread_Initialize victimsec=.text._Thread_Free rtype=5 symidx=18 sh_info=15 addend=0x0 oob_shndx=3 oob_type=3 shndx=6 fixup=0
MBDBG oob bfd=close.c.59.o relaxsec=.text.close victimsec=.text._close_r rtype=3 symidx=15 sh_info=15 addend=0x0 oob_shndx=0 oob_type=0 shndx=4 fixup=0
MBDBG oob bfd=libio.c.59.o relaxsec=.text.rtems_libio_from_fcntl_flags victimsec=.text.rtems_libio_allocate rtype=3 symidx=28 sh_info=23 addend=0x0 oob_shndx=6 oob_type=3 shndx=4 fixup=0
MBDBG oob bfd=libio.c.59.o relaxsec=.text.rtems_libio_from_fcntl_flags victimsec=.text.rtems_libio_allocate rtype=5 symidx=29 sh_info=23 addend=0x0 oob_shndx=8 oob_type=3 shndx=4 fixup=0
MBDBG oob bfd=libio.c.59.o relaxsec=.text.rtems_libio_from_fcntl_flags victimsec=.text.rtems_libio_allocate rtype=5 symidx=29 sh_info=23 addend=0x0 oob_shndx=8 oob_type=3 shndx=4 fixup=0
MBDBG oob bfd=libio.c.59.o relaxsec=.text.rtems_libio_from_fcntl_flags victimsec=.text.rtems_libio_allocate rtype=3 symidx=30 sh_info=23 addend=0x0 oob_shndx=10 oob_type=3 shndx=4 fixup=0
MBDBG oob bfd=libio.c.59.o relaxsec=.text.rtems_libio_from_fcntl_flags victimsec=.text.rtems_libio_allocate rtype=5 symidx=29 sh_info=23 addend=0x0 oob_shndx=8 oob_type=3 shndx=4 fixup=0
MBDBG oob bfd=libio.c.59.o relaxsec=.text.rtems_libio_from_fcntl_flags victimsec=.text.rtems_libio_allocate rtype=5 symidx=31 sh_info=23 addend=0x0 oob_shndx=11 oob_type=3 shndx=4 fixup=0
MBDBG oob bfd=libio.c.59.o relaxsec=.text.rtems_libio_from_fcntl_flags victimsec=.text.rtems_libio_allocate rtype=3 symidx=30 sh_info=23 addend=0x0 oob_shndx=10 oob_type=3 shndx=4 fixup=0
MBDBG oob bfd=libio.c.59.o relaxsec=.text.rtems_libio_from_fcntl_flags victimsec=.text.rtems_libio_free_iop rtype=3 symidx=28 sh_info=23 addend=0x0 oob_shndx=6 oob_type=3 shndx=4 fixup=0
MBDBG oob bfd=libio.c.59.o relaxsec=.text.rtems_libio_from_fcntl_flags victimsec=.text.rtems_libio_free_iop rtype=3 symidx=33 sh_info=23 addend=0x0 oob_shndx=15 oob_type=3 shndx=4 fixup=0
MBDBG oob bfd=libio.c.59.o relaxsec=.text.rtems_libio_from_fcntl_flags victimsec=.text.rtems_libio_free_iop rtype=3 symidx=34 sh_info=23 addend=0x0 oob_shndx=17 oob_type=3 shndx=4 fixup=0
MBDBG oob bfd=libio.c.59.o relaxsec=.text.rtems_libio_from_fcntl_flags victimsec=.text.rtems_libio_free_iop rtype=5 symidx=31 sh_info=23 addend=0x0 oob_shndx=11 oob_type=3 shndx=4 fixup=0
MBDBG oob bfd=libio.c.59.o relaxsec=.text.rtems_libio_from_fcntl_flags victimsec=.text.rtems_libio_free_iop rtype=5 symidx=31 sh_info=23 addend=0x0 oob_shndx=11 oob_type=3 shndx=4 fixup=0
MBDBG oob bfd=libio.c.59.o relaxsec=.text.rtems_libio_from_fcntl_flags victimsec=.text.rtems_libio_free_iop rtype=3 symidx=30 sh_info=23 addend=0x0 oob_shndx=10 oob_type=3 shndx=4 fixup=0
MBDBG oob bfd=libio.c.59.o relaxsec=.text.rtems_libio_from_fcntl_flags victimsec=.text.rtems_libio_count_open_iops rtype=5 symidx=36 sh_info=23 addend=0x0 oob_shndx=20 oob_type=3 shndx=4 fixup=0
MBDBG oob bfd=libio.c.59.o relaxsec=.text.rtems_libio_from_fcntl_flags victimsec=.text.rtems_libio_count_open_iops rtype=5 symidx=37 sh_info=23 addend=0x0 oob_shndx=0 oob_type=0 shndx=4 fixup=0
MBDBG oob bfd=libio.c.59.o relaxsec=.text.rtems_libio_free_iop victimsec=.text.rtems_libio_from_fcntl_flags rtype=4 symidx=24 sh_info=23 addend=0x0 oob_shndx=1 oob_type=3 shndx=10 fixup=0
MBDBG oob bfd=libio.c.59.o relaxsec=.text.rtems_libio_free_iop victimsec=.text.rtems_libio_from_fcntl_flags rtype=4 symidx=25 sh_info=23 addend=0x0 oob_shndx=2 oob_type=3 shndx=10 fixup=0
MBDBG oob bfd=libio.c.59.o relaxsec=.text.rtems_libio_free_iop victimsec=.text.rtems_libio_allocate rtype=3 symidx=28 sh_info=23 addend=0x0 oob_shndx=6 oob_type=3 shndx=10 fixup=0
MBDBG oob bfd=libio.c.59.o relaxsec=.text.rtems_libio_free_iop victimsec=.text.rtems_libio_allocate rtype=5 symidx=29 sh_info=23 addend=0x0 oob_shndx=8 oob_type=3 shndx=10 fixup=0
MBDBG oob bfd=libio.c.59.o relaxsec=.text.rtems_libio_free_iop victimsec=.text.rtems_libio_allocate rtype=5 symidx=29 sh_info=23 addend=0x0 oob_shndx=8 oob_type=3 shndx=10 fixup=0
MBDBG oob bfd=libio.c.59.o relaxsec=.text.rtems_libio_free_iop victimsec=.text.rtems_libio_allocate rtype=3 symidx=30 sh_info=23 addend=0x0 oob_shndx=10 oob_type=3 shndx=10 fixup=0  <<< GUARD PASSED - CORRUPTING
MBDBG oob bfd=libio.c.59.o relaxsec=.text.rtems_libio_free_iop victimsec=.text.rtems_libio_allocate rtype=5 symidx=29 sh_info=23 addend=0x0 oob_shndx=8 oob_type=3 shndx=10 fixup=0
MBDBG oob bfd=libio.c.59.o relaxsec=.text.rtems_libio_free_iop victimsec=.text.rtems_libio_allocate rtype=5 symidx=31 sh_info=23 addend=0x0 oob_shndx=11 oob_type=3 shndx=10 fixup=0
MBDBG oob bfd=libio.c.59.o relaxsec=.text.rtems_libio_free_iop victimsec=.text.rtems_libio_allocate rtype=3 symidx=30 sh_info=23 addend=0x0 oob_shndx=10 oob_type=3 shndx=10 fixup=0  <<< GUARD PASSED - CORRUPTING
MBDBG oob bfd=libio.c.59.o relaxsec=.text.rtems_libio_free_iop victimsec=.text.rtems_libio_count_open_iops rtype=5 symidx=36 sh_info=23 addend=0x0 oob_shndx=20 oob_type=3 shndx=10 fixup=0
MBDBG oob bfd=libio.c.59.o relaxsec=.text.rtems_libio_free_iop victimsec=.text.rtems_libio_count_open_iops rtype=5 symidx=37 sh_info=23 addend=0x0 oob_shndx=0 oob_type=0 shndx=10 fixup=0
MBDBG oob bfd=sup_fs_deviceio.c.59.o relaxsec=.text.rtems_deviceio_open victimsec=.text.rtems_deviceio_close rtype=3 symidx=22 sh_info=18 addend=0x0 oob_shndx=4 oob_type=3 shndx=4 fixup=0  <<< GUARD PASSED - CORRUPTING
MBDBG oob bfd=sup_fs_deviceio.c.59.o relaxsec=.text.rtems_deviceio_open victimsec=.text.rtems_deviceio_close rtype=3 symidx=20 sh_info=18 addend=0x0 oob_shndx=2 oob_type=3 shndx=4 fixup=0
MBDBG oob bfd=sup_fs_deviceio.c.59.o relaxsec=.text.rtems_deviceio_open victimsec=.text.rtems_deviceio_read rtype=3 symidx=24 sh_info=18 addend=0x0 oob_shndx=8 oob_type=3 shndx=4 fixup=0
MBDBG oob bfd=sup_fs_deviceio.c.59.o relaxsec=.text.rtems_deviceio_open victimsec=.text.rtems_deviceio_read rtype=3 symidx=20 sh_info=18 addend=0x0 oob_shndx=2 oob_type=3 shndx=4 fixup=0
MBDBG oob bfd=sup_fs_deviceio.c.59.o relaxsec=.text.rtems_deviceio_open victimsec=.text.rtems_deviceio_write rtype=3 symidx=26 sh_info=18 addend=0x0 oob_shndx=11 oob_type=3 shndx=4 fixup=0
MBDBG oob bfd=sup_fs_deviceio.c.59.o relaxsec=.text.rtems_deviceio_open victimsec=.text.rtems_deviceio_write rtype=3 symidx=20 sh_info=18 addend=0x0 oob_shndx=2 oob_type=3 shndx=4 fixup=0
MBDBG oob bfd=sup_fs_deviceio.c.59.o relaxsec=.text.rtems_deviceio_open victimsec=.text.rtems_deviceio_control rtype=3 symidx=28 sh_info=18 addend=0x0 oob_shndx=15 oob_type=3 shndx=4 fixup=0
MBDBG oob bfd=sup_fs_deviceio.c.59.o relaxsec=.text.rtems_deviceio_open victimsec=.text.rtems_deviceio_control rtype=3 symidx=20 sh_info=18 addend=0x0 oob_shndx=2 oob_type=3 shndx=4 fixup=0
MBDBG oob bfd=sup_fs_deviceio.c.59.o relaxsec=.text.rtems_deviceio_close victimsec=.text.rtems_deviceio_open rtype=4 symidx=19 sh_info=18 addend=0x0 oob_shndx=1 oob_type=3 shndx=6 fixup=0
MBDBG oob bfd=sup_fs_deviceio.c.59.o relaxsec=.text.rtems_deviceio_close victimsec=.text.rtems_deviceio_open rtype=4 symidx=20 sh_info=18 addend=0x0 oob_shndx=2 oob_type=3 shndx=6 fixup=0
MBDBG oob bfd=sup_fs_deviceio.c.59.o relaxsec=.text.rtems_deviceio_close victimsec=.text.rtems_deviceio_read rtype=3 symidx=24 sh_info=18 addend=0x0 oob_shndx=8 oob_type=3 shndx=6 fixup=0
MBDBG oob bfd=sup_fs_deviceio.c.59.o relaxsec=.text.rtems_deviceio_close victimsec=.text.rtems_deviceio_read rtype=3 symidx=20 sh_info=18 addend=0x0 oob_shndx=2 oob_type=3 shndx=6 fixup=0
MBDBG oob bfd=sup_fs_deviceio.c.59.o relaxsec=.text.rtems_deviceio_close victimsec=.text.rtems_deviceio_write rtype=3 symidx=26 sh_info=18 addend=0x0 oob_shndx=11 oob_type=3 shndx=6 fixup=0
MBDBG oob bfd=sup_fs_deviceio.c.59.o relaxsec=.text.rtems_deviceio_close victimsec=.text.rtems_deviceio_write rtype=3 symidx=20 sh_info=18 addend=0x0 oob_shndx=2 oob_type=3 shndx=6 fixup=0
MBDBG oob bfd=sup_fs_deviceio.c.59.o relaxsec=.text.rtems_deviceio_close victimsec=.text.rtems_deviceio_control rtype=3 symidx=28 sh_info=18 addend=0x0 oob_shndx=15 oob_type=3 shndx=6 fixup=0
MBDBG oob bfd=sup_fs_deviceio.c.59.o relaxsec=.text.rtems_deviceio_close victimsec=.text.rtems_deviceio_control rtype=3 symidx=20 sh_info=18 addend=0x0 oob_shndx=2 oob_type=3 shndx=6 fixup=0
MBDBG oob bfd=sup_fs_deviceio.c.59.o relaxsec=.text.rtems_deviceio_read victimsec=.text.rtems_deviceio_open rtype=4 symidx=19 sh_info=18 addend=0x0 oob_shndx=1 oob_type=3 shndx=8 fixup=0
MBDBG oob bfd=sup_fs_deviceio.c.59.o relaxsec=.text.rtems_deviceio_read victimsec=.text.rtems_deviceio_open rtype=4 symidx=20 sh_info=18 addend=0x0 oob_shndx=2 oob_type=3 shndx=8 fixup=0
MBDBG oob bfd=sup_fs_deviceio.c.59.o relaxsec=.text.rtems_deviceio_read victimsec=.text.rtems_deviceio_close rtype=4 symidx=22 sh_info=18 addend=0x0 oob_shndx=4 oob_type=3 shndx=8 fixup=0
MBDBG oob bfd=sup_fs_deviceio.c.59.o relaxsec=.text.rtems_deviceio_read victimsec=.text.rtems_deviceio_close rtype=4 symidx=20 sh_info=18 addend=0x0 oob_shndx=2 oob_type=3 shndx=8 fixup=0
MBDBG oob bfd=sup_fs_deviceio.c.59.o relaxsec=.text.rtems_deviceio_read victimsec=.text.rtems_deviceio_write rtype=3 symidx=26 sh_info=18 addend=0x0 oob_shndx=11 oob_type=3 shndx=8 fixup=0
MBDBG oob bfd=sup_fs_deviceio.c.59.o relaxsec=.text.rtems_deviceio_read victimsec=.text.rtems_deviceio_write rtype=3 symidx=20 sh_info=18 addend=0x0 oob_shndx=2 oob_type=3 shndx=8 fixup=0
MBDBG oob bfd=sup_fs_deviceio.c.59.o relaxsec=.text.rtems_deviceio_read victimsec=.text.rtems_deviceio_control rtype=3 symidx=28 sh_info=18 addend=0x0 oob_shndx=15 oob_type=3 shndx=8 fixup=0
MBDBG oob bfd=sup_fs_deviceio.c.59.o relaxsec=.text.rtems_deviceio_read victimsec=.text.rtems_deviceio_control rtype=3 symidx=20 sh_info=18 addend=0x0 oob_shndx=2 oob_type=3 shndx=8 fixup=0
MBDBG oob bfd=sup_fs_deviceio.c.59.o relaxsec=.text.rtems_deviceio_write victimsec=.text.rtems_deviceio_open rtype=4 symidx=19 sh_info=18 addend=0x0 oob_shndx=1 oob_type=3 shndx=10 fixup=0
MBDBG oob bfd=sup_fs_deviceio.c.59.o relaxsec=.text.rtems_deviceio_write victimsec=.text.rtems_deviceio_open rtype=4 symidx=20 sh_info=18 addend=0x0 oob_shndx=2 oob_type=3 shndx=10 fixup=0
MBDBG oob bfd=sup_fs_deviceio.c.59.o relaxsec=.text.rtems_deviceio_write victimsec=.text.rtems_deviceio_close rtype=4 symidx=22 sh_info=18 addend=0x0 oob_shndx=4 oob_type=3 shndx=10 fixup=0
MBDBG oob bfd=sup_fs_deviceio.c.59.o relaxsec=.text.rtems_deviceio_write victimsec=.text.rtems_deviceio_close rtype=4 symidx=20 sh_info=18 addend=0x0 oob_shndx=2 oob_type=3 shndx=10 fixup=0
MBDBG oob bfd=sup_fs_deviceio.c.59.o relaxsec=.text.rtems_deviceio_write victimsec=.text.rtems_deviceio_read rtype=4 symidx=24 sh_info=18 addend=0x0 oob_shndx=8 oob_type=3 shndx=10 fixup=0
MBDBG oob bfd=sup_fs_deviceio.c.59.o relaxsec=.text.rtems_deviceio_write victimsec=.text.rtems_deviceio_read rtype=4 symidx=20 sh_info=18 addend=0x0 oob_shndx=2 oob_type=3 shndx=10 fixup=0
MBDBG oob bfd=sup_fs_deviceio.c.59.o relaxsec=.text.rtems_deviceio_write victimsec=.text.rtems_deviceio_control rtype=3 symidx=28 sh_info=18 addend=0x0 oob_shndx=15 oob_type=3 shndx=10 fixup=0
MBDBG oob bfd=sup_fs_deviceio.c.59.o relaxsec=.text.rtems_deviceio_write victimsec=.text.rtems_deviceio_control rtype=3 symidx=20 sh_info=18 addend=0x0 oob_shndx=2 oob_type=3 shndx=10 fixup=0
MBDBG oob bfd=sup_fs_deviceio.c.59.o relaxsec=.text.rtems_deviceio_control victimsec=.text.rtems_deviceio_open rtype=4 symidx=19 sh_info=18 addend=0x0 oob_shndx=1 oob_type=3 shndx=12 fixup=0
MBDBG oob bfd=sup_fs_deviceio.c.59.o relaxsec=.text.rtems_deviceio_control victimsec=.text.rtems_deviceio_open rtype=4 symidx=20 sh_info=18 addend=0x0 oob_shndx=2 oob_type=3 shndx=12 fixup=0
MBDBG oob bfd=sup_fs_deviceio.c.59.o relaxsec=.text.rtems_deviceio_control victimsec=.text.rtems_deviceio_close rtype=4 symidx=22 sh_info=18 addend=0x0 oob_shndx=4 oob_type=3 shndx=12 fixup=0
MBDBG oob bfd=sup_fs_deviceio.c.59.o relaxsec=.text.rtems_deviceio_control victimsec=.text.rtems_deviceio_close rtype=4 symidx=20 sh_info=18 addend=0x0 oob_shndx=2 oob_type=3 shndx=12 fixup=0
MBDBG oob bfd=sup_fs_deviceio.c.59.o relaxsec=.text.rtems_deviceio_control victimsec=.text.rtems_deviceio_read rtype=4 symidx=24 sh_info=18 addend=0x0 oob_shndx=8 oob_type=3 shndx=12 fixup=0
MBDBG oob bfd=sup_fs_deviceio.c.59.o relaxsec=.text.rtems_deviceio_control victimsec=.text.rtems_deviceio_read rtype=4 symidx=20 sh_info=18 addend=0x0 oob_shndx=2 oob_type=3 shndx=12 fixup=0
MBDBG oob bfd=sup_fs_deviceio.c.59.o relaxsec=.text.rtems_deviceio_control victimsec=.text.rtems_deviceio_write rtype=4 symidx=26 sh_info=18 addend=0x0 oob_shndx=11 oob_type=3 shndx=12 fixup=0
MBDBG oob bfd=sup_fs_deviceio.c.59.o relaxsec=.text.rtems_deviceio_control victimsec=.text.rtems_deviceio_write rtype=4 symidx=20 sh_info=18 addend=0x0 oob_shndx=2 oob_type=3 shndx=12 fixup=0
MBDBG oob bfd=taskconstruct.c.59.o relaxsec=.text._RTEMS_tasks_Manager_initialization victimsec=.text._RTEMS_tasks_Prepare_user_stack rtype=3 symidx=24 sh_info=24 addend=0x0 oob_shndx=0 oob_type=0 shndx=7 fixup=0
MBDBG oob bfd=taskconstruct.c.59.o relaxsec=.text._RTEMS_tasks_Manager_initialization victimsec=.text._RTEMS_tasks_Prepare_user_stack rtype=5 symidx=25 sh_info=24 addend=0x0 oob_shndx=1 oob_type=3 shndx=7 fixup=0
MBDBG oob bfd=taskconstruct.c.59.o relaxsec=.text._RTEMS_tasks_Manager_initialization victimsec=.text._RTEMS_tasks_Prepare_user_stack rtype=5 symidx=26 sh_info=24 addend=0x0 oob_shndx=2 oob_type=3 shndx=7 fixup=0
MBDBG oob bfd=taskconstruct.c.59.o relaxsec=.text._RTEMS_tasks_Manager_initialization victimsec=.text._RTEMS_tasks_Create rtype=5 symidx=31 sh_info=24 addend=0x0 oob_shndx=10 oob_type=3 shndx=7 fixup=0
MBDBG oob bfd=taskconstruct.c.59.o relaxsec=.text._RTEMS_tasks_Manager_initialization victimsec=.text._RTEMS_tasks_Create rtype=5 symidx=32 sh_info=24 addend=0x0 oob_shndx=12 oob_type=3 shndx=7 fixup=0
MBDBG oob bfd=taskconstruct.c.59.o relaxsec=.text._RTEMS_tasks_Manager_initialization victimsec=.text._RTEMS_tasks_Create rtype=5 symidx=27 sh_info=24 addend=0x0 oob_shndx=3 oob_type=3 shndx=7 fixup=0
MBDBG oob bfd=taskconstruct.c.59.o relaxsec=.text._RTEMS_tasks_Manager_initialization victimsec=.text._RTEMS_tasks_Create rtype=3 symidx=33 sh_info=24 addend=0x0 oob_shndx=14 oob_type=3 shndx=7 fixup=0
MBDBG oob bfd=taskconstruct.c.59.o relaxsec=.text._RTEMS_tasks_Manager_initialization victimsec=.text._RTEMS_tasks_Create rtype=3 symidx=34 sh_info=24 addend=0x0 oob_shndx=15 oob_type=3 shndx=7 fixup=0
MBDBG oob bfd=taskconstruct.c.59.o relaxsec=.text._RTEMS_tasks_Manager_initialization victimsec=.text._RTEMS_tasks_Create rtype=3 symidx=35 sh_info=24 addend=0x0 oob_shndx=17 oob_type=3 shndx=7 fixup=0
MBDBG oob bfd=taskconstruct.c.59.o relaxsec=.text._RTEMS_tasks_Manager_initialization victimsec=.text._RTEMS_tasks_Create rtype=3 symidx=36 sh_info=24 addend=0x0 oob_shndx=19 oob_type=3 shndx=7 fixup=0
MBDBG oob bfd=taskconstruct.c.59.o relaxsec=.text._RTEMS_tasks_Manager_initialization victimsec=.text._RTEMS_tasks_Create rtype=3 symidx=35 sh_info=24 addend=0x0 oob_shndx=17 oob_type=3 shndx=7 fixup=0
MBDBG oob bfd=taskconstruct.c.59.o relaxsec=.text._RTEMS_tasks_Manager_initialization victimsec=.text.rtems_task_construct rtype=3 symidx=30 sh_info=24 addend=0x0 oob_shndx=8 oob_type=3 shndx=7 fixup=0
MBDBG oob bfd=clock.c.2.o relaxsec=.text.microblaze_tc_get_timecount victimsec=.text.Clock_isr rtype=5 symidx=29 sh_info=27 addend=0x0 oob_shndx=2 oob_type=3 shndx=6 fixup=0
MBDBG oob bfd=clock.c.2.o relaxsec=.text.microblaze_tc_get_timecount victimsec=.text.Clock_isr rtype=5 symidx=29 sh_info=27 addend=0x0 oob_shndx=2 oob_type=3 shndx=6 fixup=0
MBDBG oob bfd=clock.c.2.o relaxsec=.text.microblaze_tc_get_timecount victimsec=.text.Clock_isr rtype=3 symidx=27 sh_info=27 addend=0x0 oob_shndx=0 oob_type=0 shndx=6 fixup=0
MBDBG oob bfd=clock.c.2.o relaxsec=.text.microblaze_tc_get_timecount victimsec=.text.Clock_isr rtype=5 symidx=30 sh_info=27 addend=0x0 oob_shndx=3 oob_type=3 shndx=6 fixup=0
MBDBG oob bfd=clock.c.2.o relaxsec=.text.microblaze_tc_get_timecount victimsec=.text.Clock_isr rtype=3 symidx=31 sh_info=27 addend=0x0 oob_shndx=4 oob_type=3 shndx=6 fixup=0
MBDBG oob bfd=clock.c.2.o relaxsec=.text.microblaze_tc_get_timecount victimsec=.text.Clock_isr rtype=5 symidx=32 sh_info=27 addend=0x0 oob_shndx=6 oob_type=3 shndx=6 fixup=0  <<< GUARD PASSED - CORRUPTING
MBDBG oob bfd=clock.c.2.o relaxsec=.text.microblaze_tc_get_timecount victimsec=.text.Clock_isr rtype=5 symidx=33 sh_info=27 addend=0x0 oob_shndx=8 oob_type=3 shndx=6 fixup=0
MBDBG oob bfd=clock.c.2.o relaxsec=.text.microblaze_tc_get_timecount victimsec=.text.Clock_isr rtype=3 symidx=27 sh_info=27 addend=0x0 oob_shndx=0 oob_type=0 shndx=6 fixup=0
MBDBG oob bfd=clock.c.2.o relaxsec=.text.microblaze_tc_get_timecount victimsec=.text.Clock_isr rtype=3 symidx=34 sh_info=27 addend=0x0 oob_shndx=10 oob_type=3 shndx=6 fixup=0
MBDBG oob bfd=clock.c.2.o relaxsec=.text.microblaze_tc_get_timecount victimsec=.text.Clock_isr rtype=3 symidx=31 sh_info=27 addend=0x0 oob_shndx=4 oob_type=3 shndx=6 fixup=0
MBDBG oob bfd=clock.c.2.o relaxsec=.text.microblaze_tc_get_timecount victimsec=.text._Clock_Initialize rtype=5 symidx=28 sh_info=27 addend=0x0 oob_shndx=1 oob_type=3 shndx=6 fixup=0
MBDBG oob bfd=clock.c.2.o relaxsec=.text.microblaze_tc_get_timecount victimsec=.text._Clock_Initialize rtype=5 symidx=29 sh_info=27 addend=0x0 oob_shndx=2 oob_type=3 shndx=6 fixup=0
MBDBG oob bfd=clock.c.2.o relaxsec=.text.microblaze_tc_get_timecount victimsec=.text._Clock_Initialize rtype=3 symidx=36 sh_info=27 addend=0x0 oob_shndx=13 oob_type=3 shndx=6 fixup=0
MBDBG oob bfd=clock.c.2.o relaxsec=.text.microblaze_tc_get_timecount victimsec=.text._Clock_Initialize rtype=3 symidx=37 sh_info=27 addend=0x0 oob_shndx=15 oob_type=3 shndx=6 fixup=0
MBDBG oob bfd=clock.c.2.o relaxsec=.text.microblaze_tc_get_timecount victimsec=.text._Clock_Initialize rtype=3 symidx=36 sh_info=27 addend=0x0 oob_shndx=13 oob_type=3 shndx=6 fixup=0
MBDBG oob bfd=clock.c.2.o relaxsec=.text.microblaze_tc_get_timecount victimsec=.text._Clock_Initialize rtype=3 symidx=36 sh_info=27 addend=0x0 oob_shndx=13 oob_type=3 shndx=6 fixup=0
MBDBG oob bfd=clock.c.2.o relaxsec=.text.microblaze_tc_get_timecount victimsec=.text._Clock_Initialize rtype=5 symidx=33 sh_info=27 addend=0x0 oob_shndx=8 oob_type=3 shndx=6 fixup=0
MBDBG oob bfd=clock.c.2.o relaxsec=.text.microblaze_tc_get_timecount victimsec=.text._Clock_Initialize rtype=3 symidx=27 sh_info=27 addend=0x0 oob_shndx=0 oob_type=0 shndx=6 fixup=0
MBDBG oob bfd=clock.c.2.o relaxsec=.text.microblaze_tc_get_timecount victimsec=.text._Clock_Initialize rtype=3 symidx=34 sh_info=27 addend=0x0 oob_shndx=10 oob_type=3 shndx=6 fixup=0
MBDBG oob bfd=clock.c.2.o relaxsec=.text.microblaze_tc_get_timecount victimsec=.text._Clock_Initialize rtype=3 symidx=38 sh_info=27 addend=0x0 oob_shndx=17 oob_type=3 shndx=6 fixup=0
MBDBG oob bfd=clock.c.2.o relaxsec=.text.microblaze_tc_get_timecount victimsec=.text._Clock_Initialize rtype=3 symidx=39 sh_info=27 addend=0x0 oob_shndx=19 oob_type=3 shndx=6 fixup=0
MBDBG oob bfd=clock.c.2.o relaxsec=.text.Clock_isr victimsec=.text.microblaze_tc_get_timecount rtype=4 symidx=27 sh_info=27 addend=0x0 oob_shndx=0 oob_type=0 shndx=8 fixup=0
MBDBG oob bfd=clock.c.2.o relaxsec=.text.Clock_isr victimsec=.text._Clock_Initialize rtype=5 symidx=28 sh_info=27 addend=0x0 oob_shndx=1 oob_type=3 shndx=8 fixup=0
MBDBG oob bfd=clock.c.2.o relaxsec=.text.Clock_isr victimsec=.text._Clock_Initialize rtype=5 symidx=29 sh_info=27 addend=0x0 oob_shndx=2 oob_type=3 shndx=8 fixup=0
MBDBG oob bfd=clock.c.2.o relaxsec=.text.Clock_isr victimsec=.text._Clock_Initialize rtype=3 symidx=36 sh_info=27 addend=0x0 oob_shndx=13 oob_type=3 shndx=8 fixup=0
MBDBG oob bfd=clock.c.2.o relaxsec=.text.Clock_isr victimsec=.text._Clock_Initialize rtype=3 symidx=37 sh_info=27 addend=0x0 oob_shndx=15 oob_type=3 shndx=8 fixup=0
MBDBG oob bfd=clock.c.2.o relaxsec=.text.Clock_isr victimsec=.text._Clock_Initialize rtype=3 symidx=36 sh_info=27 addend=0x0 oob_shndx=13 oob_type=3 shndx=8 fixup=0
MBDBG oob bfd=clock.c.2.o relaxsec=.text.Clock_isr victimsec=.text._Clock_Initialize rtype=3 symidx=36 sh_info=27 addend=0x0 oob_shndx=13 oob_type=3 shndx=8 fixup=0
MBDBG oob bfd=clock.c.2.o relaxsec=.text.Clock_isr victimsec=.text._Clock_Initialize rtype=5 symidx=33 sh_info=27 addend=0x0 oob_shndx=8 oob_type=3 shndx=8 fixup=0  <<< GUARD PASSED - CORRUPTING
MBDBG oob bfd=clock.c.2.o relaxsec=.text.Clock_isr victimsec=.text._Clock_Initialize rtype=3 symidx=27 sh_info=27 addend=0x0 oob_shndx=0 oob_type=0 shndx=8 fixup=0
MBDBG oob bfd=clock.c.2.o relaxsec=.text.Clock_isr victimsec=.text._Clock_Initialize rtype=3 symidx=34 sh_info=27 addend=0x0 oob_shndx=10 oob_type=3 shndx=8 fixup=0
MBDBG oob bfd=clock.c.2.o relaxsec=.text.Clock_isr victimsec=.text._Clock_Initialize rtype=3 symidx=38 sh_info=27 addend=0x0 oob_shndx=17 oob_type=3 shndx=8 fixup=0
MBDBG oob bfd=clock.c.2.o relaxsec=.text.Clock_isr victimsec=.text._Clock_Initialize rtype=3 symidx=39 sh_info=27 addend=0x0 oob_shndx=19 oob_type=3 shndx=8 fixup=0
MBDBG oob bfd=clock.c.2.o relaxsec=.text._Clock_Initialize victimsec=.text.microblaze_tc_get_timecount rtype=4 symidx=27 sh_info=27 addend=0x0 oob_shndx=0 oob_type=0 shndx=11 fixup=0
MBDBG oob bfd=clock.c.2.o relaxsec=.text._Clock_Initialize victimsec=.text.Clock_isr rtype=5 symidx=29 sh_info=27 addend=0x0 oob_shndx=2 oob_type=3 shndx=11 fixup=0
MBDBG oob bfd=clock.c.2.o relaxsec=.text._Clock_Initialize victimsec=.text.Clock_isr rtype=5 symidx=29 sh_info=27 addend=0x0 oob_shndx=2 oob_type=3 shndx=11 fixup=0
MBDBG oob bfd=clock.c.2.o relaxsec=.text._Clock_Initialize victimsec=.text.Clock_isr rtype=4 symidx=27 sh_info=27 addend=0x0 oob_shndx=0 oob_type=0 shndx=11 fixup=0
MBDBG oob bfd=clock.c.2.o relaxsec=.text._Clock_Initialize victimsec=.text.Clock_isr rtype=5 symidx=30 sh_info=27 addend=0x0 oob_shndx=3 oob_type=3 shndx=11 fixup=0
MBDBG oob bfd=clock.c.2.o relaxsec=.text._Clock_Initialize victimsec=.text.Clock_isr rtype=3 symidx=31 sh_info=27 addend=0x0 oob_shndx=4 oob_type=3 shndx=11 fixup=0
MBDBG oob bfd=clock.c.2.o relaxsec=.text._Clock_Initialize victimsec=.text.Clock_isr rtype=5 symidx=32 sh_info=27 addend=0x0 oob_shndx=6 oob_type=3 shndx=11 fixup=0
MBDBG oob bfd=clock.c.2.o relaxsec=.text._Clock_Initialize victimsec=.text.Clock_isr rtype=5 symidx=33 sh_info=27 addend=0x0 oob_shndx=8 oob_type=3 shndx=11 fixup=0
MBDBG oob bfd=clock.c.2.o relaxsec=.text._Clock_Initialize victimsec=.text.Clock_isr rtype=4 symidx=27 sh_info=27 addend=0x0 oob_shndx=0 oob_type=0 shndx=11 fixup=0
MBDBG oob bfd=clock.c.2.o relaxsec=.text._Clock_Initialize victimsec=.text.Clock_isr rtype=4 symidx=34 sh_info=27 addend=0x0 oob_shndx=10 oob_type=3 shndx=11 fixup=0
MBDBG oob bfd=clock.c.2.o relaxsec=.text._Clock_Initialize victimsec=.text.Clock_isr rtype=3 symidx=31 sh_info=27 addend=0x0 oob_shndx=4 oob_type=3 shndx=11 fixup=0
MBDBG oob bfd=debug-io.c.2.o relaxsec=.text.output_char victimsec=.text.get_char rtype=3 symidx=23 sh_info=22 addend=0x0 oob_shndx=1 oob_type=3 shndx=5 fixup=0
MBDBG oob bfd=debug-io.c.2.o relaxsec=.text.get_char victimsec=.text.output_char rtype=4 symidx=22 sh_info=22 addend=0x0 oob_shndx=0 oob_type=0 shndx=7 fixup=0
MBDBG oob bfd=debug-io.c.2.o relaxsec=.text.get_char victimsec=.text.output_char rtype=4 symidx=23 sh_info=22 addend=0x0 oob_shndx=1 oob_type=3 shndx=7 fixup=0
MBDBG oob bfd=debug-io.c.2.o relaxsec=.text.get_char victimsec=.text.output_char rtype=4 symidx=22 sh_info=22 addend=0x0 oob_shndx=0 oob_type=0 shndx=7 fixup=0
MBDBG oob bfd=debug-io.c.2.o relaxsec=.text.get_char victimsec=.text.output_char rtype=4 symidx=22 sh_info=22 addend=0x0 oob_shndx=0 oob_type=0 shndx=7 fixup=0
MBDBG oob bfd=irq-generic.c.20.o relaxsec=.text.bsp_interrupt_check_and_lock victimsec=.text.bsp_interrupt_get_dispatch_table_slot rtype=5 symidx=21 sh_info=20 addend=0x0 oob_shndx=1 oob_type=3 shndx=6 fixup=0
MBDBG oob bfd=irq-generic.c.20.o relaxsec=.text.bsp_interrupt_check_and_lock victimsec=.text.bsp_interrupt_entry_find rtype=3 symidx=20 sh_info=20 addend=0x0 oob_shndx=0 oob_type=0 shndx=6 fixup=0
MBDBG oob bfd=irq-generic.c.20.o relaxsec=.text.bsp_interrupt_check_and_lock victimsec=.text.bsp_interrupt_initialize rtype=3 symidx=28 sh_info=20 addend=0x0 oob_shndx=12 oob_type=3 shndx=6 fixup=0
MBDBG oob bfd=irq-generic.c.20.o relaxsec=.text.bsp_interrupt_check_and_lock victimsec=.text.bsp_interrupt_initialize rtype=5 symidx=23 sh_info=20 addend=0x0 oob_shndx=3 oob_type=3 shndx=6 fixup=0
MBDBG oob bfd=irq-generic.c.20.o relaxsec=.text.bsp_interrupt_check_and_lock victimsec=.text.rtems_interrupt_entry_install rtype=5 symidx=23 sh_info=20 addend=0x0 oob_shndx=3 oob_type=3 shndx=6 fixup=0
MBDBG oob bfd=irq-generic.c.20.o relaxsec=.text.bsp_interrupt_check_and_lock victimsec=.text.rtems_interrupt_entry_install rtype=3 symidx=24 sh_info=20 addend=0x0 oob_shndx=4 oob_type=3 shndx=6 fixup=0
MBDBG oob bfd=irq-generic.c.20.o relaxsec=.text.bsp_interrupt_check_and_lock victimsec=.text.rtems_interrupt_entry_install rtype=3 symidx=25 sh_info=20 addend=0x0 oob_shndx=6 oob_type=3 shndx=6 fixup=0  <<< GUARD PASSED - CORRUPTING
MBDBG oob bfd=irq-generic.c.20.o relaxsec=.text.bsp_interrupt_check_and_lock victimsec=.text.rtems_interrupt_entry_install rtype=3 symidx=20 sh_info=20 addend=0x0 oob_shndx=0 oob_type=0 shndx=6 fixup=0
MBDBG oob bfd=irq-generic.c.20.o relaxsec=.text.bsp_interrupt_check_and_lock victimsec=.text.rtems_interrupt_entry_install rtype=3 symidx=20 sh_info=20 addend=0x0 oob_shndx=0 oob_type=0 shndx=6 fixup=0
MBDBG oob bfd=irq-generic.c.20.o relaxsec=.text.bsp_interrupt_check_and_lock victimsec=.text.rtems_interrupt_entry_install rtype=3 symidx=30 sh_info=20 addend=0x0 oob_shndx=15 oob_type=3 shndx=6 fixup=0
MBDBG oob bfd=irq-generic.c.20.o relaxsec=.text.bsp_interrupt_check_and_lock victimsec=.text.rtems_interrupt_entry_install rtype=3 symidx=30 sh_info=20 addend=0x0 oob_shndx=15 oob_type=3 shndx=6 fixup=0
MBDBG oob bfd=irq-generic.c.20.o relaxsec=.text.bsp_interrupt_check_and_lock victimsec=.text.rtems_interrupt_entry_install rtype=3 symidx=30 sh_info=20 addend=0x0 oob_shndx=15 oob_type=3 shndx=6 fixup=0
MBDBG oob bfd=irq-generic.c.20.o relaxsec=.text.bsp_interrupt_check_and_lock victimsec=.text.rtems_interrupt_entry_install rtype=3 symidx=30 sh_info=20 addend=0x0 oob_shndx=15 oob_type=3 shndx=6 fixup=0
MBDBG oob bfd=irq-generic.c.20.o relaxsec=.text.bsp_interrupt_check_and_lock victimsec=.text.rtems_interrupt_entry_install rtype=3 symidx=20 sh_info=20 addend=0x0 oob_shndx=0 oob_type=0 shndx=6 fixup=0
MBDBG oob bfd=irq-generic.c.20.o relaxsec=.text.bsp_interrupt_check_and_lock victimsec=.text.rtems_interrupt_entry_install rtype=3 symidx=31 sh_info=20 addend=0x0 oob_shndx=17 oob_type=3 shndx=6 fixup=0
MBDBG oob bfd=irq-generic.c.20.o relaxsec=.text.bsp_interrupt_check_and_lock victimsec=.text.rtems_interrupt_entry_install rtype=3 symidx=30 sh_info=20 addend=0x0 oob_shndx=15 oob_type=3 shndx=6 fixup=0
MBDBG oob bfd=irq-generic.c.20.o relaxsec=.text.bsp_interrupt_initialize victimsec=.text.bsp_interrupt_get_dispatch_table_slot rtype=5 symidx=21 sh_info=20 addend=0x0 oob_shndx=1 oob_type=3 shndx=10 fixup=0
MBDBG oob bfd=irq-generic.c.20.o relaxsec=.text.bsp_interrupt_initialize victimsec=.text.bsp_interrupt_check_and_lock rtype=5 symidx=23 sh_info=20 addend=0x4 oob_shndx=3 oob_type=3 shndx=10 fixup=0
MBDBG oob bfd=irq-generic.c.20.o relaxsec=.text.bsp_interrupt_initialize victimsec=.text.bsp_interrupt_check_and_lock rtype=4 symidx=24 sh_info=20 addend=0x0 oob_shndx=4 oob_type=3 shndx=10 fixup=0
MBDBG oob bfd=irq-generic.c.20.o relaxsec=.text.bsp_interrupt_initialize victimsec=.text.bsp_interrupt_check_and_lock rtype=3 symidx=25 sh_info=20 addend=0x0 oob_shndx=6 oob_type=3 shndx=10 fixup=0
MBDBG oob bfd=irq-generic.c.20.o relaxsec=.text.bsp_interrupt_initialize victimsec=.text.bsp_interrupt_entry_find rtype=3 symidx=20 sh_info=20 addend=0x0 oob_shndx=0 oob_type=0 shndx=10 fixup=0
MBDBG oob bfd=irq-generic.c.20.o relaxsec=.text.bsp_interrupt_initialize victimsec=.text.rtems_interrupt_entry_install rtype=5 symidx=23 sh_info=20 addend=0x0 oob_shndx=3 oob_type=3 shndx=10 fixup=0
MBDBG oob bfd=irq-generic.c.20.o relaxsec=.text.bsp_interrupt_initialize victimsec=.text.rtems_interrupt_entry_install rtype=3 symidx=24 sh_info=20 addend=0x0 oob_shndx=4 oob_type=3 shndx=10 fixup=0
MBDBG oob bfd=irq-generic.c.20.o relaxsec=.text.bsp_interrupt_initialize victimsec=.text.rtems_interrupt_entry_install rtype=3 symidx=25 sh_info=20 addend=0x0 oob_shndx=6 oob_type=3 shndx=10 fixup=0
MBDBG oob bfd=irq-generic.c.20.o relaxsec=.text.bsp_interrupt_initialize victimsec=.text.rtems_interrupt_entry_install rtype=3 symidx=20 sh_info=20 addend=0x0 oob_shndx=0 oob_type=0 shndx=10 fixup=0
MBDBG oob bfd=irq-generic.c.20.o relaxsec=.text.bsp_interrupt_initialize victimsec=.text.rtems_interrupt_entry_install rtype=3 symidx=20 sh_info=20 addend=0x0 oob_shndx=0 oob_type=0 shndx=10 fixup=0
MBDBG oob bfd=irq-generic.c.20.o relaxsec=.text.bsp_interrupt_initialize victimsec=.text.rtems_interrupt_entry_install rtype=3 symidx=30 sh_info=20 addend=0x0 oob_shndx=15 oob_type=3 shndx=10 fixup=0
MBDBG oob bfd=irq-generic.c.20.o relaxsec=.text.bsp_interrupt_initialize victimsec=.text.rtems_interrupt_entry_install rtype=3 symidx=30 sh_info=20 addend=0x0 oob_shndx=15 oob_type=3 shndx=10 fixup=0
MBDBG oob bfd=irq-generic.c.20.o relaxsec=.text.bsp_interrupt_initialize victimsec=.text.rtems_interrupt_entry_install rtype=3 symidx=30 sh_info=20 addend=0x0 oob_shndx=15 oob_type=3 shndx=10 fixup=0
MBDBG oob bfd=irq-generic.c.20.o relaxsec=.text.bsp_interrupt_initialize victimsec=.text.rtems_interrupt_entry_install rtype=3 symidx=30 sh_info=20 addend=0x0 oob_shndx=15 oob_type=3 shndx=10 fixup=0
MBDBG oob bfd=irq-generic.c.20.o relaxsec=.text.bsp_interrupt_initialize victimsec=.text.rtems_interrupt_entry_install rtype=3 symidx=20 sh_info=20 addend=0x0 oob_shndx=0 oob_type=0 shndx=10 fixup=0
MBDBG oob bfd=irq-generic.c.20.o relaxsec=.text.bsp_interrupt_initialize victimsec=.text.rtems_interrupt_entry_install rtype=3 symidx=31 sh_info=20 addend=0x0 oob_shndx=17 oob_type=3 shndx=10 fixup=0
MBDBG oob bfd=irq-generic.c.20.o relaxsec=.text.bsp_interrupt_initialize victimsec=.text.rtems_interrupt_entry_install rtype=3 symidx=30 sh_info=20 addend=0x0 oob_shndx=15 oob_type=3 shndx=10 fixup=0
MBDBG oob bfd=irq-generic.c.20.o relaxsec=.text.rtems_interrupt_entry_install victimsec=.text.bsp_interrupt_get_dispatch_table_slot rtype=5 symidx=21 sh_info=20 addend=0x0 oob_shndx=1 oob_type=3 shndx=12 fixup=0
MBDBG oob bfd=irq-generic.c.20.o relaxsec=.text.rtems_interrupt_entry_install victimsec=.text.bsp_interrupt_check_and_lock rtype=5 symidx=23 sh_info=20 addend=0x4 oob_shndx=3 oob_type=3 shndx=12 fixup=0
MBDBG oob bfd=irq-generic.c.20.o relaxsec=.text.rtems_interrupt_entry_install victimsec=.text.bsp_interrupt_check_and_lock rtype=4 symidx=24 sh_info=20 addend=0x0 oob_shndx=4 oob_type=3 shndx=12 fixup=0
MBDBG oob bfd=irq-generic.c.20.o relaxsec=.text.rtems_interrupt_entry_install victimsec=.text.bsp_interrupt_check_and_lock rtype=3 symidx=25 sh_info=20 addend=0x0 oob_shndx=6 oob_type=3 shndx=12 fixup=0
MBDBG oob bfd=irq-generic.c.20.o relaxsec=.text.rtems_interrupt_entry_install victimsec=.text.bsp_interrupt_entry_find rtype=3 symidx=20 sh_info=20 addend=0x0 oob_shndx=0 oob_type=0 shndx=12 fixup=0
MBDBG oob bfd=irq-generic.c.20.o relaxsec=.text.rtems_interrupt_entry_install victimsec=.text.bsp_interrupt_initialize rtype=4 symidx=28 sh_info=20 addend=0x0 oob_shndx=12 oob_type=3 shndx=12 fixup=0  <<< GUARD PASSED - CORRUPTING
MBDBG oob bfd=irq-generic.c.20.o relaxsec=.text.rtems_interrupt_entry_install victimsec=.text.bsp_interrupt_initialize rtype=5 symidx=23 sh_info=20 addend=0x0 oob_shndx=3 oob_type=3 shndx=12 fixup=0
MBDBG oob bfd=irq.c.2.o relaxsec=.text.bsp_interrupt_dispatch victimsec=.text.bsp_interrupt_facility_initialize rtype=3 symidx=37 sh_info=27 addend=0x0 oob_shndx=15 oob_type=3 shndx=20 fixup=0
MBDBG oob bfd=testbeginend.c.85.o relaxsec=.text.rtems_test_begin victimsec=.text.rtems_test_end rtype=5 symidx=20 sh_info=18 addend=0x0 oob_shndx=2 oob_type=3 shndx=5 fixup=0
MBDBG oob bfd=testbeginend.c.85.o relaxsec=.text.rtems_test_begin victimsec=.text.rtems_test_end rtype=3 symidx=21 sh_info=18 addend=0x0 oob_shndx=3 oob_type=3 shndx=5 fixup=0
MBDBG oob bfd=testbeginend.c.85.o relaxsec=.text.rtems_test_end victimsec=.text.rtems_test_begin rtype=4 symidx=19 sh_info=18 addend=0x0 oob_shndx=1 oob_type=3 shndx=7 fixup=0
MBDBG oob bfd=testbeginend.c.85.o relaxsec=.text.rtems_test_end victimsec=.text.rtems_test_begin rtype=5 symidx=20 sh_info=18 addend=0x0 oob_shndx=2 oob_type=3 shndx=7 fixup=0
MBDBG oob bfd=testbeginend.c.85.o relaxsec=.text.rtems_test_end victimsec=.text.rtems_test_begin rtype=4 symidx=21 sh_info=18 addend=0x0 oob_shndx=3 oob_type=3 shndx=7 fixup=0
MBDBG oob bfd=testwrappers.c.85.o relaxsec=.text.__wrap_printf victimsec=.text.__wrap_puts rtype=3 symidx=21 sh_info=17 addend=0x0 oob_shndx=4 oob_type=3 shndx=4 fixup=0  <<< GUARD PASSED - CORRUPTING
MBDBG oob bfd=testwrappers.c.85.o relaxsec=.text.__wrap_printf victimsec=.text.__wrap_putchar rtype=3 symidx=21 sh_info=17 addend=0x0 oob_shndx=4 oob_type=3 shndx=4 fixup=0  <<< GUARD PASSED - CORRUPTING
MBDBG oob bfd=threadname.c.59.o relaxsec=.text._Thread_Get_name victimsec=.text._Thread_Set_name rtype=5 symidx=16 sh_info=15 addend=0x0 oob_shndx=1 oob_type=3 shndx=6 fixup=0
MBDBG oob bfd=threadname.c.59.o relaxsec=.text._Thread_Get_name victimsec=.text._Thread_Set_name rtype=3 symidx=17 sh_info=15 addend=0x0 oob_shndx=2 oob_type=3 shndx=6 fixup=0
